normalized_name,n_records,n_domains
consulting,78,78
digital,72,72
it,61,61
smart,57,57
global,52,52
one,50,50
engineering,45,45
cloud,44,44
connect,43,43
cube,42,42
spark,38,38
studio,37,37
core,37,37
vision,36,36
services,34,34
media,33,33
alpha,33,33
next,32,32
link,32,32
data,31,31
code,31,31
bridge,31,31
team,31,31
web,30,30
momentum,30,30
open,30,30
infinity,30,30
quantum,30,30
soft,30,30
design,29,29
solution,29,29
insight,29,29
net,29,29
fusion,28,28
horizon,28,28
pulse,28,28
apex,28,28
matrix,28,28
automation,28,28
bit,27,27
clarity,27,27
nova,26,26
atlas,26,26
prime,26,26
system,26,26
business,26,26
loop,26,26
logic,26,26
edge,25,25
flow,25,25
blue,25,25
bloom,24,24
partners,24,24
control,24,24
engage,24,24
pro,23,23
hive,23,23
pinnacle,23,23
future,23,23
beacon,23,23
enterprise,23,23
interactive,23,23
synergy,23,23
icon,22,22
nexus,22,22
star,22,22
phoenix,22,22
creative,22,22
space,22,22
beam,22,22
blink,22,22
square,21,21
plus,21,21
shift,21,21
axiom,21,21
sigma,21,21
origin,21,21
delta,21,21
evolution,21,21
innovative,21,21
terra,21,21
the,21,21
beyond,21,21
project,21,21
agile,21,21
com,20,20
arc,20,20
titan,20,20
plan,20,20
layer,20,20
reach,20,20
idea,20,20
dynamic,20,20
halo,20,20
evolve,20,20
infotech,20,20
elevate,20,20
squared,19,19
orca,19,19
base,19,19
affinity,19,19
ace,19,19
salt,19,19
clear,19,19
bright,19,19
velocity,19,19
wave,19,19
meta,19,19
rise,19,19
intelligent,19,19
aura,19,19
impact,19,19
think,19,19
point,19,19
vector,19,19
level,19,19
integrated,19,19
research,19,19
atom,18,18
and,18,18
blueprint,18,18
circle,18,18
peak,18,18
ignite,18,18
its,18,18
network,18,18
marketing,18,18
flex,18,18
iris,18,18
source,18,18
gravity,18,18
mobile,18,18
mesh,18,18
mosaic,18,18
factory,17,17
omni,17,17
concept,17,17
aim,17,17
savvy,17,17
innova,17,17
international,17,17
stack,17,17
catalyst,17,17
sphere,17,17
lemon,17,17
nextgen,17,17
leap,17,17
spot,17,17
care,17,17
advanced,17,17
innovation,17,17
summit,17,17
lighthouse,17,17
pivot,17,17
zen,17,17
flare,17,17
inspire,17,17
agency,17,17
go,16,16
works,16,16
sentinel,16,16
compass,16,16
growth,16,16
bits,16,16
paradigm,16,16
fluid,16,16
computer,16,16
genius,16,16
switch,16,16
wise,16,16
info,16,16
forward,16,16
indigo,16,16
dev,16,16
sync,16,16
vital,16,16
virtual,16,16
seed,16,16
simple,16,16
construction,16,16
motion,15,15
grid,15,15
sidekick,15,15
alliance,15,15
app,15,15
id,15,15
secure,15,15
united,15,15
integra,15,15
avalon,15,15
epic,15,15
echo,15,15
nimbus,15,15
company,15,15
athena,15,15
propel,15,15
hyphen,15,15
cyber,15,15
trust,15,15
consultants,15,15
instant,15,15
cornerstone,15,15
new,15,15
quality,15,15
resonance,15,15
networks,15,15
axis,15,15
breeze,15,15
apollo,15,15
scout,15,15
sol,15,15
dash,15,15
rocket,15,15
solve,15,15
genesis,15,15
gen,15,15
integrity,15,15
zero,15,15
block,15,15
tandem,15,15
liquid,15,15
associates,15,15
purple,15,15
energy,15,15
acuity,15,15
learning,15,15
thread,14,14
robin,14,14
mechanical,14,14
honeycomb,14,14
neo,14,14
boost,14,14
opus,14,14
anchor,14,14
encore,14,14
people,14,14
element,14,14
fuse,14,14
aware,14,14
fractal,14,14
trace,14,14
agora,14,14
access,14,14
canopy,14,14
adept,14,14
alchemy,14,14
emerge,14,14
knowledge,14,14
innovate,14,14
be,14,14
applied,14,14
squad,14,14
venture,14,14
adaptive,14,14
triple,14,14
hype,14,14
ideal,14,14
pixel,14,14
octopus,14,14
guru,14,14
power,14,14
aurora,14,14
infinite,14,14
harmony,14,14
fathom,14,14
hatch,14,14
unified,14,14
enterprises,14,14
orbit,14,14
focus,14,14
luna,14,14
sense,14,14
surge,14,14
itec,14,14
pace,14,14
flux,14,14
genie,14,14
ascent,14,14
karma,13,13
eden,13,13
olive,13,13
cubed,13,13
abacus,13,13
nucleus,13,13
boom,13,13
play,13,13
synapse,13,13
ava,13,13
stellar,13,13
orion,13,13
gradient,13,13
brain,13,13
art,13,13
zone,13,13
acumen,13,13
deep,13,13
forge,13,13
medical,13,13
sage,13,13
spectrum,13,13
lucid,13,13
support,13,13
prism,13,13
dot,13,13
pioneer,13,13
ant,13,13
lynx,13,13
robotics,13,13
aspire,13,13
streamline,13,13
clutch,13,13
zest,13,13
strategic,13,13
reveal,13,13
ambit,13,13
human,13,13
five,13,13
tribe,13,13
trinity,13,13
true,13,13
relay,13,13
prompt,13,13
elite,13,13
keystone,13,13
communication,13,13
industrial,13,13
key,13,13
universal,13,13
real,13,13
unlimited,13,13
sprout,12,12
tag,12,12
bio,12,12
foresight,12,12
sirius,12,12
3d,12,12
dive,12,12
sky,12,12
move,12,12
alt,12,12
alloy,12,12
gather,12,12
red,12,12
bi,12,12
argo,12,12
lean,12,12
acs,12,12
galaxy,12,12
communications,12,12
mojo,12,12
ats,12,12
ams,12,12
foundry,12,12
tec,12,12
sea,12,12
development,12,12
minerva,12,12
itech,12,12
stage,12,12
trident,12,12
nebula,12,12
precision,12,12
haystack,12,12
interact,12,12
supernova,12,12
union,12,12
hero,12,12
capture,12,12
carrot,12,12
air,12,12
interface,12,12
frontier,12,12
maia,12,12
dream,12,12
vivid,12,12
puzzle,12,12
planet,12,12
axon,12,12
step,12,12
weave,12,12
nano,12,12
dots,12,12
slice,12,12
fabric,12,12
valley,12,12
factor,12,12
journey,12,12
school,11,11
magic,11,11
empower,11,11
raven,11,11
baseline,11,11
automate,11,11
eva,11,11
act,11,11
dynamo,11,11
avenue,11,11
lift,11,11
bespoke,11,11
jump,11,11
csi,11,11
field,11,11
vibe,11,11
on,11,11
now,11,11
analytics,11,11
cycle,11,11
oasis,11,11
share,11,11
ocean,11,11
swarm,11,11
byte,11,11
swift,11,11
zeal,11,11
create,11,11
advantage,11,11
alfred,11,11
make,11,11
resolve,11,11
mint,11,11
iq,11,11
cypher,11,11
chain,11,11
cobalt,11,11
radix,11,11
prescient,11,11
proximity,11,11
iconnect,11,11
launch,11,11
harvest,11,11
pinpoint,11,11
unify,11,11
pillar,11,11
lumos,11,11
index,11,11
biotech,11,11
guardian,11,11
radar,11,11
kaizen,11,11
active,11,11
volt,11,11
intent,11,11
disco,11,11
urban,11,11
era,11,11
cti,11,11
more,11,11
itc,11,11
portal,11,11
click,11,11
grow,11,11
centric,11,11
sis,11,11
constellation,11,11
pilot,11,11
north,11,11
northstar,11,11
best,11,11
ping,11,11
online,11,11
better,11,11
eos,11,11
zephyr,11,11
kinetic,11,11
symphony,11,11
sensei,11,11
shield,11,11
arch,11,11
max,11,11
build,11,11
forefront,11,11
fluent,11,11
sherpa,11,11
scope,11,11
evo,11,11
spectra,11,11
solid,11,11
matter,11,11
merlin,11,11
k2,11,11
thrive,11,11
atomic,11,11
xpert,11,11
engine,11,11
biz,11,11
neat,11,11
service,11,11
convergent,11,11
drive,11,11
intellect,11,11
we,11,11
forte,11,11
convergence,11,11
force,11,11
pipeline,11,11
firefly,11,11
triton,11,11
cluster,11,11
skynet,11,11
float,11,11
linc,11,11
ahead,11,11
maple,10,10
bamboo,10,10
pay,10,10
ecs,10,10
channel,10,10
buddy,10,10
root,10,10
fulcrum,10,10
helix,10,10
phantom,10,10
first,10,10
traction,10,10
avail,10,10
glue,10,10
top,10,10
track,10,10
work,10,10
blackbox,10,10
invoke,10,10
green,10,10
extreme,10,10
neos,10,10
micro,10,10
agility,10,10
reliant,10,10
double,10,10
station,10,10
hop,10,10
bedrock,10,10
premier,10,10
carbon,10,10
able,10,10
onsite,10,10
metis,10,10
signal,10,10
stream,10,10
drop,10,10
ratio,10,10
playbook,10,10
flip,10,10
easy,10,10
intuitive,10,10
absolute,10,10
cortex,10,10
inside,10,10
shadow,10,10
up,10,10
abstract,10,10
uptime,10,10
solo,10,10
intech,10,10
avenir,10,10
brilliant,10,10
spiral,10,10
risk,10,10
eagle,10,10
upside,10,10
neptune,10,10
for,10,10
mira,10,10
nomad,10,10
jet,10,10
maven,10,10
mars,10,10
mas,10,10
touch,10,10
plato,10,10
tango,10,10
octane,10,10
assembly,10,10
simplified,10,10
fetch,10,10
unity,10,10
proxima,10,10
bold,10,10
enable,10,10
guild,10,10
choice,10,10
simply,10,10
radical,10,10
noesis,10,10
orchid,10,10
monolith,10,10
swan,10,10
sparc,10,10
style,10,10
in,10,10
impulse,10,10
am,10,10
trax,10,10
lotus,10,10
apps,10,10
ethos,10,10
milestone,10,10
hello,10,10
foundation,10,10
joy,10,10
polaris,10,10
wisdom,10,10
diagnostics,10,10
laser,10,10
innotech,10,10
sd,10,10
slingshot,10,10
alto,10,10
metric,10,10
re,10,10
cis,10,10
way,10,10
sandbox,10,10
moment,10,10
connected,10,10
experts,10,10
security,10,10
ctrl,10,10
init,10,10
tempo,10,10
dimension,10,10
vortex,10,10
ripple,10,10
atlantis,10,10
central,10,10
super,10,10
vertical,10,10
vertex,10,10
umbrella,10,10
datum,10,10
waypoint,10,10
maestro,10,10
helios,10,10
tangent,10,10
prodigy,10,10
mind,10,10
stride,10,10
tree,10,10
pangea,10,10
pegasus,10,10
mantra,10,10
industry,10,10
nimble,10,10
pepper,10,10
dcs,10,10
port,10,10
roots,10,10
prosper,10,10
soon,9,9
ingenious,9,9
novel,9,9
ditto,9,9
gate,9,9
health,9,9
eve,9,9
mono,9,9
four,9,9
msp,9,9
safe,9,9
tek,9,9
target,9,9
cosmic,9,9
tap,9,9
spatial,9,9
telos,9,9
blockchain,9,9
simplex,9,9
ait,9,9
positive,9,9
prisma,9,9
tera,9,9
rubix,9,9
biztech,9,9
decision,9,9
sens,9,9
everest,9,9
assist,9,9
sp,9,9
equinox,9,9
md,9,9
attain,9,9
high,9,9
mc,9,9
science,9,9
lambda,9,9
rapid,9,9
advance,9,9
sitec,9,9
mb,9,9
world,9,9
tachyon,9,9
sunrise,9,9
scoop,9,9
amplify,9,9
abs,9,9
maverick,9,9
three,9,9
check,9,9
ingenius,9,9
ti,9,9
3s,9,9
tab,9,9
rivet,9,9
omega,9,9
altitude,9,9
line,9,9
scribe,9,9
sys,9,9
continuum,9,9
altis,9,9
precise,9,9
gaia,9,9
glimpse,9,9
ark,9,9
wings,9,9
verse,9,9
innovision,9,9
versa,9,9
360,9,9
falcon,9,9
amp,9,9
zeta,9,9
slate,9,9
awesome,9,9
torus,9,9
engineers,9,9
seek,9,9
smile,9,9
fleet,9,9
mission,9,9
change,9,9
daydream,9,9
epsilon,9,9
hub,9,9
anvil,9,9
ginger,9,9
zeus,9,9
imagine,9,9
manifest,9,9
response,9,9
management,9,9
verge,9,9
neuron,9,9
see,9,9
ghost,9,9
integration,9,9
cs,9,9
cedar,9,9
pathway,9,9
emerald,9,9
swipe,9,9
tria,9,9
pure,9,9
optima,9,9
computers,9,9
opt,9,9
alice,9,9
quest,9,9
information,9,9
trio,9,9
progress,9,9
stem,9,9
pathfinder,9,9
fast,9,9
hydra,9,9
paragon,9,9
venn,9,9
kiwi,9,9
reliable,9,9
it works,9,9
aether,9,9
ion,9,9
path,9,9
buzz,9,9
context,9,9
pronto,9,9
fuze,9,9
propeller,9,9
onward,9,9
complete,9,9
nudge,9,9
turing,9,9
brick,9,9
butterfly,9,9
twine,9,9
parker,9,9
bounce,9,9
kai,9,9
finch,9,9
nile,9,9
expert,9,9
ultimate,9,9
bond,9,9
industries,9,9
custom,9,9
blackbird,9,9
secure it,9,9
sensible,9,9
voice,9,9
align,9,9
iconic,9,9
radius,9,9
essential,9,9
inventive,9,9
beta,9,9
crew,9,9
ict,9,9
ps,9,9
coral,9,9
bolt,9,9
cogent,9,9
enova,9,9
rally,9,9
visual,9,9
codex,9,9
agilis,9,9
alma,9,9
sapphire,9,9
entropy,9,9
con,9,9
spotlight,9,9
clever,8,8
blend,8,8
nemo,8,8
nexgen,8,8
rival,8,8
leo,8,8
spin,8,8
river,8,8
exigo,8,8
parallel,8,8
driven,8,8
evident,8,8
crm,8,8
cell,8,8
andromeda,8,8
aegis,8,8
ora,8,8
wow,8,8
adapt,8,8
garage,8,8
param,8,8
graphite,8,8
softech,8,8
is,8,8
jigsaw,8,8
process,8,8
astute,8,8
kit,8,8
hyperion,8,8
assemble,8,8
asd,8,8
orange,8,8
merit,8,8
blue sky,8,8
lead,8,8
presto,8,8
native,8,8
meridian,8,8
consulting services,8,8
opal,8,8
specter,8,8
bcs,8,8
consult,8,8
eon,8,8
odin,8,8
crafted,8,8
contrast,8,8
narrative,8,8
merge,8,8
globe,8,8
sentry,8,8
plexus,8,8
dc,8,8
odyssey,8,8
envision,8,8
maya,8,8
ivy,8,8
quorum,8,8
kindred,8,8
luca,8,8
decode,8,8
insync,8,8
eureka,8,8
intouch,8,8
uplift,8,8
squid,8,8
i3,8,8
infinit,8,8
mercury,8,8
nanosoft,8,8
sam,8,8
passage,8,8
glow,8,8
village,8,8
beep,8,8
mode,8,8
pareto,8,8
cubes,8,8
inference,8,8
arete,8,8
two,8,8
roi,8,8
sonar,8,8
sit,8,8
vulcan,8,8
ads,8,8
ibex,8,8
spring,8,8
katalyst,8,8
signature,8,8
ubiq,8,8
griffin,8,8
card,8,8
benchmark,8,8
cardinal,8,8
mega,8,8
overflow,8,8
legal,8,8
predictive,8,8
owl,8,8
notch,8,8
ultra,8,8
orbis,8,8
side,8,8
zing,8,8
modus,8,8
persona,8,8
ascend,8,8
serv,8,8
rox,8,8
integral,8,8
singular,8,8
frame,8,8
acme,8,8
notion,8,8
vox,8,8
sts,8,8
bts,8,8
jam,8,8
test,8,8
kairos,8,8
porter,8,8
willow,8,8
orbital,8,8
praxis,8,8
unicorn,8,8
alex,8,8
leverage,8,8
infrastructure,8,8
ozone,8,8
eleven,8,8
radiant,8,8
kepler,8,8
innovations,8,8
rsi,8,8
catapult,8,8
terminal,8,8
rubicon,8,8
clockwork,8,8
creo,8,8
crescendo,8,8
intelligence,8,8
ar,8,8
ovation,8,8
satori,8,8
blended,8,8
itd,8,8
launchpad,8,8
kaleidoscope,8,8
dms,8,8
qbit,8,8
ascension,8,8
reason,8,8
frontline,8,8
strive,8,8
phase,8,8
eco,8,8
penny,8,8
gecko,8,8
ids,8,8
zenith,8,8
alva,8,8
melon,8,8
smart it,8,8
objective,8,8
midas,8,8
moxie,8,8
envisage,8,8
koala,8,8
liv,8,8
effective,8,8
aligned,8,8
adam,8,8
smarter,8,8
shore,8,8
lava,8,8
crystal,8,8
optimus,8,8
origami,8,8
rev,8,8
av,8,8
mantis,8,8
hubble,8,8
amber,8,8
upstream,8,8
edify,8,8
cove,8,8
jungle,8,8
junction,8,8
candor,8,8
beagle,8,8
realm,8,8
iteam,8,8
sphinx,8,8
marble,8,8
via,8,8
reality,8,8
branch,8,8
canvas,8,8
curiosity,8,8
dynamics,8,8
arcadia,8,8
luma,8,8
consulting engineers,8,8
muse,8,8
marine,8,8
spartan,8,8
magnus,8,8
totem,8,8
orchestra,8,8
eternal,8,8
total,8,8
bodhi,8,8
profound,8,8
rex,8,8
torch,8,8
polygon,8,8
juice,8,8
snap,8,8
all,8,8
rhino,8,8
swish,8,8
albert,8,8
peach,8,8
ready,8,8
storm,8,8
helm,8,8
pineapple,8,8
seven,8,8
newton,8,8
ember,8,8
ds,8,8
seer,8,8
glide,8,8
iron,8,8
horus,8,8
codebase,8,8
dime,8,8
wonder,8,8
synthesis,8,8
pi,8,8
campfire,8,8
skyline,8,8
serendipity,8,8
sentient,7,7
whitespace,7,7
mighty,7,7
grip,7,7
backpack,7,7
age,7,7
aquila,7,7
strike,7,7
presence,7,7
stratum,7,7
greenlight,7,7
civil,7,7
set,7,7
method,7,7
wheelhouse,7,7
citizen,7,7
bud,7,7
concentric,7,7
citadel,7,7
grapevine,7,7
astral,7,7
mentis,7,7
primary,7,7
astra,7,7
galileo,7,7
digit,7,7
shortcut,7,7
grace,7,7
memo,7,7
ss,7,7
gpc,7,7
shuttle,7,7
cps,7,7
ais,7,7
asap,7,7
meg,7,7
aster,7,7
spoke,7,7
good,7,7
gateway,7,7
silk,7,7
birdie,7,7
craft,7,7
gauge,7,7
spectral,7,7
orchard,7,7
speak,7,7
welcome,7,7
priority,7,7
sparta,7,7
sparrow,7,7
go digital,7,7
simplicity,7,7
lumi,7,7
lumin,7,7
lumina,7,7
mec,7,7
centillion,7,7
intrepid,7,7
singularity,7,7
soul,7,7
soteria,7,7
sos,7,7
accent,7,7
emma,7,7
sophia,7,7
maze,7,7
peek,7,7
solv,7,7
global it,7,7
mate,7,7
infra,7,7
crea,7,7
geo,7,7
mass,7,7
made,7,7
delight,7,7
marvel,7,7
social,7,7
ampersand,7,7
eminent,7,7
optix,7,7
markit,7,7
magma,7,7
magna,7,7
eminence,7,7
smb,7,7
zebra,7,7
smash,7,7
smarty,7,7
giraffe,7,7
map,7,7
abc,7,7
mango,7,7
smartlink,7,7
mammoth,7,7
giant,7,7
optimize,7,7
continuity,7,7
profit,7,7
creation,7,7
balance,7,7
progressive,7,7
ally,7,7
prometheus,7,7
influence,7,7
onyx,7,7
ivs,7,7
onpoint,7,7
infini,7,7
elixir,7,7
onit,7,7
volta,7,7
proto,7,7
volo,7,7
void,7,7
japan,7,7
jarvis,7,7
academy,7,7
provision,7,7
exponent,7,7
elements,7,7
vivo,7,7
viva,7,7
onboard,7,7
inception,7,7
inbox,7,7
construct,7,7
comet,7,7
constant,7,7
eye,7,7
punch,7,7
vis,7,7
eko,7,7
imperium,7,7
violet,7,7
eight,7,7
zinc,7,7
vigilant,7,7
vigilance,7,7
view,7,7
almond,7,7
vibrant,7,7
quadrant,7,7
obvious,7,7
vesta,7,7
verve,7,7
oasys,7,7
phenix,7,7
oak,7,7
imago,7,7
converge,7,7
phi,7,7
farm,7,7
cohere,7,7
ventus,7,7
nuvo,7,7
platinum,7,7
ct,7,7
c2,7,7
nubo,7,7
cognitive,7,7
vault,7,7
playground,7,7
cognition,7,7
vantage,7,7
radiance,7,7
cts,7,7
vanguard,7,7
igloo,7,7
brio,7,7
rain,7,7
inspired,7,7
rainmaker,7,7
c3,7,7
valiant,7,7
felix,7,7
ram,7,7
yellow,7,7
cubic,7,7
ed,7,7
identity,7,7
basis,7,7
upright,7,7
nordic,7,7
cadence,7,7
essence,7,7
keeper,7,7
alfa,7,7
ics,7,7
unique,7,7
adroit,7,7
noah,7,7
unicom,7,7
ip,7,7
kernel,7,7
icm,7,7
uni,7,7
plug,7,7
echelon,7,7
unbound,7,7
abode,7,7
ebs,7,7
ibs,7,7
type,7,7
twin,7,7
nexum,7,7
kin,7,7
cam,7,7
kite,7,7
axion,7,7
tru,7,7
paradox,7,7
triumph,7,7
nex,7,7
xl,7,7
pod,7,7
hush,7,7
brand,7,7
aria,7,7
ariadne,7,7
rep,7,7
adm,7,7
parachute,7,7
coda,7,7
tri,7,7
cocoon,7,7
fit,7,7
connectivity,7,7
coco,7,7
trellis,7,7
treehouse,7,7
resolute,7,7
pantheon,7,7
restart,7,7
enigma,7,7
retail,7,7
huddle,7,7
koios,7,7
flair,7,7
flash,7,7
trade,7,7
pando,7,7
pollen,7,7
coach,7,7
touchpoint,7,7
pickle,7,7
cnc,7,7
torque,7,7
netcom,7,7
tomorrow,7,7
24,7,7
together,7,7
toast,7,7
acta,7,7
to,7,7
flint,7,7
neon,7,7
accounting,7,7
riot,7,7
flo,7,7
hope,7,7
bee,7,7
anthem,7,7
pop,7,7
aero,7,7
honest,7,7
time,7,7
tilt,7,7
attune,7,7
roam,7,7
cloudtech,7,7
blueberry,7,7
darwin,7,7
das,7,7
antares,7,7
beem,7,7
accel,7,7
atticus,7,7
blox,7,7
themis,7,7
flyte,7,7
flywheel,7,7
intellisoft,7,7
pie,7,7
ac,7,7
route,7,7
begin,7,7
armor,7,7
royal,7,7
tesseract,7,7
rt,7,7
atria,7,7
hexa,7,7
dolphin,7,7
heroic,7,7
dojo,7,7
doit,7,7
ten,7,7
belong,7,7
tellus,7,7
tell,7,7
s3,7,7
hello world,7,7
footprint,7,7
multi,7,7
forecast,7,7
woodpecker,7,7
cosmos,7,7
leading edge,7,7
dna,7,7
forest,7,7
avid,7,7
sai,7,7
technosoft,7,7
salus,7,7
arrow,7,7
haven,7,7
blaze,7,7
sapiens,7,7
teal,7,7
lemonade,7,7
tcm,7,7
moonlight,7,7
interstellar,7,7
savant,7,7
iss,7,7
harbor,7,7
wit,7,7
tangible,7,7
perspective,7,7
scalable,7,7
scale,7,7
tally,7,7
level up,7,7
talent,7,7
takeoff,7,7
wire,7,7
evergreen,7,7
modern,7,7
direct,7,7
mod,7,7
tact,7,7
liberty,7,7
moby,7,7
inno,7,7
life,7,7
atlantic,7,7
systech,7,7
scs,7,7
syntech,7,7
mm,7,7
digix,7,7
friday,7,7
encompass,7,7
mit,7,7
light,7,7
front,7,7
sedna,7,7
lime,7,7
gt,7,7
limitless,7,7
will,7,7
otto,7,7
lineup,7,7
mindset,7,7
davinci,7,7
grove,7,7
milo,7,7
groundwork,7,7
prelude,7,7
millennium,7,7
sun,7,7
evision,7,7
axle,7,7
ambient,7,7
groove,7,7
apptitude,6,6
blitz,6,6
pal,6,6
metalab,6,6
speakeasy,6,6
oto,6,6
bots,6,6
strada,6,6
aeon,6,6
infratech,6,6
wasabi,6,6
universe,6,6
ami,6,6
diana,6,6
supreme,6,6
tuple,6,6
big,6,6
renaissance,6,6
nextop,6,6
anywhere,6,6
dock,6,6
tudu,6,6
blinq,6,6
daily,6,6
mt,6,6
fore,6,6
ecc,6,6
chorus,6,6
ridge,6,6
picnic,6,6
symbiosis,6,6
ets,6,6
nerd,6,6
glean,6,6
charge,6,6
sima,6,6
mk,6,6
cosmo,6,6
right,6,6
clearview,6,6
renew,6,6
informatica,6,6
pharma,6,6
ttc,6,6
mindtech,6,6
informatics,6,6
cmc,6,6
pia,6,6
nirvana,6,6
next level,6,6
tm,6,6
assurance,6,6
mage,6,6
opportunity,6,6
chronos,6,6
cradle,6,6
clay,6,6
serenity,6,6
mp,6,6
search,6,6
kms,6,6
tst,6,6
mozaic,6,6
kinetix,6,6
ice,6,6
array,6,6
forever,6,6
elife,6,6
apto,6,6
golive,6,6
analytical,6,6
wonderful,6,6
alter,6,6
headway,6,6
hunch,6,6
spider,6,6
exchange,6,6
rio,6,6
dynamix,6,6
sweep,6,6
bluedot,6,6
dma,6,6
form,6,6
soar,6,6
drone,6,6
spike,6,6
technical,6,6
citrus,6,6
rea,6,6
outcome,6,6
ops,6,6
hummingbird,6,6
copilot,6,6
ts,6,6
ceres,6,6
zoom,6,6
voyage,6,6
mash,6,6
digi,6,6
add,6,6
perceptive,6,6
plutus,6,6
spirit,6,6
kingdom,6,6
medius,6,6
next generation,6,6
well,6,6
motive,6,6
flock,6,6
sama,6,6
b2b,6,6
clue,6,6
aion,6,6
jc,6,6
wolf,6,6
rite,6,6
overwatch,6,6
environmental,6,6
place,6,6
split,6,6
finance,6,6
know,6,6
optimate,6,6
samurai,6,6
seeds,6,6
soda,6,6
concierge,6,6
cache,6,6
livetech,6,6
master,6,6
sight,6,6
pearl,6,6
optime,6,6
trusty,6,6
ab,6,6
isolve,6,6
legacy,6,6
ting,6,6
flourish,6,6
sway,6,6
global data,6,6
icore,6,6
cinch,6,6
datavision,6,6
securely,6,6
fortress,6,6
financial,6,6
fortune,6,6
kudos,6,6
convex,6,6
grin,6,6
ample,6,6
alpine,6,6
forum,6,6
sierra,6,6
sapien,6,6
legion,6,6
rize,6,6
fero,6,6
xplore,6,6
fintech,6,6
aiden,6,6
metaphor,6,6
gamma,6,6
drip,6,6
productive,6,6
papaya,6,6
exponential,6,6
cygnus,6,6
upper,6,6
skip,6,6
spruce,6,6
intersoft,6,6
minds,6,6
pebble,6,6
websoft,6,6
atelier,6,6
biomed,6,6
near,6,6
insite,6,6
enki,6,6
optimo,6,6
amaze,6,6
homebase,6,6
matic,6,6
swivel,6,6
pact,6,6
primer,6,6
spur,6,6
ideation,6,6
founder,6,6
worx,6,6
easel,6,6
resolution,6,6
optimum,6,6
empathy,6,6
concrete,6,6
mellow,6,6
si,6,6
swap,6,6
reframe,6,6
it partners,6,6
pm,6,6
ist,6,6
liminal,6,6
ease,6,6
vrs,6,6
blank,6,6
smartify,6,6
smart consulting,6,6
resonate,6,6
aiva,6,6
navi,6,6
fox,6,6
genio,6,6
bluesky,6,6
robo,6,6
resources,6,6
vms,6,6
fluency,6,6
truly,6,6
fix,6,6
kds,6,6
concepts,6,6
neural,6,6
arcade,6,6
tangerine,6,6
ic,6,6
circular,6,6
memory,6,6
regent,6,6
dispatch,6,6
sc,6,6
earth,6,6
monarch,6,6
talos,6,6
aps,6,6
advice,6,6
concord,6,6
a3,6,6
microtech,6,6
integrate,6,6
nextage,6,6
network services,6,6
transition,6,6
transit,6,6
draft,6,6
osmos,6,6
den,6,6
stratos,6,6
conversion,6,6
alta,6,6
insane,6,6
breakthrough,6,6
sk,6,6
celerity,6,6
levelup,6,6
coretech,6,6
scape,6,6
loginet,6,6
national,6,6
catch,6,6
rock,6,6
omnia,6,6
nightingale,6,6
logik,6,6
transcend,6,6
stan,6,6
solutech,6,6
avo,6,6
standard,6,6
m2,6,6
mogul,6,6
therapeutics,6,6
chemical,6,6
dex,6,6
uno,6,6
smartnet,6,6
fly,6,6
xone,6,6
framework,6,6
asset,6,6
somos,6,6
avrio,6,6
hit,6,6
ingenium,6,6
ladder,6,6
lexi,6,6
tailor,6,6
clara,6,6
workspace,6,6
orb,6,6
miracle,6,6
brains,6,6
frankly,6,6
bastion,6,6
sona,6,6
dawn,6,6
retina,6,6
analog,6,6
blu,6,6
grit,6,6
sugar,6,6
ask,6,6
sv,6,6
providence,6,6
adastra,6,6
graph,6,6
freedom,6,6
finder,6,6
cast,6,6
switchboard,6,6
artemis,6,6
namu,6,6
sistemi,6,6
fused,6,6
score,6,6
ways,6,6
theia,6,6
lively,6,6
mesa,6,6
mobius,6,6
lynk,6,6
dotcom,6,6
the company,6,6
coast,6,6
smart automation,6,6
present,6,6
t2,6,6
workshop,6,6
mantle,6,6
generation,6,6
atl,6,6
niche,6,6
nibble,6,6
grasp,6,6
relevance,6,6
loft,6,6
reveel,6,6
nomadic,6,6
siri,6,6
quantic,6,6
pave,6,6
dos,6,6
revel,6,6
ema,6,6
proven,6,6
lodestar,6,6
consensus,6,6
crayon,6,6
verity,6,6
reboot,6,6
hyper,6,6
bravo,6,6
crave,6,6
landmark,6,6
pattern,6,6
inhouse,6,6
aviation,6,6
tgs,6,6
verify,6,6
quanta,6,6
mara,6,6
revenue,6,6
sorted,6,6
zip,6,6
brevity,6,6
area,6,6
crux,6,6
fine,6,6
wingman,6,6
cue,6,6
troy,6,6
juno,6,6
yolo,6,6
verus,6,6
conduit,6,6
colab,6,6
img,6,6
stone,6,6
coherent,6,6
effect,6,6
quartz,6,6
nxg,6,6
blacklight,6,6
just,6,6
sustainable,6,6
brave,6,6
inet,6,6
inline,6,6
flat,6,6
verde,6,6
jireh,6,6
gene,6,6
veracity,6,6
vera,6,6
linear,6,6
smartway,6,6
sunlight,6,6
qualia,6,6
stax,6,6
p3,6,6
inspace,6,6
viable,6,6
north star,6,6
bytes,6,6
focused,6,6
alm,6,6
ventura,6,6
consilium,6,6
polly,6,6
ipro,6,6
altura,6,6
queue,6,6
credo,6,6
qsoft,6,6
collab,6,6
panda,6,6
whale,6,6
vida,6,6
panacea,6,6
autumn,6,6
konnected,6,6
css,6,6
survey,6,6
nurture,6,6
cogo,6,6
tesla,6,6
hi,6,6
met,6,6
revo,6,6
ib,6,6
exact,6,6
xyz,6,6
dia,6,6
enter,6,6
edutech,6,6
ocular,6,6
aer,6,6
lunar,6,6
experience,6,6
lifetime,6,6
invictus,6,6
mark,6,6
vega,6,6
metro,6,6
ecom,6,6
certus,6,6
abl,6,6
action,6,6
conecta,6,6
shape,6,6
int,6,6
fastlane,6,6
seam,6,6
trivium,6,6
pulsar,6,6
above,6,6
parity,6,6
engineering services,6,6
bravura,6,6
outline,6,6
cap,6,6
compute,6,6
deal,6,6
digital marketing,6,6
filo,6,6
mitech,6,6
visionary,6,6
artificial intelligence,6,6
kestrel,6,6
nuage,6,6
bring,6,6
alpha it,6,6
april,6,6
offshore,6,6
pass,6,6
domain,6,6
rabbit,6,6
boon,6,6
curio,6,6
iot,6,6
autonomous,6,6
lattice,6,6
ants,6,6
ohana,6,6
infonet,6,6
variant,6,6
rg,6,6
luminate,6,6
i5,6,6
vantage point,6,6
smt,6,6
mvp,6,6
brainbox,6,6
collective,6,6
select,6,6
kala,6,6
creator,6,6
idata,6,6
arvo,6,6
ignition,6,6
h3,6,6
tripod,6,6
wunder,6,6
perception,6,6
swing,6,6
ok,6,6
herd,6,6
remote,6,6
edit,6,6
value,6,6
cape,6,6
paladin,6,6
f2,6,6
ak,6,6
cloudfirst,6,6
edi,6,6
enovate,6,6
booster,6,6
novus,6,6
rush,6,6
mnemonic,6,6
rainbow,6,6
dt,6,6
virtua,6,6
tools,6,6
audience,6,6
wink,6,6
aptitude,6,6
ccs,6,6
designs,6,6
med,6,6
tonic,6,6
btech,6,6
automotive,6,6
e2e,6,6
dodo,6,6
polymath,6,6
it support,6,6
impower,6,6
valence,6,6
bps,6,6
chirp,6,6
curate,6,6
ramp,6,6
innovatech,6,6
gs,6,6
olio,6,6
vista,6,6
boss,6,6
slash,6,6
pylon,6,6
telescope,6,6
arcane,6,6
business it,6,6
house,6,6
v2,6,6
teleport,6,6
sero,6,6
sparx,6,6
lucy,6,6
self,6,6
multiverse,6,6
karbon,6,6
glass,6,6
ux,6,6
multiply,6,6
olivia,6,6
bagel,5,5
posh,5,5
sims,5,5
hex,5,5
luminous,5,5
lisa,5,5
fomo,5,5
ambar,5,5
geek,5,5
a2z,5,5
breathe,5,5
tenex,5,5
mech,5,5
mecha,5,5
simplify,5,5
tenet,5,5
cj,5,5
tendo,5,5
sparkle,5,5
tenacity,5,5
surf,5,5
chip,5,5
workbench,5,5
dialect,5,5
crafty,5,5
confluence,5,5
enet,5,5
lumen,5,5
ryde,5,5
digital hub,5,5
tella,5,5
s2,5,5
ability,5,5
telesto,5,5
equity,5,5
telecom,5,5
gcs,5,5
caribou,5,5
diamond,5,5
innovare,5,5
helium,5,5
sabi,5,5
gbs,5,5
isi,5,5
anna,5,5
bifrost,5,5
spec,5,5
docket,5,5
goin,5,5
hedge,5,5
foreach,5,5
bird,5,5
safehouse,5,5
goji,5,5
string,5,5
techx,5,5
amt,5,5
do,5,5
digital impact,5,5
spectre,5,5
ms,5,5
safety,5,5
speed,5,5
dns,5,5
techsmart,5,5
pier,5,5
wide,5,5
primus,5,5
datafy,5,5
structure,5,5
mplus,5,5
woo,5,5
foresite,5,5
peloton,5,5
silo,5,5
summer,5,5
ciao,5,5
accelera,5,5
ls,5,5
medical billing,5,5
loyal,5,5
assured,5,5
medicus,5,5
sales,5,5
welink,5,5
cr,5,5
movin,5,5
fork,5,5
forma,5,5
carrier,5,5
spine,5,5
spire,5,5
head,5,5
event,5,5
formative,5,5
wolk,5,5
atmos,5,5
animus,5,5
signify,5,5
wolfpack,5,5
mova,5,5
motus,5,5
powerhouse,5,5
motum,5,5
aix,5,5
motivity,5,5
splash,5,5
datalab,5,5
datalabs,5,5
order,5,5
sign,5,5
techcare,5,5
anima,5,5
spline,5,5
adagio,5,5
bento,5,5
ast,5,5
lore,5,5
hawk,5,5
goose,5,5
backbone,5,5
sand,5,5
innosoft,5,5
fortify,5,5
contego,5,5
emtek,5,5
spotlite,5,5
moove,5,5
loops,5,5
fortis,5,5
sift,5,5
sanity,5,5
moov,5,5
wizards,5,5
piggy,5,5
wiz,5,5
legend,5,5
spread,5,5
cover,5,5
advise,5,5
arrows,5,5
ingame,5,5
clip,5,5
diversified,5,5
ingenia,5,5
td,5,5
sar,5,5
sprint,5,5
moonshot,5,5
emtech,5,5
grs,5,5
cas,5,5
sat,5,5
blast,5,5
foster,5,5
equal,5,5
cascade,5,5
ispace,5,5
found,5,5
as,5,5
satoshi,5,5
empath,5,5
cinnamon,5,5
cipher,5,5
circa,5,5
akira,5,5
squadra,5,5
mello,5,5
squeeze,5,5
sen,5,5
squire,5,5
west,5,5
gp,5,5
ars,5,5
ever,5,5
monitor,5,5
district,5,5
futura,5,5
applica,5,5
conexus,5,5
tapestry,5,5
circles,5,5
memento,5,5
wish,5,5
showcase,5,5
aec,5,5
wiser,5,5
tangle,5,5
pragma,5,5
lithium,5,5
disruptive,5,5
sbs,5,5
display,5,5
outsourced,5,5
wisely,5,5
ender,5,5
talon,5,5
monad,5,5
shout,5,5
logos,5,5
st,5,5
scaleup,5,5
momo,5,5
discovery,5,5
amara,5,5
scan,5,5
bite,5,5
logix,5,5
evolute,5,5
primal,5,5
wired,5,5
moments,5,5
mentor,5,5
talisman,5,5
moka,5,5
grain,5,5
sequel,5,5
schema,5,5
convey,5,5
logics,5,5
handy,5,5
origo,5,5
cit,5,5
bex,5,5
shine,5,5
accelerate,5,5
dataquest,5,5
grape,5,5
arya,5,5
sci,5,5
lite,5,5
tai,5,5
merchant,5,5
artius,5,5
frank,5,5
sep,5,5
agent,5,5
shifter,5,5
datascope,5,5
grapes,5,5
modal,5,5
braid,5,5
cp,5,5
tack,5,5
logical,5,5
logica,5,5
start,5,5
tac,5,5
tabula,5,5
zentek,5,5
lit,5,5
libra,5,5
mero,5,5
itcs,5,5
artera,5,5
ingenuity,5,5
stash,5,5
datasmart,5,5
stat,5,5
fullstack,5,5
sytech,5,5
linq,5,5
halcyon,5,5
systema,5,5
hal,5,5
equator,5,5
premium,5,5
haiku,5,5
efficient,5,5
crypto,5,5
falco,5,5
version,5,5
vero,5,5
coin,5,5
pax,5,5
bynd,5,5
book,5,5
status,5,5
fame,5,5
verified,5,5
quant,5,5
june,5,5
quantum leap,5,5
nymbl,5,5
cohort,5,5
patriot,5,5
imedia,5,5
cohesive,5,5
crunch,5,5
quarks,5,5
jupiter,5,5
js,5,5
faraday,5,5
nx,5,5
converged,5,5
nw,5,5
im,5,5
nvision,5,5
csa,5,5
3i,5,5
empire,5,5
archetype,5,5
quadra,5,5
quad,5,5
nuvola,5,5
invision,5,5
zillion,5,5
quick,5,5
architects,5,5
fresh,5,5
boolean,5,5
agile business,5,5
ilink,5,5
quill,5,5
quilt,5,5
quinn,5,5
bonfire,5,5
ven,5,5
iona,5,5
ego,5,5
archer,5,5
vektor,5,5
ensemble,5,5
quivr,5,5
payd,5,5
steady,5,5
adopt,5,5
conquest,5,5
collaborative,5,5
ikon,5,5
insurance,5,5
jolt,5,5
join,5,5
dimensions,5,5
agm,5,5
office,5,5
cognito,5,5
vin,5,5
vcloud,5,5
education,5,5
kahuna,5,5
plain,5,5
r2,5,5
r3,5,5
vayu,5,5
stealth,5,5
bracket,5,5
sdc,5,5
cto,5,5
raccoon,5,5
collect,5,5
playmaker,5,5
abt,5,5
nss,5,5
nsi,5,5
mobi,5,5
radian,5,5
fearless,5,5
kale,5,5
vip,5,5
collide,5,5
radio,5,5
steer,5,5
brink,5,5
virgo,5,5
edison,5,5
cross,5,5
valor,5,5
okapi,5,5
business services,5,5
raindrop,5,5
diligent,5,5
payme,5,5
baobab,5,5
pyxis,5,5
se,5,5
feel,5,5
novo,5,5
ahoy,5,5
empirical,5,5
digital consulting,5,5
fello,5,5
ies,5,5
ink,5,5
color,5,5
novem,5,5
digital media,5,5
virtual it,5,5
rand,5,5
plaza,5,5
range,5,5
oliver,5,5
cody,5,5
brisk,5,5
bash,5,5
business intelligence,5,5
cron,5,5
oso,5,5
eddy,5,5
jit,5,5
idm,5,5
basic,5,5
nous,5,5
notus,5,5
idesign,5,5
push,5,5
raptor,5,5
partner it,5,5
ecube,5,5
virtue,5,5
improve,5,5
olympus,5,5
inspira,5,5
virtus,5,5
uptick,5,5
yoyo,5,5
interlock,5,5
omada,5,5
business continuity,5,5
business consulting,5,5
visible,5,5
aw,5,5
ravel,5,5
avant,5,5
cactus,5,5
allies,5,5
critical,5,5
elastic,5,5
ray,5,5
idealogic,5,5
omi,5,5
cumulus,5,5
bridger,5,5
in2,5,5
combine,5,5
arca,5,5
upgrade,5,5
bob,5,5
borealis,5,5
bos,5,5
mj,5,5
rcs,5,5
extranet,5,5
rd,5,5
mixer,5,5
inbound,5,5
pss,5,5
kd,5,5
ida,5,5
psp,5,5
react,5,5
cure,5,5
kea,5,5
vita,5,5
omnium,5,5
keen,5,5
pse,5,5
crisp,5,5
vito,5,5
incite,5,5
keep,5,5
synchro,5,5
keepers,5,5
bay,5,5
extend,5,5
unknown,5,5
curious,5,5
viv,5,5
plot,5,5
crimson,5,5
elementary,5,5
jd,5,5
bms,5,5
oneclick,5,5
node,5,5
onecloud,5,5
unit,5,5
noble,5,5
commit,5,5
ecm,5,5
rebase,5,5
uniq,5,5
vnext,5,5
synaptic,5,5
aline,5,5
jasper,5,5
adex,5,5
cake,5,5
fika,5,5
ags,5,5
credit,5,5
cursor,5,5
protocol,5,5
digital convergence,5,5
clearspace,5,5
unicode,5,5
it consulting,5,5
undo,5,5
volume,5,5
sec,5,5
nit,5,5
uncommon,5,5
mill,5,5
bluwave,5,5
ipath,5,5
record,5,5
fin,5,5
recovery,5,5
ipay,5,5
ec,5,5
brite,5,5
industrial services,5,5
nine,5,5
onesource,5,5
arcus,5,5
community,5,5
comnet,5,5
caliber,5,5
one system,5,5
icare,5,5
ineo,5,5
author,5,5
arbor,5,5
redbrick,5,5
yuzu,5,5
plum,5,5
aicon,5,5
redd,5,5
ibridge,5,5
vsoft,5,5
ubitech,5,5
ubiquity,5,5
ipcom,5,5
arena,5,5
authentic,5,5
elite automation,5,5
companion,5,5
ibis,5,5
prospect,5,5
prosource,5,5
twist,5,5
kickstart,5,5
elite web,5,5
aida,5,5
w3,5,5
evolv,5,5
twig,5,5
brix,5,5
bound,5,5
ennova,5,5
allo,5,5
props,5,5
ground,5,5
cws,5,5
bitnet,5,5
kind,5,5
tutor,5,5
tusk,5,5
propoint,5,5
aurum,5,5
onramp,5,5
alive,5,5
hyre,5,5
proper,5,5
ap,5,5
callisto,5,5
xr,5,5
broad,5,5
bluestar,5,5
tsg,5,5
pluto,5,5
cyan,5,5
hyperspace,5,5
ivory,5,5
watch,5,5
oodles,5,5
complete it,5,5
epm,5,5
reflect,5,5
calyx,5,5
complex,5,5
bluesoft,5,5
kinship,5,5
trusted,5,5
exon,5,5
cyber defense,5,5
inflow,5,5
truffle,5,5
parasol,5,5
aces,5,5
infocom,5,5
blueshift,5,5
truenorth,5,5
earlybird,5,5
exo,5,5
wavy,5,5
xpand,5,5
guidance,5,5
conversant,5,5
ipower,5,5
pmt,5,5
fio,5,5
consultancy,5,5
section,5,5
pci,5,5
relevant,5,5
itx,5,5
wear,5,5
allware,5,5
weaver,5,5
altek,5,5
epicenter,5,5
trove,5,5
tron,5,5
etch,5,5
openmind,5,5
emagine,5,5
reload,5,5
camp,5,5
creative business,5,5
pivotal,5,5
box,5,5
mis,5,5
cybernet,5,5
hybrid,5,5
remarkable,5,5
ce,5,5
xlab,5,5
klever,5,5
nexa,5,5
projects,5,5
metasoft,5,5
pocket,5,5
argus,5,5
sterling,5,5
computech,5,5
remix,5,5
remo,5,5
remora,5,5
adn,5,5
campus,5,5
zap,5,5
corex,5,5
it solution,5,5
e2,5,5
swyft,5,5
web design,5,5
podium,5,5
cds,5,5
can,5,5
stg,5,5
cooper,5,5
it services,5,5
blue planet,5,5
trim,5,5
trilogy,5,5
alcor,5,5
aya,5,5
outbound,5,5
metaverse,5,5
trigger,5,5
newlogic,5,5
knack,5,5
miris,5,5
b2,5,5
excelsior,5,5
dynamik,5,5
stitch,5,5
informed,5,5
optic,5,5
knot,5,5
tribute,5,5
optimal,5,5
bullseye,5,5
triangle,5,5
aptus,5,5
august,5,5
triad,5,5
para,5,5
infosoft,5,5
bluenote,5,5
perch,5,5
lightning,5,5
analytic,5,5
itps,5,5
emergent,5,5
resilience,5,5
trend,5,5
mirai,5,5
webstudio,5,5
os,5,5
bindr,5,5
mana,5,5
managed,5,5
smart data,5,5
resource,5,5
infotek,5,5
enco,5,5
cynosure,5,5
manager,5,5
responsive,5,5
alphabyte,5,5
stn,5,5
kode,5,5
btc,5,5
kodex,5,5
xenia,5,5
networking,5,5
beans,5,5
dx,5,5
giga,5,5
advanced engineering,5,5
optio,5,5
enhance,5,5
rethink,5,5
emi,5,5
smart business,5,5
trail,5,5
manna,5,5
chameleon,5,5
get it,5,5
flamingo,5,5
procyon,5,5
netstar,5,5
mainstream,5,5
mainstay,5,5
aerospace,5,5
stock,5,5
derive,5,5
stoic,5,5
bluelight,5,5
demand,5,5
reverse,5,5
revert,5,5
hts,5,5
marco,5,5
acorn,5,5
get,5,5
pollux,5,5
delve,5,5
touchstone,5,5
revival,5,5
cdm,5,5
setup,5,5
revolution,5,5
sme,5,5
magpie,5,5
audit,5,5
market,5,5
webworx,5,5
arista,5,5
fleming,5,5
bim,5,5
magnifi,5,5
rewind,5,5
hr,5,5
d3,5,5
smpl,5,5
sensor,5,5
torpedo,5,5
torii,5,5
amigo,5,5
duality,5,5
dts,5,5
magnet,5,5
topia,5,5
4sight,5,5
kore,5,5
netcloud,5,5
capella,5,5
hover,5,5
kosmos,5,5
tomi,5,5
chaos,5,5
polymer,5,5
webx,5,5
slang,5,5
greenfield,5,5
innovo,5,5
kp,5,5
capital,5,5
peritus,5,5
desk,5,5
today,5,5
amped,5,5
cmd,5,5
aloha,5,5
envoy,5,5
glider,5,5
right click,5,5
lili,5,5
metronome,5,5
axe,5,5
magellan,5,5
bluefin,5,5
tmc,5,5
whitebox,5,5
daisy,5,5
pongo,5,5
destiny,5,5
wecare,5,5
axel,5,5
engineering consulting,5,5
sns,5,5
ringo,5,5
page,5,5
cm,5,5
artifact,5,5
piper,5,5
exceed,5,5
titanium,5,5
wps,5,5
mae,5,5
limber,5,5
glint,5,5
martech,5,5
madison,5,5
hopscotch,5,5
society,5,5
deus,5,5
innovent,5,5
wecode,5,5
ksoft,5,5
skylark,5,5
skylab,5,5
convert,5,5
bluecube,5,5
mason,5,5
activo,5,5
socrates,5,5
mast,5,5
advanced technical,5,5
capsule,5,5
dante,5,5
charm,5,5
global engineering,5,5
genomics,5,5
civic,5,5
built,5,5
needle,5,5
timeline,5,5
nectar,5,5
amplifi,5,5
woven,5,5
sesame,5,5
rm,5,5
whiz,5,5
tim,5,5
agr,5,5
kura,5,5
tier,5,5
tie,5,5
tide,5,5
ncs,5,5
dreams,5,5
thunderbolt,5,5
naya,5,5
holo,5,5
global network,5,5
analytika,5,5
mabel,5,5
engin,5,5
skill,5,5
bpm,5,5
bios,5,5
genisys,5,5
third eye,5,5
attollo,5,5
flox,5,5
fluence,5,5
solidus,5,5
thinktech,5,5
thinktank,5,5
pack,5,5
solis,5,5
think tank,5,5
innovative it,5,5
nava,5,5
thinksmart,5,5
dart,5,5
brainstorm,5,5
thinker,5,5
robotic,5,5
conductor,5,5
m3,5,5
mavericks,5,5
flutter,5,5
pencil,5,5
solomon,5,5
robust,5,5
labo,5,5
solstice,5,5
solu,5,5
weel,5,5
solutio,5,5
hitech,5,5
dovetail,5,5
mink,5,5
pac,5,5
dcm,5,5
roger,5,5
theo,5,5
lyric,5,5
digital transformation,5,5
dexter,5,5
roll,5,5
site,5,5
amplio,5,5
sisu,5,5
hindsight,5,5
peer,5,5
na,5,5
the collective,5,5
intro,5,5
laminar,5,5
isc,5,5
sora,5,5
bloks,5,5
ans,5,5
land,5,5
general,5,5
thalamus,5,5
armada,5,5
altum,5,5
highrise,5,5
mia,5,5
texture,5,5
highfive,5,5
round,5,5
highbrow,5,5
focal,5,5
intrinsic,5,5
gsi,5,5
language,5,5
further,5,5
anova,5,5
sion,5,5
babel,5,5
dg,5,5
lantern,5,5
inter,5,5
american,5,5
at,5,5
mcs,5,5
altus,5,5
chief,5,5
bpo,5,5
rpm,5,5
lara,5,5
deepsight,5,5
done,5,5
chime,5,5
me,5,5
spaces,5,5
geeks,5,5
simulation,5,5
serve,5,5
folio,5,5
rtc,5,5
atrium,5,5
oyster,5,5
oxygen,5,5
aime,5,5
diagonal,5,5
fuel,5,5
pos,5,5
poseidon,5,5
terminus,5,5
latitude,5,5
goat,5,5
mural,4,4
peruse,4,4
pesto,4,4
petal,4,4
aditi,4,4
pg,4,4
epica,4,4
intercept,4,4
pharos,4,4
controls,4,4
axioma,4,4
epiphany,4,4
phix,4,4
interlink,4,4
phoenix consulting,4,4
photon,4,4
interon,4,4
interop,4,4
pico,4,4
interplay,4,4
pid,4,4
intersect,4,4
equality,4,4
pim,4,4
convo,4,4
equilibrium,4,4
er,4,4
alltech,4,4
cool,4,4
ergo,4,4
pi square,4,4
eri,4,4
pit,4,4
coordinate,4,4
erp,4,4
adler,4,4
copious,4,4
error,4,4
invent,4,4
erudite,4,4
es,4,4
brightside,4,4
pixie,4,4
cor,4,4
apsis,4,4
plane,4,4
invisible,4,4
planit,4,4
plank,4,4
involve,4,4
invox,4,4
esign,4,4
esm,4,4
esmart,4,4
plasma,4,4
esolutions,4,4
platypus,4,4
aztec,4,4
core consulting,4,4
ionix,4,4
pledge,4,4
core information,4,4
plex,4,4
esr,4,4
ess,4,4
iov,4,4
est,4,4
plural,4,4
plus one,4,4
plusone,4,4
broadband,4,4
et,4,4
ipos,4,4
pmx,4,4
ips,4,4
pogo,4,4
corner,4,4
b2e,4,4
corporate,4,4
eti,4,4
iquest,4,4
pollinate,4,4
poly,4,4
correct,4,4
polymorph,4,4
irix,4,4
irm,4,4
b3,4,4
pond,4,4
ponder,4,4
brothers,4,4
etu,4,4
euclid,4,4
irs,4,4
irys,4,4
brox,4,4
portable,4,4
corvus,4,4
iseek,4,4
potion,4,4
powder coating,4,4
isolutions,4,4
ison,4,4
bsi,4,4
eventual,4,4
ppt,4,4
eventus,4,4
practical,4,4
count,4,4
practice,4,4
pragmatic,4,4
bst,4,4
alp,4,4
ita,4,4
evernet,4,4
every,4,4
predict,4,4
prediction,4,4
itconnect,4,4
premise,4,4
bubble,4,4
prescience,4,4
press,4,4
cowork,4,4
prestige,4,4
pricing,4,4
prim,4,4
itest,4,4
itex,4,4
itg,4,4
evox,4,4
primo,4,4
iti,4,4
builders,4,4
badger,4,4
exa,4,4
itk,4,4
privacy,4,4
ara,4,4
itm,4,4
crater,4,4
it management,4,4
proactive,4,4
itmc,4,4
probe,4,4
probit,4,4
probity,4,4
admin,4,4
proceed,4,4
ito,4,4
admiral,4,4
procomm,4,4
itos,4,4
itp,4,4
procure,4,4
bulletproof,4,4
it professionals,4,4
productiv,4,4
products,4,4
create it,4,4
prodx,4,4
creatify,4,4
profusion,4,4
executive,4,4
itsm,4,4
alpha code,4,4
creations,4,4
pro it,4,4
itss,4,4
bump,4,4
bunch,4,4
exergy,4,4
proline,4,4
itw,4,4
itware,4,4
creative it,4,4
bundle,4,4
promenade,4,4
promethean,4,4
ivo,4,4
creative web,4,4
proov,4,4
exp,4,4
aca,4,4
prophecy,4,4
proptech,4,4
propulsion,4,4
ix,4,4
prosperity,4,4
cred,4,4
protagonist,4,4
protean,4,4
protect,4,4
protos,4,4
crema,4,4
proweb,4,4
cresco,4,4
express,4,4
jelly,4,4
psi,4,4
pst,4,4
pts,4,4
banter,4,4
pull,4,4
pulley,4,4
jidoka,4,4
business dna,4,4
banyan,4,4
ez,4,4
pursuit,4,4
jm,4,4
q2,4,4
qara,4,4
jnet,4,4
crosscheck,4,4
butler,4,4
fable,4,4
qi,4,4
crossing,4,4
fabricating,4,4
fabriq,4,4
jointly,4,4
fabtech,4,4
jolly,4,4
jones,4,4
crowd,4,4
josh,4,4
qr,4,4
faction,4,4
qsolutions,4,4
joyn,4,4
crown,4,4
qu,4,4
barometer,4,4
jp,4,4
jr,4,4
bx,4,4
juggle,4,4
jugo,4,4
juicebox,4,4
fairway,4,4
byond,4,4
agx,4,4
jumo,4,4
byron,4,4
jumpstart,4,4
fanbase,4,4
basalt,4,4
quasar,4,4
far,4,4
qube,4,4
architech,4,4
queo,4,4
query,4,4
agyl,4,4
farsight,4,4
csn,4,4
csp,4,4
jvr,4,4
cst,4,4
fastech,4,4
architecture,4,4
quiq,4,4
quiver,4,4
quix,4,4
quixotic,4,4
k3,4,4
quokka,4,4
fast forward,4,4
ctc,4,4
fast track,4,4
c2c,4,4
fave,4,4
ctm,4,4
archive,4,4
rad,4,4
feather,4,4
rafiki,4,4
kana,4,4
femto,4,4
random,4,4
ranger,4,4
kapture,4,4
cubit,4,4
basil,4,4
karta,4,4
ras,4,4
culture,4,4
rattle,4,4
adrem,4,4
kat,4,4
rays,4,4
katch,4,4
raz,4,4
razor,4,4
rbs,4,4
kb,4,4
alphatech,4,4
rds,4,4
kcs,4,4
curator,4,4
curie,4,4
realize,4,4
realtime,4,4
current,4,4
reborn,4,4
kern,4,4
reco,4,4
reconnect,4,4
fina,4,4
keyhole,4,4
keysoft,4,4
ardent,4,4
find,4,4
calico,4,4
findr,4,4
cutting edge,4,4
call,4,4
aide,4,4
fingertips,4,4
fingo,4,4
red ocean,4,4
kilo,4,4
redox,4,4
cx,4,4
redshift,4,4
kinetics,4,4
redwood,4,4
reef,4,4
argent,4,4
refine,4,4
bct,4,4
cyber cloud,4,4
reflex,4,4
camber,4,4
refresh,4,4
regatta,4,4
altech,4,4
reindeer,4,4
kismet,4,4
cambium,4,4
relai,4,4
relate,4,4
cambrian,4,4
kites,4,4
argon,4,4
fira,4,4
argonaut,4,4
klar,4,4
relive,4,4
cami,4,4
rem,4,4
remedia,4,4
remi,4,4
bdp,4,4
cyberone,4,4
kloud,4,4
remy,4,4
ren,4,4
klutch,4,4
canary,4,4
firstly,4,4
renovo,4,4
cyborg,4,4
candid,4,4
knight,4,4
knit,4,4
fiscal,4,4
represent,4,4
republic,4,4
reputation,4,4
cyclops,4,4
fisheye,4,4
res,4,4
candle,4,4
reservoir,4,4
cynch,4,4
kobalt,4,4
restech,4,4
restore,4,4
kodo,4,4
canny,4,4
retain,4,4
beanstalk,4,4
retrace,4,4
koko,4,4
flagship,4,4
flame,4,4
komodo,4,4
3rdi,4,4
koncept,4,4
revi,4,4
konekt,4,4
revio,4,4
flawless,4,4
fledge,4,4
d2,4,4
revolt,4,4
canvs,4,4
revup,4,4
flexa,4,4
koop,4,4
aristi,4,4
capacity,4,4
aristotle,4,4
rhodium,4,4
rhythm,4,4
daedalus,4,4
ribbon,4,4
rich,4,4
flexr,4,4
dai,4,4
kpi,4,4
ride,4,4
adtech,4,4
kraftwerk,4,4
dain,4,4
rift,4,4
flexy,4,4
flick,4,4
flink,4,4
riley,4,4
arize,4,4
dajo,4,4
capitol,4,4
ris,4,4
kronos,4,4
capsa,4,4
kryptos,4,4
floki,4,4
rits,4,4
riva,4,4
kube,4,4
kubo,4,4
rivo,4,4
kulture,4,4
kumo,4,4
kw,4,4
roadmap,4,4
dark horse,4,4
roar,4,4
kyte,4,4
robot,4,4
car,4,4
altr,4,4
caravel,4,4
rocketship,4,4
labyrinth,4,4
rodeo,4,4
lagom,4,4
roost,4,4
flyx,4,4
rosa,4,4
roster,4,4
lango,4,4
roundtable,4,4
foco,4,4
rove,4,4
lantech,4,4
armory,4,4
laplace,4,4
rs,4,4
rs automation,4,4
rsc,4,4
datachain,4,4
lasso,4,4
bell,4,4
latent,4,4
caret,4,4
lateral,4,4
rubik,4,4
datacube,4,4
rune,4,4
runtime,4,4
data driven,4,4
cargo,4,4
accela,4,4
ryan,4,4
ryze,4,4
layer3,4,4
layerx,4,4
advanced computer,4,4
layup,4,4
lazarus,4,4
carl,4,4
datafruit,4,4
saffron,4,4
saga,4,4
carmen,4,4
sages,4,4
leadr,4,4
sail,4,4
leaf,4,4
aims,4,4
activ,4,4
league,4,4
carousel,4,4
leapfrog,4,4
formation,4,4
data insight,4,4
data intelligence,4,4
arrive,4,4
sami,4,4
fort,4,4
sanctuary,4,4
carter,4,4
aimy,4,4
beon,4,4
sands,4,4
fortitude,4,4
arrowhead,4,4
fortuna,4,4
amalgam,4,4
datamart,4,4
legato,4,4
datametrics,4,4
sarus,4,4
datamind,4,4
datamix,4,4
casa,4,4
lens,4,4
saturn,4,4
founders,4,4
case,4,4
datanet,4,4
savi,4,4
less,4,4
let,4,4
datanext,4,4
say,4,4
berry,4,4
sbit,4,4
besafe,4,4
scala,4,4
lev,4,4
scalar,4,4
levels,4,4
scantech,4,4
artech,4,4
lever,4,4
scarlet,4,4
data pro,4,4
datapro,4,4
sciences,4,4
scientific,4,4
scio,4,4
scm,4,4
cassini,4,4
freeform,4,4
freeman,4,4
script,4,4
castor,4,4
sct,4,4
aio,4,4
lifeline,4,4
cat,4,4
life science,4,4
sdx,4,4
seal,4,4
best practice,4,4
lightbox,4,4
secret,4,4
sector,4,4
secured,4,4
securetech,4,4
lightstream,4,4
ligo,4,4
securus,4,4
lilac,4,4
articulate,4,4
limbic,4,4
limelight,4,4
seen,4,4
artificial,4,4
seesaw,4,4
fts,4,4
sei,4,4
seismic,4,4
cayenne,4,4
lingo,4,4
cb,4,4
seller,4,4
dauntless,4,4
sema,4,4
semantic,4,4
linkit,4,4
semble,4,4
david,4,4
links,4,4
linku,4,4
full stack,4,4
bevy,4,4
day,4,4
sensing,4,4
cbs,4,4
fun,4,4
lion,4,4
day one,4,4
funnel,4,4
cc,4,4
dayspring,4,4
sentier,4,4
sentio,4,4
db,4,4
fusion consulting,4,4
dba,4,4
listo,4,4
cci,4,4
sepal,4,4
sepia,4,4
literal,4,4
sequence,4,4
dbc,4,4
sequent,4,4
litmus,4,4
little,4,4
serene,4,4
dbs,4,4
ccr,4,4
server,4,4
future media,4,4
futureproof,4,4
futures,4,4
liven,4,4
servus,4,4
futuristic,4,4
lmc,4,4
sf,4,4
sfera,4,4
lms,4,4
ambitious,4,4
shade,4,4
de,4,4
shake,4,4
g2,4,4
g4,4,4
ga,4,4
share it,4,4
locker,4,4
gage,4,4
locus,4,4
arwen,4,4
debut,4,4
deca,4,4
shepherd,4,4
sherlock,4,4
gala,4,4
galactica,4,4
logicloud,4,4
decent,4,4
ship,4,4
decibel,4,4
logis,4,4
decipher,4,4
logit,4,4
show,4,4
gambit,4,4
bhive,4,4
london,4,4
lonestar,4,4
sia,4,4
siam,4,4
deco,4,4
sid,4,4
sidebar,4,4
sidekicks,4,4
loom,4,4
gaming,4,4
asana,4,4
advanced it,4,4
sightline,4,4
dedomena,4,4
lotic,4,4
loud,4,4
signet,4,4
ame,4,4
gataca,4,4
sila,4,4
loyalty,4,4
silver,4,4
silverback,4,4
ltc,4,4
cen,4,4
ascendant,4,4
sim,4,4
simbiosys,4,4
simmer,4,4
deepen,4,4
gd,4,4
gdm,4,4
ludus,4,4
lulo,4,4
ge,4,4
gear,4,4
simplicit,4,4
simplify it,4,4
center,4,4
simtec,4,4
simtech,4,4
lumo,4,4
gekko,4,4
lunchbox,4,4
gem,4,4
gemba,4,4
gemini,4,4
singleton,4,4
deepview,4,4
deep vision,4,4
deepx,4,4
luxy,4,4
accendo,4,4
centre,4,4
lydia,4,4
lydian,4,4
siro,4,4
big picture,4,4
centricity,4,4
sistemas,4,4
genesis consulting,4,4
six,4,4
advanced process,4,4
sj,4,4
ma,4,4
centum,4,4
skills,4,4
mach,4,4
skipper,4,4
machine,4,4
macro,4,4
delegate,4,4
skycom,4,4
bild,4,4
maddox,4,4
cerebro,4,4
geometric,4,4
asg,4,4
maf,4,4
skystream,4,4
skyware,4,4
asgard,4,4
asi,4,4
magnitude,4,4
slik,4,4
mai,4,4
amino,4,4
mainline,4,4
smartapps,4,4
major,4,4
smartcloud,4,4
smartcom,4,4
make it,4,4
smart digital,4,4
denovo,4,4
smartek,4,4
malama,4,4
mambo,4,4
managed it,4,4
chai,4,4
smartlab,4,4
manas,4,4
manatee,4,4
gigabit,4,4
manifold,4,4
smartr,4,4
mansa,4,4
manta,4,4
smartsoft,4,4
manufacturing,4,4
smartup,4,4
smart vision,4,4
margin,4,4
gist,4,4
ammunition,4,4
gkc,4,4
designlab,4,4
glacier,4,4
asp,4,4
snap it,4,4
aspen,4,4
snb,4,4
snippet,4,4
snowball,4,4
snowfall,4,4
marquee,4,4
snr,4,4
soapbox,4,4
chariot,4,4
detect,4,4
social media,4,4
actus,4,4
soco,4,4
aspida,4,4
develop,4,4
mat,4,4
develop it,4,4
softcom,4,4
matcha,4,4
softec,4,4
matchbox,4,4
materialize,4,4
a1,4,4
softone,4,4
biome,4,4
matica,4,4
chatterbox,4,4
softworks,4,4
soho,4,4
solace,4,4
checkmate,4,4
mauna,4,4
global soft,4,4
soli,4,4
assert,4,4
checkpoint,4,4
mavens,4,4
solor,4,4
maxim,4,4
maxima,4,4
solus,4,4
maximus,4,4
dev team,4,4
cheetah,4,4
airspace,4,4
soluzione,4,4
globit,4,4
maxus,4,4
maxwell,4,4
soma,4,4
mayday,4,4
sonic,4,4
mbi,4,4
sonora,4,4
amplus,4,4
cheq,4,4
biota,4,4
sortd,4,4
mck,4,4
sotech,4,4
gmedia,4,4
mcloud,4,4
mcm,4,4
dfusion,4,4
dgs,4,4
dharma,4,4
mdb,4,4
southern,4,4
mdi,4,4
dhi,4,4
sova,4,4
sozo,4,4
measured,4,4
dialog,4,4
sparkwise,4,4
airtime,4,4
sparq,4,4
chiral,4,4
spearhead,4,4
median,4,4
speck,4,4
birddog,4,4
dice,4,4
mediate,4,4
chronicle,4,4
cicada,4,4
spice,4,4
dig,4,4
spiffy,4,4
digerati,4,4
spika,4,4
bis,4,4
splice,4,4
digicomm,4,4
digicorp,4,4
goodwork,4,4
airwork,4,4
gopher,4,4
spoton,4,4
gorilla,4,4
sprinter,4,4
spry,4,4
cio,4,4
got it,4,4
asterisk,4,4
melio,4,4
asteroid,4,4
meliora,4,4
governance,4,4
squirrel,4,4
sr,4,4
digio,4,4
src,4,4
ana,4,4
srm,4,4
ssi,4,4
sta,4,4
stacks,4,4
bites,4,4
stake,4,4
stalwart,4,4
aitec,4,4
starboard,4,4
granular,4,4
stardust,4,4
digital automation,4,4
star it,4,4
stark,4,4
starlight,4,4
starling,4,4
graphene,4,4
abel,4,4
startup,4,4
anagram,4,4
grata,4,4
digital catalyst,4,4
digital communication,4,4
gravitas,4,4
steel,4,4
graviton,4,4
astro,4,4
grayscale,4,4
grc,4,4
stems,4,4
digitalcube,4,4
metanoia,4,4
step up,4,4
stepwise,4,4
analysis,4,4
sti,4,4
stimulus,4,4
city,4,4
digital engineering,4,4
greendata,4,4
greener,4,4
storia,4,4
stork,4,4
metrics,4,4
story,4,4
cityscan,4,4
metrix,4,4
digital factory,4,4
mettle,4,4
green it,4,4
strata,4,4
mg,4,4
ad,4,4
stratosphere,4,4
async,4,4
civils,4,4
ada,4,4
streams,4,4
digital health,4,4
strider,4,4
striker,4,4
strix,4,4
greenwave,4,4
micrologic,4,4
micron,4,4
biva,4,4
grey,4,4
gri,4,4
studios,4,4
mid,4,4
middleware,4,4
accesspoint,4,4
clairvoyant,4,4
bizdata,4,4
clap,4,4
migo,4,4
gro,4,4
success,4,4
suitable,4,4
clarify,4,4
mile,4,4
miles,4,4
digital minds,4,4
groundhog,4,4
sundial,4,4
sunflower,4,4
groundswell,4,4
digital natives,4,4
groundup,4,4
sunshine,4,4
biznet,4,4
mimic,4,4
mimo,4,4
digital people,4,4
mindful,4,4
superior,4,4
mindlabs,4,4
clarus,4,4
bizpro,4,4
supersoft,4,4
digital service,4,4
supplier,4,4
mindsight,4,4
supra,4,4
mine,4,4
gsc,4,4
minimal,4,4
atg,4,4
mino,4,4
swapp,4,4
sweet,4,4
gti,4,4
gts,4,4
swiftly,4,4
mirage,4,4
blackbelt,4,4
digiteam,4,4
mirror,4,4
sy,4,4
digitech,4,4
anda,4,4
guide,4,4
miso,4,4
clearpath,4,4
symbio,4,4
symmetry,4,4
athena security,4,4
synaps,4,4
gurusoft,4,4
mits,4,4
ajax,4,4
mix,4,4
syndicate,4,4
synergi,4,4
synergy consulting,4,4
h2,4,4
h2h,4,4
accion,4,4
dina,4,4
habitat,4,4
clerk,4,4
abi,4,4
mobilus,4,4
mobit,4,4
tabit,4,4
table,4,4
mobix,4,4
clevr,4,4
dirac,4,4
tactic,4,4
model,4,4
hammer,4,4
hand,4,4
direct data,4,4
modo,4,4
direction,4,4
blacksmith,4,4
modulo,4,4
mole,4,4
talentx,4,4
molecule,4,4
momento,4,4
tana,4,4
blanc,4,4
monet,4,4
distinct,4,4
money,4,4
distributed,4,4
taptap,4,4
hark,4,4
tara,4,4
clik,4,4
monk,4,4
monsoon,4,4
harness,4,4
harper,4,4
montage,4,4
monto,4,4
monument,4,4
monumental,4,4
hash,4,4
divergent,4,4
moola,4,4
tc,4,4
tca,4,4
tcc,4,4
tda,4,4
accon,4,4
moonwalk,4,4
hatchery,4,4
divine,4,4
cliq,4,4
team it,4,4
morpheus,4,4
atman,4,4
hawkeye,4,4
teamwork,4,4
adaptiv,4,4
clock,4,4
haymaker,4,4
mosaique,4,4
techbridge,4,4
techcom,4,4
motif,4,4
motiv,4,4
motiva,4,4
motor,4,4
techhive,4,4
dlabs,4,4
motto,4,4
mountain,4,4
accord,4,4
he,4,4
techne,4,4
dm,4,4
moveo,4,4
closure,4,4
technik,4,4
technix,4,4
techno,4,4
heal,4,4
technomax,4,4
mozaik,4,4
cloud9,4,4
dnn,4,4
techstar,4,4
techsys,4,4
heard,4,4
hearme,4,4
msi,4,4
techworks,4,4
heartland,4,4
hedgehog,4,4
tectonic,4,4
mu,4,4
bliss,4,4
blit,4,4
multimedia,4,4
cloudcom,4,4
helo,4,4
munch,4,4
cloud consulting,4,4
mura,4,4
personify,4,4
tely,4,4
tempest,4,4
tempus,4,4
tenera,4,4
tenjin,4,4
tentacle,4,4
heroes,4,4
my,4,4
mycelium,4,4
anomaly,4,4
mycroft,4,4
ternary,4,4
domo,4,4
hey,4,4
donna,4,4
blocks,4,4
testing,4,4
myriad,4,4
door,4,4
doorstep,4,4
highlight,4,4
doozy,4,4
doppler,4,4
mytec,4,4
mytower,4,4
cloud it services,4,4
the bridge,4,4
hike,4,4
nable,4,4
nabu,4,4
hilo,4,4
answer,4,4
the glue,4,4
the hive,4,4
the house,4,4
hint,4,4
blossom,4,4
the next,4,4
the one,4,4
theory,4,4
cloud plus,4,4
hitch,4,4
cloudpoint,4,4
downstream,4,4
dox,4,4
theseus,4,4
nash,4,4
theta,4,4
nat,4,4
blue bay,4,4
nation,4,4
dps,4,4
things,4,4
atto,4,4
nativa,4,4
thinkers,4,4
cloudsoft,4,4
thinking,4,4
nature,4,4
dragonfly,4,4
nav,4,4
thinkup,4,4
thinkwise,4,4
bluebird,4,4
bluebit,4,4
thirdeye,4,4
attract,4,4
navigate,4,4
hoken,4,4
navigo,4,4
hold,4,4
holistic,4,4
alan,4,4
holos,4,4
nd,4,4
dreamteam,4,4
tigris,4,4
bluecloud,4,4
drift,4,4
homies,4,4
antenna,4,4
necto,4,4
cloudx,4,4
hook,4,4
clover,4,4
anthill,4,4
tiro,4,4
tis,4,4
hopper,4,4
drivr,4,4
horizons,4,4
hornet,4,4
droplet,4,4
hospitality,4,4
tmm,4,4
cma,4,4
druid,4,4
nephos,4,4
dsc,4,4
dsi,4,4
dsm,4,4
nest,4,4
token,4,4
hound,4,4
dsr,4,4
nestor,4,4
audax,4,4
tome,4,4
toolbox,4,4
howdy,4,4
netcorp,4,4
topline,4,4
hps,4,4
torchlight,4,4
hq,4,4
netgain,4,4
tortoise,4,4
cmv,4,4
total it,4,4
hs,4,4
albus,4,4
toucan,4,4
touchbase,4,4
netline,4,4
bluekey,4,4
tower,4,4
cns,4,4
tps,4,4
netra,4,4
hti,4,4
tracer,4,4
tracker,4,4
htx,4,4
trackit,4,4
dux,4,4
tract,4,4
netsol,4,4
netsolution,4,4
netsource,4,4
coalition,4,4
trailblazer,4,4
coastline,4,4
netvision,4,4
netwave,4,4
trans,4,4
blue logic,4,4
transdata,4,4
hudson,4,4
bluemind,4,4
network security,4,4
hugo,4,4
neu,4,4
huma,4,4
humain,4,4
travel,4,4
neuro,4,4
cobe,4,4
cobot,4,4
treat,4,4
dycon,4,4
dyme,4,4
bluenet,4,4
neurotech,4,4
treeline,4,4
neutrino,4,4
neutron,4,4
newage,4,4
treo,4,4
newco,4,4
coconut,4,4
new frontier,4,4
tribes,4,4
blueocean,4,4
tribu,4,4
tribus,4,4
anytech,4,4
new media,4,4
trigo,4,4
code3,4,4
codea,4,4
added,4,4
hurdle,4,4
new standard,4,4
newvision,4,4
new wave,4,4
e3,4,4
codeblock,4,4
blue ridge,4,4
codebox,4,4
nexion,4,4
eai,4,4
hypercell,4,4
nexsys,4,4
true north,4,4
trunk,4,4
nexteam,4,4
trustnet,4,4
nextep,4,4
addis,4,4
tsc,4,4
next it,4,4
tsi,4,4
nextlab,4,4
tsr,4,4
tts,4,4
hypr,4,4
codeit,4,4
aleph,4,4
bluestream,4,4
hyve,4,4
tunnel,4,4
i2,4,4
turbine,4,4
apc,4,4
i2i,4,4
next stage,4,4
next vision,4,4
easypay,4,4
ia,4,4
twelve,4,4
aurus,4,4
blue tree,4,4
ape,4,4
addition,4,4
ebase,4,4
uberall,4,4
ngt,4,4
ubik,4,4
ubique,4,4
ubiquitous,4,4
uc,4,4
nice,4,4
ebi,4,4
af,4,4
ug,4,4
ui,4,4
ebiz,4,4
codeo,4,4
icarus,4,4
uma,4,4
ninja,4,4
auto,4,4
uncharted,4,4
ecco,4,4
code red,4,4
icg,4,4
bm,4,4
apex global,4,4
bme,4,4
unico,4,4
nm,4,4
eclipse,4,4
iconcept,4,4
unio,4,4
nobi,4,4
unison,4,4
iconsulting,4,4
unite,4,4
united business,4,4
icr,4,4
noetic,4,4
automata,4,4
unravel,4,4
nonstop,4,4
affine,4,4
noon,4,4
untitled,4,4
norby,4,4
upay,4,4
upbeat,4,4
apical,4,4
normal,4,4
upfront,4,4
ecosystem,4,4
upmarket,4,4
ecotech,4,4
upscale,4,4
idee,4,4
uptop,4,4
nostra,4,4
nota,4,4
upward,4,4
notable,4,4
us,4,4
usa,4,4
edata,4,4
nourish,4,4
idi,4,4
utopia,4,4
novae,4,4
algo,4,4
novasoft,4,4
va,4,4
novateur,4,4
novatio,4,4
novation,4,4
novelty,4,4
iet,4,4
validity,4,4
valkyrie,4,4
cogito,4,4
ig,4,4
igenius,4,4
iglobe,4,4
nplus,4,4
vanquish,4,4
edo,4,4
igo,4,4
vapor,4,4
variable,4,4
nt,4,4
vasco,4,4
cognitio,4,4
vast,4,4
nts,4,4
iio,4,4
nubix,4,4
ikigai,4,4
numeric,4,4
vehicle,4,4
vela,4,4
cognizance,4,4
afi,4,4
velvet,4,4
ee,4,4
nuvem,4,4
efa,4,4
illuminate,4,4
auxi,4,4
coherence,4,4
ima,4,4
image,4,4
imagina,4,4
nybble,4,4
coho,4,4
bonsai,4,4
veritas,4,4
verite,4,4
verne,4,4
verso,4,4
versus,4,4
vert,4,4
auxilium,4,4
vertice,4,4
vertigo,4,4
object,4,4
vertis,4,4
verum,4,4
eflow,4,4
vest,4,4
eg,4,4
egen,4,4
octave,4,4
video,4,4
egloo,4,4
immortal,4,4
apolo,4,4
avalanche,4,4
offline,4,4
collate,4,4
og,4,4
collected,4,4
alif,4,4
collinear,4,4
okay,4,4
impetus,4,4
virtu,4,4
ola,4,4
avance,4,4
virtualize,4,4
impressive,4,4
abp,4,4
ollie,4,4
boot,4,4
avani,4,4
elara,4,4
ims,4,4
avante,4,4
omg,4,4
imt,4,4
vision it,4,4
border,4,4
visor,4,4
visualize,4,4
bosco,4,4
omniscient,4,4
incept,4,4
inceptive,4,4
vitamin,4,4
electronics,4,4
vitesse,4,4
comit,4,4
elegance,4,4
vits,4,4
oncloud,4,4
command,4,4
alike,4,4
incontext,4,4
commerce,4,4
ag,4,4
incube,4,4
ind,4,4
elev8,4,4
eleva,4,4
bot,4,4
elevated,4,4
one digital,4,4
elevation,4,4
elevator,4,4
indico,4,4
onekey,4,4
indigital,4,4
eli,4,4
onepage,4,4
again,4,4
onepoint,4,4
vouch,4,4
communis,4,4
onesolution,4,4
one source,4,4
vr,4,4
inertia,4,4
oneup,4,4
onex,4,4
onion,4,4
boundary,4,4
infield,4,4
compendium,4,4
wafer,4,4
boundless,4,4
infina,4,4
wai,4,4
walden,4,4
infinite loop,4,4
wandr,4,4
ontarget,4,4
warp,4,4
elm,4,4
watchdog,4,4
complete information,4,4
elo,4,4
watermelon,4,4
watr,4,4
openair,4,4
elsa,4,4
wavelength,4,4
wavenet,4,4
waves,4,4
wavetech,4,4
infocus,4,4
appify,4,4
wb,4,4
infogen,4,4
weav,4,4
infolink,4,4
agave,4,4
aventure,4,4
opensoft,4,4
embed,4,4
open source,4,4
informa,4,4
opentech,4,4
openweb,4,4
operational,4,4
opero,4,4
embrace,4,4
opine,4,4
information services,4,4
emd,4,4
web media,4,4
computer services,4,4
emergence,4,4
webstep,4,4
web studio,4,4
computing,4,4
webtech,4,4
option,4,4
infoway,4,4
weco,4,4
wedoit,4,4
applaud,4,4
emissary,4,4
aaron,4,4
emm,4,4
emotion,4,4
wello,4,4
wellspring,4,4
infuse,4,4
ingage,4,4
emotive,4,4
ingenio,4,4
ori,4,4
ortus,4,4
whistle,4,4
concert,4,4
concerto,4,4
white label,4,4
white rabbit,4,4
initiative,4,4
initio,4,4
osl,4,4
ems,4,4
otis,4,4
wildcard,4,4
encircle,4,4
wilson,4,4
win,4,4
cone,4,4
inmind,4,4
encode,4,4
inn,4,4
innersense,4,4
winston,4,4
outpost,4,4
conexa,4,4
wip,4,4
innobrain,4,4
wireless,4,4
endeavor,4,4
outsourcing,4,4
endless,4,4
with,4,4
over,4,4
wits,4,4
endor,4,4
wizard,4,4
endurance,4,4
confidence,4,4
oversight,4,4
innotek,4,4
energent,4,4
ovo,4,4
apply,4,4
owen,4,4
avidity,4,4
avion,4,4
oxon,4,4
conflux,4,4
innovation engineering,4,4
oy,4,4
enfold,4,4
workia,4,4
enforce,4,4
enfuse,4,4
alliance global,4,4
brainsoft,4,4
innovative network,4,4
paco,4,4
wrk,4,4
avit,4,4
pai,4,4
innovis,4,4
pair,4,4
palette,4,4
wyze,4,4
palm,4,4
innowave,4,4
paloma,4,4
adhoc,4,4
avn,4,4
connections,4,4
pangaea,4,4
xen,4,4
panther,4,4
panzer,4,4
paperplane,4,4
xi,4,4
brainy,4,4
parade,4,4
connect media,4,4
enjin,4,4
parallax,4,4
ins,4,4
inscope,4,4
allied,4,4
parcel,4,4
enlighten,4,4
approach,4,4
insight consulting,4,4
xtend,4,4
connectus,4,4
park,4,4
xtreme,4,4
insightful,4,4
4d,4,4
insights,4,4
parlor,4,4
xy,4,4
parrot,4,4
connex,4,4
connexion,4,4
parth,4,4
yana,4,4
enroute,4,4
conquer,4,4
yes,4,4
inspiring,4,4
inspiro,4,4
ensight,4,4
brandspeak,4,4
enso,4,4
patch,4,4
patel,4,4
yobi,4,4
yoda,4,4
instapay,4,4
ensys,4,4
yotta,4,4
you,4,4
youknow,4,4
entech,4,4
consilient,4,4
adim,4,4
paygo,4,4
intact,4,4
payment,4,4
intec,4,4
paynet,4,4
yuno,4,4
pb,4,4
integrated it,4,4
zappy,4,4
pds,4,4
integrated security,4,4
integrated services,4,4
peacock,4,4
pec,4,4
integritas,4,4
peel,4,4
ax,4,4
peers,4,4
aci,4,4
contact,4,4
zentech,4,4
breakwater,4,4
zepto,4,4
contento,4,4
zero gravity,4,4
zerone,4,4
zero one,4,4
zeroone,4,4
zesty,4,4
zetta,4,4
enviro,4,4
peppermint,4,4
pera,4,4
intelligent design,4,4
zipline,4,4
percipient,4,4
peregrine,4,4
breezy,4,4
perfect,4,4
performa,4,4
performance,4,4
zodiac,4,4
acid,4,4
intellisense,4,4
envolve,4,4
intellisys,4,4
peridot,4,4
zooma,4,4
periscope,4,4
ztech,4,4
zulu,4,4
acies,4,4
adit,4,4
perseus,4,4
zylon,4,4
zync,4,4
live,3,3
strings,3,3
bitz,3,3
liva,3,3
digital imaging,3,3
orson,3,3
serious,3,3
biu,3,3
employ,3,3
digital insight,3,3
microlab,3,3
conceptual,3,3
greenwood,3,3
whee,3,3
struct,3,3
structa,3,3
wheel,3,3
greg,3,3
serenus,3,3
structured,3,3
micropoint,3,3
adage,3,3
serendip,3,3
microsec,3,3
stryde,3,3
dbm,3,3
serban,3,3
stt,3,3
coworks,3,3
microsys,3,3
serac,3,3
atama,3,3
ccn,3,3
sequoia,3,3
lithic,3,3
microtek,3,3
orthogonal,3,3
orthos,3,3
grib,3,3
studium,3,3
study,3,3
microvision,3,3
microvista,3,3
lithe,3,3
gridd,3,3
brightbox,3,3
digital management,3,3
sepio,3,3
styl,3,3
seo services,3,3
gridline,3,3
oryx,3,3
whirlwind,3,3
listen,3,3
midnight,3,3
whisp,3,3
stylus,3,3
itek,3,3
gridworks,3,3
midpoint,3,3
evolution marketing,3,3
seo content,3,3
seo,3,3
dazzle,3,3
ambient it,3,3
subsea,3,3
aivia,3,3
empo,3,3
bewise,3,3
sentia,3,3
ate,3,3
substrate,3,3
zelf,3,3
groma,3,3
white,3,3
bizgo,3,3
sudo,3,3
mikro,3,3
suffix,3,3
funix,3,3
sugarcube,3,3
oscar,3,3
zoi,3,3
suite,3,3
mila,3,3
dayone,3,3
sultan,3,3
itecs,3,3
groov,3,3
pion,3,3
liquid design,3,3
sumit,3,3
summ,3,3
milestone consulting,3,3
sensus,3,3
fundamental,3,3
daylight,3,3
summit consulting,3,3
ambi,3,3
daybreak,3,3
millenium,3,3
atec,3,3
presight,3,3
senso,3,3
cbn,3,3
sunbeam,3,3
sunbird,3,3
sundance,3,3
sunday,3,3
prequel,3,3
anaya,3,3
bubl,3,3
equo,3,3
bubbles,3,3
sensia,3,3
white leaf,3,3
sunny,3,3
million,3,3
sensi,3,3
initech,3,3
linnk,3,3
initial,3,3
sensara,3,3
aivot,3,3
suntek,3,3
davis,3,3
contour,3,3
artisense,3,3
superagent,3,3
agrega,3,3
superb,3,3
zolo,3,3
equipt,3,3
seneca,3,3
sendy,3,3
mindbox,3,3
supercode,3,3
fullhouse,3,3
superfan,3,3
artisan,3,3
minded,3,3
digital planet,3,3
bizpay,3,3
mindflow,3,3
itcore,3,3
superhuman,3,3
clark,3,3
growit,3,3
allora,3,3
a2,3,3
linksoft,3,3
mindlab,3,3
superluminal,3,3
allen,3,3
atek,3,3
empulse,3,3
class,3,3
send,3,3
digital republic,3,3
mindmax,3,3
superpay,3,3
evlos,3,3
linko,3,3
classify,3,3
emr,3,3
supersonic,3,3
grow up,3,3
premier construction,3,3
fullcircle,3,3
semion,3,3
supervision,3,3
bizsoft,3,3
artis,3,3
linkin,3,3
full,3,3
advising,3,3
supplai,3,3
digital solution,3,3
aquifer,3,3
supply,3,3
gruppo,3,3
it concept,3,3
dave,3,3
mindstack,3,3
support it,3,3
linkers,3,3
betterworld,3,3
cba,3,3
itcon,3,3
mindup,3,3
linkage,3,3
supremo,3,3
aj,3,3
sure,3,3
mindwave,3,3
activation,3,3
digital strategy,3,3
digital studio,3,3
gsb,3,3
mindz,3,3
surety,3,3
ling,3,3
surface,3,3
sekoia,3,3
inka,3,3
surplus,3,3
surreal,3,3
mined,3,3
dato,3,3
evio,3,3
surya,3,3
gsd,3,3
mineral,3,3
datlas,3,3
seis,3,3
adalia,3,3
linea,3,3
minima,3,3
oss,3,3
sutro,3,3
minimax,3,3
segment,3,3
clearbot,3,3
seetrue,3,3
gsoft,3,3
gsr,3,3
linchpin,3,3
lina,3,3
sv infotech,3,3
clearbox,3,3
minmax,3,3
ossa,3,3
bizzy,3,3
cavalry,3,3
betterplace,3,3
whoosh,3,3
seekers,3,3
zenbase,3,3
amba,3,3
gtec,3,3
swat,3,3
gtech,3,3
limbo,3,3
digital vision,3,3
lima,3,3
cats,3,3
why,3,3
datech,3,3
prefix,3,3
sweetspot,3,3
swell,3,3
digital wave,3,3
sweven,3,3
cleardata,3,3
sedulous,3,3
gtr,3,3
it company,3,3
bk,3,3
bkm,3,3
guac,3,3
prefab,3,3
swift media,3,3
minus,3,3
minutes,3,3
black,3,3
amb,3,3
guard,3,3
amazing,3,3
swirl,3,3
ancora,3,3
datax,3,3
swiss,3,3
swiss it,3,3
catenate,3,3
better future,3,3
switchback,3,3
datawise,3,3
fruitful,3,3
frost,3,3
mirada,3,3
guardian it,3,3
wia,3,3
lightspark,3,3
secure networks,3,3
osta,3,3
swoon,3,3
digital world,3,3
catalyze,3,3
lightmatter,3,3
catalytic,3,3
sws,3,3
miro,3,3
frontech,3,3
wib,3,3
mirra,3,3
secur,3,3
inkle,3,3
miru,3,3
btn,3,3
frontdoor,3,3
3c,3,3
itcc,3,3
sycamore,3,3
lighter,3,3
evet,3,3
guideline,3,3
syft,3,3
osys,3,3
andata,3,3
missing link,3,3
arti,3,3
ot,3,3
arthur,3,3
fringe,3,3
gulf,3,3
gulf coast,3,3
athena consulting,3,3
it care,3,3
digitize,3,3
symbiose,3,3
datatrust,3,3
symbiosys,3,3
mister,3,3
symbiotic,3,3
lig,3,3
symbl,3,3
gumption,3,3
black dog,3,3
symmetric,3,3
bestsoft,3,3
widetech,3,3
seattle,3,3
sympl,3,3
symple,3,3
miter,3,3
digitouch,3,3
mithra,3,3
otech,3,3
liftoff,3,3
friends,3,3
acetech,3,3
season,3,3
mito,3,3
synapses,3,3
synapsis,3,3
synapsys,3,3
synaptek,3,3
seas,3,3
inlet,3,3
cook,3,3
everywhere,3,3
searchlight,3,3
cleartech,3,3
synch,3,3
friend,3,3
enabler,3,3
synchronicity,3,3
seamless,3,3
mixin,3,3
advisors,3,3
advisory,3,3
syncly,3,3
miyagi,3,3
sealing,3,3
gwd,3,3
syncro,3,3
sealed,3,3
artha,3,3
digiworks,3,3
datatech,3,3
enabling,3,3
ml,3,3
brainbot,3,3
black forest,3,3
gyde,3,3
digon,3,3
synergies,3,3
advisr,3,3
synergist,3,3
seachange,3,3
gyre,3,3
mmb,3,3
dii,3,3
freya,3,3
andgo,3,3
synergy billing,3,3
agile it,3,3
otter,3,3
mmk,3,3
mmp,3,3
mms,3,3
predictiva,3,3
synergy services,3,3
arth,3,3
sds,3,3
dill,3,3
synet,3,3
amass,3,3
dima,3,3
mo,3,3
fresnel,3,3
sdlc,3,3
datastreams,3,3
ab engineering,3,3
sda,3,3
syntax,3,3
datastream,3,3
haai,3,3
castus,3,3
synth,3,3
wildfire,3,3
sculpt,3,3
scube,3,3
everyware,3,3
habit,3,3
predicta,3,3
hack,3,3
cleo,3,3
3w,3,3
it business,3,3
fresco,3,3
advanced digital,3,3
castle,3,3
hackr,3,3
hai,3,3
scroll,3,3
syscom,3,3
syscon,3,3
syscons,3,3
mobilio,3,3
atium,3,3
andrews,3,3
syslab,3,3
syslink,3,3
mobilise,3,3
mobility,3,3
ab solution,3,3
systec,3,3
advanced data,3,3
freewill,3,3
data sports,3,3
mobilize,3,3
lifeboat,3,3
hala,3,3
arteria,3,3
williams,3,3
systemic,3,3
screen,3,3
mobio,3,3
mobiplus,3,3
clevermind,3,3
dataspark,3,3
mobisoft,3,3
syte,3,3
scratch,3,3
evertech,3,3
t1,3,3
castellum,3,3
hallo,3,3
t3,3,3
t4,3,3
freeplay,3,3
libris,3,3
ta,3,3
taa,3,3
taal,3,3
taap,3,3
freely,3,3
castaway,3,3
scorpion,3,3
halo digital,3,3
willo,3,3
itb,3,3
dioptra,3,3
inmar,3,3
aino,3,3
tabs,3,3
scopic,3,3
advoco,3,3
moca,3,3
scope engineering,3,3
pegaso,3,3
freed,3,3
li,3,3
tackle,3,3
axoft,3,3
moco,3,3
datasense,3,3
pegasys,3,3
dataseed,3,3
hamilton,3,3
tactical edge,3,3
free,3,3
modality,3,3
hamlet,3,3
tactics,3,3
datasec,3,3
precision medical,3,3
zuper,3,3
hammerhead,3,3
tactus,3,3
lexy,3,3
tada,3,3
cass,3,3
data science,3,3
tagbox,3,3
blackridge,3,3
modern it,3,3
hanabi,3,3
black river,3,3
itas,3,3
windmill,3,3
window,3,3
adapta,3,3
windsor,3,3
modular,3,3
caspr,3,3
taiga,3,3
pelago,3,3
encom,3,3
caspian,3,3
tailored,3,3
data recovery,3,3
tailwind,3,3
modulus,3,3
tak,3,3
casper,3,3
handoff,3,3
take2,3,3
handprint,3,3
blackstar,3,3
take it,3,3
lex,3,3
levo,3,3
levitate,3,3
scholar,3,3
disaster,3,3
mogu,3,3
schnell,3,3
disc,3,3
hannah,3,3
discern,3,3
tala,3,3
levers,3,3
fraktal,3,3
discom,3,3
moja,3,3
moji,3,3
adwise,3,3
fragment,3,3
scenic,3,3
hanzo,3,3
hapi,3,3
moksha,3,3
mol,3,3
atlas consulting,3,3
pelican,3,3
covalence,3,3
tales,3,3
wingmen,3,3
tali,3,3
talio,3,3
scene,3,3
molfar,3,3
molten,3,3
happening,3,3
scenario,3,3
momenta,3,3
coval,3,3
talkie,3,3
scatter,3,3
level one,3,3
momentum engineering,3,3
fraction,3,3
level consulting,3,3
mona,3,3
cashmere,3,3
besco,3,3
scaled,3,3
leucine,3,3
aneo,3,3
happly,3,3
scai,3,3
datapeople,3,3
tamarack,3,3
acclaro,3,3
sbx,3,3
disrupt,3,3
blair,3,3
it ally,3,3
tanda,3,3
letter,3,3
let talk,3,3
datapath,3,3
bes,3,3
accelerant,3,3
sbi,3,3
amana,3,3
let me know,3,3
tangram,3,3
client,3,3
tanuki,3,3
wingu,3,3
4u,3,3
distill,3,3
cash,3,3
tape,3,3
arsen,3,3
precision engineering,3,3
fourth dimension,3,3
client services,3,3
eversec,3,3
italia,3,3
hardhat,3,3
tapp,3,3
winn,3,3
distribution,3,3
moni,3,3
savvi,3,3
monico,3,3
monit,3,3
cova,3,3
savr,3,3
italent,3,3
innergy,3,3
foursquare,3,3
breakpoint,3,3
innerspace,3,3
fourier,3,3
climate,3,3
tark,3,3
save,3,3
monoceros,3,3
harmonic,3,3
a2s,3,3
fountain,3,3
task,3,3
tasker,3,3
taskflow,3,3
fount,3,3
angle,3,3
monospace,3,3
winsoft,3,3
bt,3,3
monster,3,3
savage,3,3
zenit,3,3
leonardo,3,3
tau,3,3
outloud,3,3
taurus,3,3
blank space,3,3
sav,3,3
sauce,3,3
foundational,3,3
everon,3,3
tax,3,3
harvest media,3,3
montra,3,3
harvey,3,3
monty,3,3
wintec,3,3
taxo,3,3
out of the box,3,3
mood,3,3
innit,3,3
tba,3,3
fossa,3,3
tbd,3,3
courier,3,3
intime,3,3
moolah,3,3
aqueduct,3,3
consys,3,3
clink,3,3
outright,3,3
hashdata,3,3
tcg,3,3
aman,3,3
atm,3,3
bera,3,3
clint,3,3
moonshine,3,3
saral,3,3
lemma,3,3
outro,3,3
hashtag,3,3
integrix,3,3
pre,3,3
datamesh,3,3
datamax,3,3
moore,3,3
tea,3,3
teach,3,3
moose,3,3
teacup,3,3
hat,3,3
bepro,3,3
sapi,3,3
legendary,3,3
team8,3,3
teambit,3,3
cartwheel,3,3
hatcher,3,3
be one,3,3
team consulting,3,3
blau,3,3
everflow,3,3
mor,3,3
blazar,3,3
sandstorm,3,3
left coast,3,3
pellucid,3,3
bss it,3,3
innocom,3,3
clique,3,3
morph,3,3
wireframe,3,3
teamnet,3,3
leela,3,3
blazon,3,3
morpho,3,3
morris,3,3
innocon,3,3
san,3,3
pinecone,3,3
hawks,3,3
divit,3,3
hay,3,3
outshine,3,3
teamworks,3,3
ledger,3,3
fortem,3,3
haya,3,3
clix,3,3
it2b,3,3
isystems,3,3
outside,3,3
wisecom,3,3
mosaix,3,3
samsara,3,3
tech9,3,3
sample,3,3
moso,3,3
moss,3,3
most,3,3
pex,3,3
mote,3,3
carta,3,3
dixit,3,3
mother,3,3
endeavour,3,3
moti,3,3
techconnect,3,3
hazel,3,3
outsight,3,3
blen,3,3
samex,3,3
arroba,3,3
dk,3,3
bsp,3,3
pragmatech,3,3
learning curve,3,3
techflow,3,3
clockwise,3,3
salve,3,3
motivo,3,3
salut,3,3
wisen,3,3
amai,3,3
istorm,3,3
dlab,3,3
praetorian,3,3
dlc,3,3
techknow,3,3
blend it,3,3
wisesight,3,3
learners,3,3
formula,3,3
mount,3,3
techlive,3,3
wisetech,3,3
hcm,3,3
formo,3,3
benjamin,3,3
sally,3,3
salient,3,3
techmate,3,3
closedloop,3,3
closer,3,3
movel,3,3
evercom,3,3
conexio,3,3
carrus,3,3
headcount,3,3
innohealth,3,3
technet,3,3
pine,3,3
endgame,3,3
headlight,3,3
technica,3,3
datahub,3,3
forloop,3,3
moverse,3,3
praedico,3,3
movi,3,3
innomation,3,3
blimp,3,3
outwork,3,3
admedia,3,3
lean digital,3,3
lean business,3,3
aems,3,3
movo,3,3
leafworks,3,3
dmd,3,3
pinch,3,3
mox,3,3
dmi,3,3
moxi,3,3
foris,3,3
dmr,3,3
technologic,3,3
sakura,3,3
moyo,3,3
oval,3,3
saigon,3,3
interweave,3,3
health biotech,3,3
bend,3,3
healthbit,3,3
leads,3,3
sahl,3,3
mpa,3,3
technova,3,3
healthcare,3,3
arquitetura,3,3
mplify,3,3
anka,3,3
leading it,3,3
mpower,3,3
sage digital,3,3
innopharma,3,3
mps,3,3
techquity,3,3
cloud9 consulting,3,3
mr,3,3
techseed,3,3
techsense,3,3
aeolus,3,3
forerunner,3,3
bling,3,3
techsolution,3,3
healthtech,3,3
techsource,3,3
healthy,3,3
bsmart,3,3
carma,3,3
hear,3,3
techstack,3,3
zenta,3,3
safetech,3,3
techsure,3,3
msafe,3,3
petrosoft,3,3
pin,3,3
msc,3,3
powerx,3,3
mse,3,3
techtiq,3,3
techtree,3,3
foreman,3,3
arqa,3,3
msh,3,3
pendo,3,3
techunity,3,3
techup,3,3
heartbeat,3,3
cloudbase,3,3
techwave,3,3
msl,3,3
safer,3,3
bsharp,3,3
safepoint,3,3
msoft,3,3
lds,3,3
isometric,3,3
doc,3,3
docassist,3,3
cloudberry,3,3
atomica,3,3
tecnova,3,3
heaven,3,3
heavy,3,3
ld,3,3
blink it,3,3
mtc,3,3
akos,3,3
docent,3,3
doceo,3,3
forces,3,3
poweron,3,3
endpoint,3,3
mtl,3,3
mtm,3,3
heed,3,3
dataform,3,3
safari,3,3
mtt,3,3
overlap,3,3
much,3,3
ben,3,3
tejas,3,3
actis,3,3
blinx,3,3
tekhne,3,3
cloudcard,3,3
lbs,3,3
forage,3,3
helio,3,3
confer,3,3
dataforce,3,3
sabertooth,3,3
layton,3,3
wizi,3,3
saber,3,3
tekpro,3,3
sab,3,3
tekton,3,3
blits,3,3
tektree,3,3
alliance automation,3,3
multipass,3,3
saas,3,3
layer security,3,3
multiplier,3,3
s5,3,3
overmind,3,3
layer one,3,3
telecom services,3,3
multisoft,3,3
teledata,3,3
hellocare,3,3
akros,3,3
foody,3,3
blive,3,3
dataflow,3,3
helloworld,3,3
layer7,3,3
telemetry,3,3
overnight,3,3
breyta,3,3
blix,3,3
oversee,3,3
foods,3,3
s2i,3,3
helpers,3,3
docubyte,3,3
s2e,3,3
penguin,3,3
isolution,3,3
murano,3,3
annexus,3,3
account,3,3
s2c,3,3
bloc,3,3
musa,3,3
actionpoint,3,3
around,3,3
360 health,3,3
alx,3,3
telligent,3,3
hemera,3,3
ryft,3,3
ryd,3,3
music,3,3
telnet,3,3
aequitas,3,3
rx,3,3
anny,3,3
henceforth,3,3
wms,3,3
must,3,3
dof,3,3
mustard,3,3
data dynamics,3,3
cloud erp,3,3
temper,3,3
peniel,3,3
akt,3,3
lavo,3,3
henry,3,3
acf,3,3
alvin,3,3
mutiny,3,3
laurel,3,3
muv,3,3
anoki,3,3
runway,3,3
her,3,3
mv,3,3
hera,3,3
do it,3,3
belmont,3,3
advanced business,3,3
runloop,3,3
bsecure,3,3
fondo,3,3
launch media,3,3
here,3,3
launchit,3,3
tengo,3,3
contec,3,3
run,3,3
tenor,3,3
rumble,3,3
mvs,3,3
dolmen,3,3
launcher,3,3
mwm,3,3
tent,3,3
aquatech,3,3
bsa,3,3
mxsoft,3,3
conveyor,3,3
data cube,3,3
cloudfit,3,3
ruby,3,3
tep,3,3
eventech,3,3
energia,3,3
mycloud,3,3
myclub,3,3
rubus,3,3
terabyte,3,3
teracloud,3,3
myco,3,3
rubrik,3,3
cloudfusion,3,3
cloudgate,3,3
heuristic,3,3
cosol,3,3
heuro,3,3
rubric,3,3
rubiq,3,3
fom,3,3
datacrunch,3,3
rts,3,3
confidential,3,3
dataconsulting,3,3
hexis,3,3
datacom,3,3
powered,3,3
domu,3,3
belay,3,3
intelia,3,3
myhome,3,3
fold,3,3
heyday,3,3
anorak,3,3
aera,3,3
hf,3,3
hg,3,3
lark,3,3
women in,3,3
mylo,3,3
fokus,3,3
data center,3,3
hibiscus,3,3
tesora,3,3
tess,3,3
mynet,3,3
donut,3,3
bel,3,3
roxy,3,3
zeppelin,3,3
databox,3,3
armis,3,3
even,3,3
hiflow,3,3
rounded,3,3
before,3,3
myra,3,3
testpro,3,3
anp,3,3
blocktech,3,3
brainfeed,3,3
lane,3,3
teton,3,3
tetra,3,3
evello,3,3
ism,3,3
tex,3,3
doot,3,3
texel,3,3
island,3,3
highline,3,3
pigeon,3,3
mysolutions,3,3
highnote,3,3
blockware,3,3
high performance,3,3
textile,3,3
alliance business,3,3
high quality,3,3
rotate,3,3
wondershare,3,3
armature,3,3
dora,3,3
tfx,3,3
tg,3,3
mythic,3,3
cloud it,3,3
tgi,3,3
landscape,3,3
aeras,3,3
landed,3,3
bs,3,3
dorian,3,3
persys,3,3
highstreet,3,3
rosalind,3,3
actio,3,3
my way,3,3
myweb,3,3
blok,3,3
lancaster,3,3
the arc,3,3
lan,3,3
attention,3,3
n1,3,3
cloudlogic,3,3
agenthub,3,3
highway,3,3
n3,3,3
higo,3,3
evantage,3,3
ailabs,3,3
rooster,3,3
rooms,3,3
eval,3,3
rook,3,3
ishare,3,3
nac,3,3
the creative,3,3
hill,3,3
nack,3,3
hill engineering,3,3
rooftop,3,3
cloudm,3,3
beetroot,3,3
owner,3,3
nais,3,3
aerial,3,3
the foundation,3,3
naka,3,3
naked,3,3
avigna,3,3
the garage,3,3
nal,3,3
the gist,3,3
enertech,3,3
the grid,3,3
ox,3,3
nala,3,3
alora,3,3
nam,3,3
lama,3,3
bloop,3,3
cloud native,3,3
the information,3,3
bloq,3,3
lakeside,3,3
dotlab,3,3
attentus,3,3
ev,3,3
euvic,3,3
bees,3,3
rollup,3,3
lak,3,3
laila,3,3
arkus,3,3
cloud nine,3,3
thena,3,3
hippo,3,3
lagrange,3,3
flying,3,3
nanomed,3,3
iserve,3,3
rogue,3,3
rogo,3,3
innovated,3,3
aikon,3,3
theorem,3,3
double dot,3,3
oxi,3,3
lacuna,3,3
rockport,3,3
theos,3,3
oxide,3,3
cloudplus,3,3
cosine,3,3
nao,3,3
flx,3,3
the plant,3,3
fluxus,3,3
zera,3,3
napkin,3,3
alai,3,3
thera,3,3
hito,3,3
labrador,3,3
blucloud,3,3
alongside,3,3
thermal,3,3
laboratory,3,3
downtown,3,3
laboratories,3,3
hive id,3,3
workbox,3,3
doxa,3,3
labor,3,3
isee,3,3
thesis,3,3
hiver,3,3
nasc,3,3
nascent,3,3
cloudpro,3,3
enfo,3,3
cloud retail,3,3
thesys,3,3
pierre,3,3
briefcase,3,3
portx,3,3
clouds,3,3
cloud security,3,3
content,3,3
roby,3,3
hk,3,3
thinc,3,3
brief,3,3
antara,3,3
oya,3,3
cara,3,3
label,3,3
dr,3,3
intellitech,3,3
thinkbox,3,3
isec,3,3
fluix,3,3
fluid power,3,3
fluidity,3,3
think digital,3,3
hms,3,3
la,3,3
pensieve,3,3
interra,3,3
ise,3,3
natural intelligence,3,3
think it,3,3
envi,3,3
darts,3,3
nautilus,3,3
dragon,3,3
workit,3,3
l3,3,3
thinksoft,3,3
worklab,3,3
robota,3,3
l2,3,3
kyros,3,3
altos,3,3
cloud source,3,3
drapp,3,3
avior,3,3
think web,3,3
portico,3,3
babylon,3,3
flowz,3,3
kyma,3,3
thintech,3,3
porters,3,3
darkroom,3,3
flowup,3,3
engaged,3,3
hogo,3,3
hoist,3,3
engage digital,3,3
attractor,3,3
innovative business,3,3
corvid,3,3
navigator,3,3
thor,3,3
along,3,3
thoth,3,3
hola,3,3
thoughtful,3,3
isb,3,3
thoughtly,3,3
robinhood,3,3
popup,3,3
bluebook,3,3
flowtech,3,3
isara,3,3
cloudteam,3,3
navitas,3,3
rob,3,3
dreamit,3,3
10,3,3
kya,3,3
thru,3,3
navtech,3,3
ante,3,3
ths,3,3
kwik,3,3
beehive,3,3
alana,3,3
hologram,3,3
holograph,3,3
holonic,3,3
nbit,3,3
nc,3,3
flows,3,3
innovative consulting,3,3
aeris,3,3
nci,3,3
cloudware,3,3
dark,3,3
road,3,3
tia,3,3
ncode,3,3
daring,3,3
tic,3,3
kuva,3,3
nct,3,3
ncx,3,3
populi,3,3
cloudwave,3,3
tidbit,3,3
rnr,3,3
atwork,3,3
homeflow,3,3
rnd,3,3
captivate,3,3
dreamspace,3,3
populate,3,3
cloud web,3,3
tierra,3,3
tiger,3,3
dreamworld,3,3
acc,3,3
dreamz,3,3
pacer,3,3
cloudwell,3,3
tiki,3,3
congruent,3,3
tilde,3,3
conic,3,3
blue code,3,3
dare,3,3
tilli,3,3
engenharia,3,3
flower,3,3
altius,3,3
nebulab,3,3
rmc,3,3
hona,3,3
timble,3,3
kuna,3,3
honcho,3,3
zuri,3,3
beech,3,3
timeflex,3,3
daphne,3,3
nect,3,3
timeleap,3,3
rjc,3,3
rizz,3,3
honesty,3,3
honey,3,3
euphoria,3,3
nector,3,3
times,3,3
pentagon,3,3
need,3,3
honeybadger,3,3
bluecom,3,3
rizer,3,3
timestamp,3,3
flowbox,3,3
timing,3,3
tims,3,3
captain,3,3
beeasy,3,3
riverstone,3,3
hood,3,3
drivee,3,3
poppy,3,3
kubik,3,3
tinga,3,3
tingo,3,3
drive it,3,3
rivercity,3,3
poppins,3,3
bluecore,3,3
hoops,3,3
euno,3,3
tiny,3,3
flora,3,3
floodlight,3,3
cls,3,3
ktech,3,3
tipi,3,3
nemesis,3,3
hopin,3,3
dandy,3,3
tiptop,3,3
blue diamond,3,3
tira,3,3
interactive digital,3,3
isaac,3,3
blue dot,3,3
capstone,3,3
ks,3,3
popp,3,3
avision,3,3
rising tide,3,3
hopr,3,3
krypton,3,3
dana,3,3
caps,3,3
riptide,3,3
krm,3,3
ripcord,3,3
titans,3,3
aerobase,3,3
rios,3,3
isa,3,3
tiva,3,3
alba,3,3
neolink,3,3
neologic,3,3
capra,3,3
krisp,3,3
tj,3,3
arjuna,3,3
tk,3,3
horn,3,3
neopay,3,3
zuzu,3,3
flipside,3,3
daita,3,3
cortical,3,3
tlc,3,3
flinto,3,3
kreative,3,3
dropper,3,3
audacia,3,3
cortexia,3,3
kreate,3,3
tmg,3,3
krea,3,3
wovn,3,3
ba,3,3
drp,3,3
neosys,3,3
neotech,3,3
tna,3,3
bluefire,3,3
pacta,3,3
becloud,3,3
neovision,3,3
acg,3,3
tnt,3,3
hosting,3,3
flight,3,3
righthand,3,3
kraken,3,3
antimatter,3,3
riff,3,3
riders,3,3
bluefoot,3,3
dryve,3,3
kr,3,3
aqua,3,3
toco,3,3
a3bc,3,3
because,3,3
toddle,3,3
cmg,3,3
todo,3,3
nero,3,3
brown,3,3
flexpay,3,3
bec,3,3
woz,3,3
dsmart,3,3
wp,3,3
etutor,3,3
cmi,3,3
innover,3,3
b4b,3,3
nesto,3,3
toku,3,3
wrap,3,3
ribbit,3,3
pag,3,3
netacom,3,3
dael,3,3
2s,3,3
to market,3,3
dado,3,3
tombo,3,3
innovera,3,3
rhp,3,3
dstor,3,3
dada,3,3
houston,3,3
tone,3,3
rhizome,3,3
rhetoric,3,3
kosh,3,3
too good to go,3,3
tool,3,3
innovex,3,3
caper,3,3
netcare,3,3
flexion,3,3
bebit,3,3
flexify,3,3
dabble,3,3
topaz,3,3
topbox,3,3
hovr,3,3
netcomp,3,3
top digital,3,3
topdoc,3,3
how,3,3
ironclad,3,3
wright,3,3
netdev,3,3
tophat,3,3
kora,3,3
howl,3,3
dtech,3,3
cms,3,3
innovia,3,3
hpc,3,3
topo,3,3
dti,3,3
daba,3,3
flexdev,3,3
netflow,3,3
rfic,3,3
interactive design,3,3
rf,3,3
picup,3,3
dab,3,3
wrld,3,3
netframe,3,3
pagos,3,3
aifa,3,3
torq,3,3
beaufort,3,3
intellective,3,3
tortuga,3,3
rewire,3,3
d2s,3,3
hrc,3,3
netgroup,3,3
dub,3,3
netic,3,3
aie,3,3
total automation,3,3
ws,3,3
blue horizon,3,3
paid,3,3
revox,3,3
accrete,3,3
revolver,3,3
revolve,3,3
revolv,3,3
pons,3,3
cnet,3,3
zero to one,3,3
wsi,3,3
aidy,3,3
intellegens,3,3
brook,3,3
netlink,3,3
konig,3,3
netlogic,3,3
reviva,3,3
hse,3,3
innovita,3,3
innovius,3,3
a5,3,3
town,3,3
hsp,3,3
townhall,3,3
avita,3,3
toybox,3,3
hst,3,3
blueleaf,3,3
ht,3,3
netops,3,3
irisnet,3,3
anura,3,3
canvass,3,3
netplus,3,3
acsoftware,3,3
netprotect,3,3
duotech,3,3
polynomial,3,3
netready,3,3
wts,3,3
bronze,3,3
netris,3,3
revgen,3,3
ario,3,3
flashpoint,3,3
dust,3,3
netsec,3,3
netsecure,3,3
etop,3,3
palantir,3,3
braintree,3,3
trackmatic,3,3
netsense,3,3
netserv,3,3
ad hoc,3,3
blue light,3,3
reverb,3,3
netsoft,3,3
wyre,3,3
revenew,3,3
eton,3,3
engineering works,3,3
tractus,3,3
netsolutions,3,3
kommu,3,3
coaction,3,3
dvc,3,3
eq,3,3
flashback,3,3
netsphere,3,3
revelate,3,3
reveille,3,3
revealit,3,3
netstream,3,3
appstract,3,3
alterra,3,3
trading,3,3
reva,3,3
netsystem,3,3
nettech,3,3
coastal,3,3
beapp,3,3
flag,3,3
netvalue,3,3
irex,3,3
trailblazers,3,3
bronco,3,3
x8,3,3
trait,3,3
traject,3,3
netwatch,3,3
trak,3,3
pallet,3,3
coastr,3,3
netwise,3,3
fizz,3,3
trango,3,3
tranquility,3,3
connected data,3,3
hubs,3,3
transaction,3,3
network computing,3,3
axius,3,3
cannonball,3,3
adc,3,3
xag,3,3
cypress,3,3
transfer,3,3
dws,3,3
transform,3,3
fix it,3,3
transformation,3,3
results,3,3
intellix,3,3
alliance partners,3,3
kodio,3,3
bean,3,3
fixel,3,3
innowell,3,3
fixed,3,3
networld,3,3
translation,3,3
translator,3,3
hudu,3,3
hue,3,3
transom,3,3
dxm,3,3
netx,3,3
intero,3,3
transpire,3,3
transport,3,3
xanadu,3,3
restack,3,3
augment,3,3
hum,3,3
koda,3,3
innowise,3,3
humac,3,3
innox,3,3
palta,3,3
cynergy,3,3
intellia,3,3
traverse,3,3
resonant,3,3
pam,3,3
tray,3,3
dyad,3,3
human capital,3,3
aes,3,3
pan,3,3
resolve it,3,3
human data,3,3
connectify,3,3
treatment,3,3
iresoft,3,3
neurons,3,3
beams,3,3
augmented,3,3
etm,3,3
known,3,3
intellic,3,3
xceed,3,3
42,3,3
knowme,3,3
pandata,3,3
humanitas,3,3
connection,3,3
beam me up,3,3
enginuity,3,3
resilio,3,3
tremor,3,3
anyone,3,3
augmint,3,3
candour,3,3
nevo,3,3
resilient,3,3
reset,3,3
etic,3,3
trends,3,3
knowit,3,3
augur,3,3
xcess,3,3
tres,3,3
engitech,3,3
zeto,3,3
trex,3,3
knowhere,3,3
rescale,3,3
aries,3,3
cyclotron,3,3
requestly,3,3
dynamic methods,3,3
fisher,3,3
blue ocean,3,3
humbee,3,3
peopleforce,3,3
reps,3,3
reprise,3,3
newgen,3,3
polis,3,3
allianz,3,3
tribl,3,3
alterna,3,3
absentia,3,3
inout,3,3
reply,3,3
tributech,3,3
replika,3,3
replica,3,3
dynamique,3,3
humm,3,3
cybrid,3,3
knock knock,3,3
replay,3,3
polar,3,3
knex,3,3
ariatech,3,3
trifecta,3,3
renzo,3,3
trigent,3,3
kn,3,3
inov8,3,3
renova,3,3
trigma,3,3
xdroid,3,3
hunt,3,3
b2it,3,3
cybertron,3,3
connective,3,3
trillion,3,3
alcove,3,3
kmb,3,3
intello,3,3
renegade,3,3
appreciate,3,3
km,3,3
dynatech,3,3
alder,3,3
render,3,3
b2cloud,3,3
trinsic,3,3
canaria,3,3
blueport,3,3
newt,3,3
bds,3,3
bdr,3,3
klr,3,3
new theory,3,3
triotech,3,3
first consulting,3,3
trip,3,3
ari,3,3
newtone,3,3
camtech,3,3
anzen,3,3
cybersecurity,3,3
cyber security,3,3
triply,3,3
remot,3,3
new vision,3,3
tripper,3,3
point zero,3,3
firmus,3,3
xeno,3,3
xenon,3,3
e4,3,3
inovia,3,3
klik,3,3
klh,3,3
nexai,3,3
broccoli,3,3
tritan,3,3
nexcel,3,3
campbell,3,3
able it,3,3
trium,3,3
firestorm,3,3
ead,3,3
alteo,3,3
remark,3,3
hybridge,3,3
relyon,3,3
rely,3,3
triyo,3,3
eagle eye,3,3
aura health,3,3
relu,3,3
hydrogen energy,3,3
relief,3,3
zettabyte,3,3
nexia,3,3
hydrus,3,3
codebridge,3,3
inovit,3,3
alea,3,3
nexit,3,3
troupe,3,3
codebuddy,3,3
trova,3,3
codec,3,3
cyberlab,3,3
firebrand,3,3
trs,3,3
xeon,3,3
fireball,3,3
kivo,3,3
nexon,3,3
eam,3,3
kiva,3,3
trudo,3,3
reli,3,3
code camp,3,3
relex,3,3
aora,3,3
axis engineering,3,3
inovo,3,3
cybereye,3,3
rein,3,3
reify,3,3
true health,3,3
accupoint,3,3
trueline,3,3
nextar,3,3
hyperdata,3,3
truenode,3,3
points,3,3
rehab,3,3
kis,3,3
nextbit,3,3
kiro,3,3
hypergrowth,3,3
finware,3,3
aorta,3,3
regal,3,3
nextcode,3,3
argil,3,3
kiosk,3,3
cambio,3,3
auric,3,3
inp,3,3
fintex,3,3
next digital,3,3
refraction,3,3
truss,3,3
cybercraft,3,3
nextdoor,3,3
trustcloud,3,3
trustcom,3,3
hyperlocal,3,3
trustech,3,3
reform,3,3
xform,3,3
nextech,3,3
trustify,3,3
alena,3,3
trustme,3,3
paperless,3,3
truston,3,3
reflow,3,3
internet,3,3
trustt,3,3
trustware,3,3
coded,3,3
auriga,3,3
refined,3,3
aidea,3,3
kingfisher,3,3
truu,3,3
code design,3,3
adding,3,3
refactor,3,3
xgen,3,3
king,3,3
trybe,3,3
hypersphere,3,3
tryon,3,3
reevo,3,3
east west,3,3
reev,3,3
intellico,3,3
tsd,3,3
ipx,3,3
reed,3,3
zeuss,3,3
tsm,3,3
inphase,3,3
redzone,3,3
bluestone,3,3
bramble,3,3
finny,3,3
finnet,3,3
bluestorm,3,3
callstack,3,3
hypex,3,3
finna,3,3
tti,3,3
inplace,3,3
kinetica,3,3
pointone,3,3
hyr,3,3
parable,3,3
kinesis,3,3
callista,3,3
tuesday,3,3
nexto,3,3
inpro,3,3
agnostic,3,3
red sky,3,3
next page,3,3
nextpage,3,3
tune,3,3
nextphase,3,3
eth,3,3
xion,3,3
tupelo,3,3
cxc,3,3
axio,3,3
xipe,3,3
turbo,3,3
247,3,3
codeland,3,3
kindly,3,3
broadleaf,3,3
turn,3,3
ipsec,3,3
easynet,3,3
turnkey,3,3
zevo,3,3
easyone,3,3
turnstile,3,3
finity,3,3
turtle,3,3
red rock,3,3
nextup,3,3
red robot,3,3
red planet,3,3
azuro,3,3
poc,3,3
blueteam,3,3
codelogic,3,3
kimia,3,3
bluetech,3,3
xlabs,3,3
iac,3,3
paradigm shift,3,3
paradiso,3,3
easytech,3,3
twenty,3,3
kimera,3,3
bcome,3,3
kiko,3,3
nexus data,3,3
kik,3,3
kids,3,3
iagree,3,3
easytrack,3,3
iam,3,3
xlr8,3,3
auspex,3,3
kickstand,3,3
twisted pair,3,3
nexvision,3,3
cvt,3,3
nexware,3,3
easyway,3,3
iapps,3,3
pnp,3,3
tws,3,3
nexxis,3,3
ias,3,3
txt,3,3
ably,3,3
tycho,3,3
tychon,3,3
callbox,3,3
tyme,3,3
kiboko,3,3
eave,3,3
coreware,3,3
nfq,3,3
eb,3,3
redi,3,3
eba,3,3
ngage,3,3
intelliconnect,3,3
ngi,3,3
ngn,3,3
ngs,3,3
inquiry,3,3
ubi,3,3
ubico,3,3
adi,3,3
callback,3,3
aditum,3,3
alert,3,3
kiba,3,3
ip partners,3,3
redfox,3,3
apprendo,3,3
aiconic,3,3
redefine,3,3
ubits,3,3
ubix,3,3
ardor,3,3
ebenefits,3,3
ubot,3,3
ibos,3,3
etc,3,3
ucare,3,3
nic,3,3
iboss,3,3
coreview,3,3
accurate,3,3
udata,3,3
udc,3,3
udio,3,3
altai,3,3
kgs,3,3
parameta,3,3
nico,3,3
findable,3,3
nido,3,3
ufirst,3,3
parametric,3,3
xp,3,3
ugo,3,3
code ninja,3,3
nighthawk,3,3
zhealth,3,3
10x,3,3
nihon,3,3
niko,3,3
keystone property reports,3,3
red button,3,3
aperture,3,3
etalon,3,3
redbit,3,3
ulink,3,3
redbird,3,3
finbox,3,3
broadcast,3,3
finbot,3,3
nimbly,3,3
keys,3,3
ebrain,3,3
authority,3,3
keypoint,3,3
peopleware,3,3
um,3,3
xperience,3,3
bluezone,3,3
icat,3,3
umami,3,3
aac,3,3
recursive,3,3
recursion,3,3
etail,3,3
umbra,3,3
recurrent,3,3
umbrella it,3,3
keylabs,3,3
keyflow,3,3
ebusiness,3,3
codepilot,3,3
final,3,3
parashift,3,3
nira,3,3
umu,3,3
ecampus,3,3
blutech,3,3
key engineering,3,3
key consulting,3,3
keychain,3,3
unblock,3,3
recon,3,3
bbi,3,3
unbox,3,3
nise,3,3
xpert it,3,3
pep,3,3
alstra,3,3
uncover,3,3
autobahn,3,3
nissi,3,3
bb,3,3
iplan,3,3
etag,3,3
bazinga,3,3
recognition,3,3
calcon,3,3
apex engineering,3,3
nitro,3,3
insero,3,3
unflow,3,3
unfold,3,3
coders,3,3
curve,3,3
etac,3,3
branded,3,3
icloud,3,3
als,3,3
nixie,3,3
parc,3,3
cal,3,3
recast,3,3
unicomm,3,3
recapp,3,3
codes,3,3
codesign,3,3
alethea,3,3
filament,3,3
icomm,3,3
nlight,3,3
kera,3,3
nlogic,3,3
nlx,3,3
eta,3,3
nma,3,3
nmbl,3,3
nmbr,3,3
xpress,3,3
aico,3,3
unilab,3,3
figure8,3,3
icona,3,3
photonic,3,3
codesmart,3,3
unimedia,3,3
enlight,3,3
figure,3,3
nnt,3,3
icone,3,3
codesmith,3,3
fig,3,3
arctec,3,3
unipos,3,3
ecloud,3,3
rebel,3,3
rebar,3,3
core services,3,3
currant,3,3
kenko,3,3
rease,3,3
unisoft,3,3
noblesoft,3,3
zibra,3,3
plus plus,3,3
fifth,3,3
reap,3,3
insig,3,3
bmind,3,3
unitec,3,3
noc,3,3
kenai,3,3
united aircraft,3,3
ken,3,3
ipera,3,3
noco,3,3
united force,3,3
united global,3,3
codespace,3,3
autoflow,3,3
epixel,3,3
nod,3,3
unitest,3,3
alexandria,3,3
bayotech,3,3
icraft,3,3
autom,3,3
real time,3,3
icreative,3,3
acryl,3,3
realsoft,3,3
bayes,3,3
nodus,3,3
noema,3,3
fieldworks,3,3
fieldwork,3,3
acrux,3,3
uniweb,3,3
xseed,3,3
affect,3,3
cae,3,3
unix,3,3
accure,3,3
fieldpro,3,3
real analysis,3,3
unleash,3,3
2way,3,3
bnext,3,3
xsight,3,3
noma,3,3
readyset,3,3
unlock,3,3
unlocked,3,3
aic,3,3
adrenaline,3,3
nomad marketing,3,3
icube,3,3
nominal,3,3
kedos,3,3
reactor,3,3
nomis,3,3
codeware,3,3
xsquare,3,3
icw,3,3
board,3,3
unseen,3,3
fido,3,3
aptly,3,3
automated,3,3
nook,3,3
azul,3,3
environmental services,3,3
untether,3,3
noos,3,3
xtag,3,3
cadenza,3,3
apic,3,3
noq,3,3
unusual,3,3
idap,3,3
fide,3,3
kbit,3,3
xtech,3,3
contracting,3,3
rct,3,3
brandi,3,3
cadena,3,3
upc,3,3
zig,3,3
idc,3,3
econsult,3,3
econsulting,3,3
ide,3,3
kazoo,3,3
enoch,3,3
updoc,3,3
accuro,3,3
batch,3,3
upflow,3,3
agnito,3,3
rbc,3,3
upkeep,3,3
ecos,3,3
uplevel,3,3
rb,3,3
xtranet,3,3
uplink,3,3
ecotec,3,3
epitome,3,3
alphastream,3,3
upmind,3,3
fiber,3,3
ipcomm,3,3
caddi,3,3
ideally,3,3
northeast,3,3
alfi,3,3
katapult,3,3
uprise,3,3
northern,3,3
cad,3,3
controlla,3,3
northpoint,3,3
codify,3,3
ideas,3,3
upshift,3,3
codigo,3,3
rayo,3,3
katana,3,3
upsite,3,3
fhg,3,3
kata,3,3
kast,3,3
coding,3,3
upstart,3,3
upsteer,3,3
kasper,3,3
allt,3,3
rational,3,3
nosh,3,3
rate,3,3
upthink,3,3
cultivate,3,3
cult,3,3
brandit,3,3
avr,3,3
interhost,3,3
percent,3,3
upwave,3,3
epik,3,3
alg,3,3
rascal,3,3
codit,3,3
cabot,3,3
ecu,3,3
karya,3,3
noteworthy,3,3
rare,3,3
urban it,3,3
nothing,3,3
urbantech,3,3
urbem,3,3
notice,3,3
cabling,3,3
cuckoo,3,3
ursa,3,3
urus,3,3
plumb,3,3
ipc,3,3
ideon,3,3
basics,3,3
ides,3,3
karibu,3,3
fermata,3,3
userbrain,3,3
rapidworks,3,3
avs,3,3
idex,3,3
enough,3,3
rapidsoft,3,3
ut,3,3
nouveau,3,3
nov,3,3
cubos,3,3
interconnect,3,3
boiler,3,3
nova consulting,3,3
in situ,3,3
edda,3,3
100x,3,3
percept,3,3
nova engineering,3,3
idk,3,3
utu,3,3
uv,3,3
uva,3,3
insitu,3,3
fera,3,3
ai3,3,3
cubiq,3,3
kara,3,3
rank one,3,3
fenix,3,3
apl,3,3
cubex,3,3
edgar,3,3
xylo,3,3
insoft,3,3
rank,3,3
rangeforce,3,3
adela,3,3
coex,3,3
idw,3,3
novatek,3,3
intercom,3,3
plm,3,3
essentia,3,3
adr,3,3
edge consulting,3,3
c4,3,3
core integrated,3,3
iea,3,3
archy,3,3
fellow,3,3
valeo,3,3
novera,3,3
affluence,3,3
raksha,3,3
esse,3,3
automi,3,3
ahsan,3,3
edgelabs,3,3
if,3,3
cube it,3,3
kando,3,3
novopay,3,3
brit,3,3
bolster,3,3
novos,3,3
bridge it,3,3
edgeworks,3,3
feedback,3,3
feed,3,3
valley it,3,3
kaname,3,3
raider,3,3
ragnarok,3,3
raft,3,3
valora,3,3
kama,3,3
nowa,3,3
iflow,3,3
kam,3,3
4a,3,3
espy,3,3
valto,3,3
kalo,3,3
ctw,3,3
nox,3,3
valuecare,3,3
connext,3,3
valuedata,3,3
kalliope,3,3
edith,3,3
igen,3,3
inspections,3,3
cogni,3,3
algorithm,3,3
npc,3,3
yam,3,3
partex,3,3
radium,3,3
vama,3,3
iglu,3,3
vamos,3,3
igm,3,3
kali,3,3
cognier,3,3
vango,3,3
feat,3,3
ignited,3,3
nsc,3,3
cognis,3,3
radicle,3,3
epicode,3,3
radial,3,3
radia,3,3
kaizen it,3,3
vanti,3,3
edna,3,3
awake,3,3
yan,3,3
zinger,3,3
autonomi,3,3
edocs,3,3
algorithmica,3,3
fe,3,3
igs,3,3
enrola,3,3
nsure,3,3
fdm,3,3
particle,3,3
variational,3,3
cognit,3,3
bonafide,3,3
kaixin,3,3
algoritmo,3,3
edtech,3,3
ntr,3,3
vas,3,3
yantra,3,3
pleno,3,3
vase,3,3
yap,3,3
fc,3,3
pharmaceutical,3,3
cth,3,3
educa,3,3
educare,3,3
kaiko,3,3
fauna,3,3
kaia,3,3
vba,3,3
qwerty,3,3
vbridge,3,3
yard,3,3
nube,3,3
qweb,3,3
c2i,3,3
apm,3,3
yardstick,3,3
cognitivo,3,3
across,3,3
educe,3,3
kaem,3,3
nucleo,3,3
cte,3,3
autosense,3,3
kad,3,3
iken,3,3
fast lane,3,3
edulab,3,3
afg,3,3
quos,3,3
pleiades,3,3
number,3,3
vectra,3,3
veda,3,3
eduplex,3,3
vee,3,3
based,3,3
veer,3,3
numeral,3,3
k2 engineering,3,3
partner,3,3
numerica,3,3
partnerhub,3,3
ikonic,3,3
quire,3,3
pleco,3,3
veles,3,3
cognix,3,3
vellum,3,3
velo,3,3
ilab,3,3
k2 data,3,3
numero,3,3
ilabs,3,3
numina,3,3
csw,3,3
please,3,3
velox,3,3
veloxity,3,3
ydea,3,3
ilean,3,3
pharm,3,3
vemo,3,3
quintet,3,3
cognus,3,3
quint,3,3
edward,3,3
nuro,3,3
nuron,3,3
vendit,3,3
quik,3,3
ahead of the curve,3,3
quickwork,3,3
plc,3,3
fastcom,3,3
nutrition,3,3
nuts,3,3
csoft,3,3
nutshell,3,3
nuve,3,3
vent,3,3
parts,3,3
afin,3,3
nuvision,3,3
vention,3,3
illume,3,3
quickly,3,3
base4,3,3
ef,3,3
yello,3,3
farmin,3,3
justo,3,3
nuway,3,3
adentro,3,3
ventures,3,3
4i,3,3
yellowbox,3,3
just in time,3,3
venu,3,3
cs global,3,3
cs2,3,3
veo,3,3
efex,3,3
briq,3,3
qubit,3,3
farcast,3,3
qubic,3,3
veranda,3,3
pascal,3,3
verb,3,3
inspire it,3,3
qubes,3,3
quber,3,3
quay,3,3
imagen,3,3
crystalline,3,3
crystal clear,3,3
fanz,3,3
alpha omega,3,3
bytecode,3,3
veri,3,3
inspiren,3,3
nxt,3,3
fancy,3,3
yep,3,3
jungo,3,3
zinnia,3,3
archimedes,3,3
verifast,3,3
quantum materials,3,3
bas,3,3
cryptolab,3,3
apoidea,3,3
playform,3,3
ionic,3,3
perk,3,3
veritec,3,3
veritech,3,3
fama,3,3
quanto,3,3
o2,3,3
coinage,3,3
quantium,3,3
verity consulting,3,3
ace infotech,3,3
o3,3,3
yet,3,3
jumbo,3,3
julius,3,3
quantifi,3,3
byon,3,3
versatech,3,3
boo,3,3
juiced,3,3
oakland,3,3
quanti,3,3
version2,3,3
oakleaf,3,3
oaks,3,3
fairplay,3,3
yeti,3,3
effie,3,3
ionet,3,3
passio,3,3
barter,3,3
bart,3,3
archie,3,3
vertechs,3,3
quality service,3,3
vertex communication,3,3
imbue,3,3
quality of life,3,3
vertical aerospace,3,3
conrad,3,3
cointracker,3,3
by,3,3
yi,3,3
apptech,3,3
passionfruit,3,3
inspiron,3,3
verto,3,3
cruise,3,3
passport,3,3
jtech,3,3
crucible,3,3
afresh,3,3
crucial,3,3
oblivion,3,3
jsl,3,3
imetrix,3,3
qualitas,3,3
obs,3,3
esoteric,3,3
agileware,3,3
jsd,3,3
jsb,3,3
vested,3,3
imi,3,3
efm,3,3
observe,3,3
vet,3,3
qualified,3,3
cole,3,3
cru,3,3
vetted,3,3
occam,3,3
efusion,3,3
occo,3,3
archibo,3,3
crs,3,3
ocean blue,3,3
vgs,3,3
vi,3,3
alphanova,3,3
pastel,3,3
quadric,3,3
oceans,3,3
colibri,3,3
immedia,3,3
bwave,3,3
ocm,3,3
quadratic,3,3
vibes,3,3
egate,3,3
ocra,3,3
immerse,3,3
adot,3,3
octa,3,3
axes,3,3
factorial,3,3
octal,3,3
joyce,3,3
octant,3,3
jovian,3,3
victory,3,3
victrix,3,3
alida,3,3
acropolis,3,3
ziontech,3,3
egis,3,3
immersive,3,3
octo,3,3
control plus,3,3
eglobal,3,3
immersive media,3,3
vidi,3,3
journify,3,3
interakt,3,3
qrious,3,3
crowdsync,3,3
vidya,3,3
vie,3,3
egravity,3,3
platon,3,3
buzzer,3,3
archangel,3,3
immune,3,3
all in it,3,3
oda,3,3
qna,3,3
immutable,3,3
ode,3,3
collaborate,3,3
collaboration,3,3
viewtech,3,3
facia,3,3
viggo,3,3
imobile,3,3
ei,3,3
crossroads,3,3
qmetrix,3,3
button,3,3
odo,3,3
yo,3,3
crosspoint,3,3
avalia,3,3
viking,3,3
arc engineering,3,3
eigen,3,3
offbeat,3,3
qit,3,3
eightfold,3,3
adop,3,3
fabrica,3,3
officina,3,3
qflow,3,3
vina,3,3
vince,3,3
contigo,3,3
alien,3,3
busy,3,3
yobo,3,3
eikon,3,3
offsight,3,3
qed,3,3
iolite,3,3
buster,3,3
impacto,3,3
petrichor,3,3
collectiv,3,3
qdi,3,3
faba,3,3
yodel,3,3
fab,3,3
jo,3,3
arcanum,3,3
ohm,3,3
arcanite,3,3
viper,3,3
qbd,3,3
virage,3,3
viral,3,3
f5,3,3
imperial,3,3
plate,3,3
qatch,3,3
crossbar,3,3
boosted,3,3
virginia,3,3
f3,3,3
f1rst,3,3
instago,3,3
brilliant digital,3,3
impex,3,3
okit,3,3
crosby,3,3
eject,3,3
oko,3,3
3it,3,3
business partners,3,3
q3,3,3
q1,3,3
eka,3,3
colombia,3,3
colony,3,3
plastic,3,3
olam,3,3
enspire,3,3
jma,3,3
pythagoras,3,3
ekko,3,3
jls,3,3
cronus,3,3
perkup,3,3
jks,3,3
ezo,3,3
business insights,3,3
impressions,3,3
plantech,3,3
esl,3,3
plant,3,3
virtual vision,3,3
virtualware,3,3
virtual world,3,3
acronym,3,3
ekos,3,3
business information,3,3
purposeful,3,3
yom,3,3
improove,3,3
eyris,3,3
virtuo,3,3
yonder,3,3
improvement,3,3
virtuoso,3,3
purplebox,3,3
eyes,3,3
om,3,3
eyeq,3,3
apparatus,3,3
business data,3,3
vise,3,3
impuls,3,3
eyedea,3,3
jia,3,3
punchcard,3,3
ome,3,3
impulso,3,3
contineo,3,3
jht,3,3
crius,3,3
jetty,3,3
colossus,3,3
pulpo,3,3
all in one,3,3
patronus,3,3
column,3,3
consense,3,3
pulp,3,3
brilliance,3,3
pukka,3,3
omicron,3,3
patterns,3,3
esg,3,3
borderless,3,3
avantgarde,3,3
jetstream,3,3
jetson,3,3
elba,3,3
in3,3,3
pufferfish,3,3
jetsoft,3,3
crisscross,3,3
bordo,3,3
omnichat,3,3
visma,3,3
inari,3,3
publicai,3,3
vison,3,3
petra,3,3
apparent,3,3
born,3,3
publica,3,3
public,3,3
extract,3,3
jericho,3,3
comfort,3,3
omnio,3,3
extra,3,3
pti,3,3
visual connections,3,3
visual data,3,3
electrical services,3,3
electricity,3,3
plano,3,3
bridge communications,3,3
pause,3,3
electric sheep,3,3
electron,3,3
boson,3,3
omnisoft,3,3
omnistream,3,3
comguard,3,3
bank,3,3
jems,3,3
core business,3,3
inceptio,3,3
vitality,3,3
jem,3,3
psg,3,3
pavilion,3,3
inch,3,3
omnix,3,3
bravi,3,3
perennial,3,3
vitech,3,3
omo,3,3
omtech,3,3
involved,3,3
comigo,3,3
jellyfish,3,3
planning,3,3
bandit,3,3
incipient,3,3
instinct,3,3
enzyme,3,3
prysm,3,3
jeeva,3,3
incitu,3,3
jeda,3,3
prudentia,3,3
onchain,3,3
invo,3,3
vivant,3,3
adeptus,3,3
perfecta,3,3
incloud,3,3
band,3,3
oncue,3,3
cri,3,3
3pm,3,3
element3,3,3
incode,3,3
ondemand,3,3
inviz,3,3
ondo,3,3
jdm,3,3
crestech,3,3
crest,3,3
payble,3,3
instream,3,3
vivus,3,3
increase,3,3
commercelab,3,3
onebridge,3,3
azra,3,3
proximate,3,3
one byte,3,3
instrumental,3,3
vizor,3,3
incus,3,3
elementum,3,3
onecharge,3,3
all it,3,3
elephant,3,3
plango,3,3
one click,3,3
exposit,3,3
jbm,3,3
vm,3,3
esense,3,3
4c,3,3
indata,3,3
onecore,3,3
jb,3,3
vmt,3,3
expo,3,3
oneday,3,3
jaya,3,3
provide,3,3
crescent,3,3
invicta,3,3
entera,3,3
continue,3,3
voco,3,3
independent,3,3
elevate it,3,3
voi,3,3
provenance,3,3
proud,3,3
voiceme,3,3
voices,3,3
planetary,3,3
voicetech,3,3
prototypo,3,3
alphaflow,3,3
indi,3,3
oneforce,3,3
envita,3,3
elevatus,3,3
jane,3,3
common,3,3
planeta,3,3
vol,3,3
alink,3,3
oneid,3,3
elevo,3,3
oneiro,3,3
one it,3,3
indie,3,3
apt,3,3
avatar,3,3
volley,3,3
academix,3,3
elf,3,3
proton,3,3
jamii,3,3
voltage,3,3
voltaire,3,3
one logic,3,3
zive,3,3
james,3,3
commons,3,3
proteus,3,3
volv,3,3
volve,3,3
alion,3,3
cora,3,3
one net,3,3
avatech,3,3
pkl,3,3
vooma,3,3
pk,3,3
onepay,3,3
buro,3,3
elicit,3,3
oneplan,3,3
proteo,3,3
phare,3,3
bambus,3,3
copycat,3,3
vow,3,3
bambu,3,3
indus,3,3
voxel,3,3
oneroof,3,3
jai,3,3
industrial automation,3,3
expert it,3,3
expertise,3,3
protego,3,3
voyager,3,3
industrial it,3,3
payments,3,3
credi,3,3
appetite,3,3
escalate,3,3
vp,3,3
esc,3,3
protechnology,3,3
vpn,3,3
protech,3,3
phaeton,3,3
onespot,3,3
expertech,3,3
credence,3,3
jade,3,3
alis,3,3
prosys,3,3
abra,3,3
onetap,3,3
indy,3,3
alit,3,3
agama,3,3
jada,3,3
elit,3,3
jackson,3,3
inep,3,3
vsd,3,3
vsi,3,3
one touch,3,3
izzi,3,3
zizo,3,3
invento,3,3
vt,3,3
prospera,3,3
oneview,3,3
prospector,3,3
izy,3,3
boulevard,3,3
izi,3,3
inventix,3,3
vts,3,3
vu,3,3
inext,3,3
vue,3,3
experiment,3,3
prosol,3,3
infactory,3,3
ongrid,3,3
burble,3,3
vy,3,3
agami,3,3
24seven,3,3
ixxo,3,3
vyoo,3,3
prosmart,3,3
experia,3,3
prose,3,3
acad,3,3
expedite,3,3
pros,3,3
wa,3,3
inferno,3,3
integer,3,3
construction services,3,3
pixid,3,3
apriori,3,3
waffle,3,3
paytec,3,3
yunmai,3,3
propup,3,3
zk,3,3
elixr,3,3
infinet,3,3
iws,3,3
buoy,3,3
infinia,3,3
ella,3,3
enterprise services,3,3
waldo,3,3
aark,3,3
expansion,3,3
expando,3,3
creato,3,3
infinitec,3,3
compleo,3,3
wallet,3,3
onset,3,3
infinite it,3,3
walnut,3,3
onside,3,3
walrus,3,3
onsight,3,3
walter,3,3
iware,3,3
inventis,3,3
wan,3,3
elliot,3,3
wander,3,3
ellipse,3,3
constructive,3,3
payup,3,3
ontec,3,3
ontech,3,3
infiniti,3,3
ellipsis,3,3
elliptic,3,3
infinitum,3,3
ware,3,3
infinitus,3,3
prophit,3,3
arbo,3,3
enterra,3,3
bountiful,3,3
onu,3,3
expand,3,3
prophet,3,3
infinity engineering,3,3
wasp,3,3
properly,3,3
entersoft,3,3
proof,3,3
exotech,3,3
watcha,3,3
inventi,3,3
watchful,3,3
constructor,3,3
elmo,3,3
creative wave,3,3
integrasoft,3,3
infinium,3,3
infinix,3,3
pronesis,3,3
watermark,3,3
opa,3,3
inventec,3,3
exos,3,3
promptly,3,3
ivision,3,3
interactive marketing,3,3
compli,3,3
ivi,3,3
watt,3,3
wattle,3,3
inflection,3,3
inventa,3,3
pixel it,3,3
bunker,3,3
ivee,3,3
arbit,3,3
else,3,3
wavecom,3,3
promo,3,3
compliance,3,3
opencell,3,3
compliance control,3,3
open development,3,3
wave infotech,3,3
elucid,3,3
pc,3,3
infobox,3,3
elucidate,3,3
pixelcode,3,3
waveon,3,3
open education,3,3
4cast,3,3
zag,3,3
elva,3,3
invaria,3,3
ballast,3,3
promise,3,3
openfield,3,3
8080,3,3
wax,3,3
iuvo,3,3
complit,3,3
components,3,3
compose,3,3
pcg,3,3
open innovations,3,3
avensys,3,3
ex machina,3,3
creative media,3,3
invar,3,3
agate,3,3
zal,3,3
wbs,3,3
integrated design,3,3
elysium,3,3
em,3,3
infolab,3,3
creative logic,3,3
promatix,3,3
openmarkets,3,3
wealth,3,3
eximia,3,3
wearable,3,3
we are,3,3
pcm,3,3
pcs,3,3
it vision,3,3
balcony,3,3
pcs global,3,3
it touch,3,3
infomatic,3,3
prolego,3,3
bowtie,3,3
infomatrix,3,3
webanywhere,3,3
web app,3,3
acquire,3,3
bumper,3,3
itt,3,3
itsys,3,3
infomotion,3,3
webbing,3,3
opensense,3,3
it synergy,3,3
entire,3,3
boxes,3,3
it studio,3,3
webcare,3,3
infoplus,3,3
boxit,3,3
entity,3,3
entrada,3,3
pd,3,3
webcraft,3,3
embedded,3,3
itsource,3,3
inforich,3,3
itsoft,3,3
creatio,3,3
webdev,3,3
intuity,3,3
zmed,3,3
opentrack,3,3
opentrade,3,3
openup,3,3
informal,3,3
webest,3,3
agilus,3,3
computer experts,3,3
smartech,3,3
it service,3,3
cgp,3,3
smart engineering,3,3
ask it consulting,3,3
oper,3,3
gfx,3,3
giant leap,3,3
cgs,3,3
smart factory,3,3
smartfactory,3,3
gibraltar,3,3
malt,3,3
exec,3,3
bindle,3,3
advantage marketing,3,3
cg,3,3
smartgreen,3,3
askme,3,3
ch,3,3
smartdesk,3,3
smarthub,3,3
exe,3,3
make it simple,3,3
gideon,3,3
managed services,3,3
smartinfo,3,3
amk,3,3
smartcore,3,3
smart insights,3,3
it security,3,3
makeit,3,3
smart connect,3,3
smartit,3,3
smart commerce,3,3
webforce,3,3
smartlabs,3,3
gig,3,3
bind,3,3
smartline,3,3
smart city,3,3
operant,3,3
epc,3,3
operations,3,3
smartly,3,3
smart manufacturing,3,3
aml,3,3
smartmed,3,3
smartmedia,3,3
gigantic,3,3
smartmind,3,3
airmedia,3,3
chainbridge,3,3
cfs,3,3
chalk,3,3
smartnode,3,3
actualize,3,3
dependable,3,3
smart octopus,3,3
mangrove,3,3
smartone,3,3
chalkline,3,3
smartour,3,3
challenge,3,3
smartpath,3,3
smartpay,3,3
mak,3,3
information consulting,3,3
majestic,3,3
smartpm,3,3
challenger,3,3
deployed,3,3
embold,3,3
awto,3,3
smart retail,3,3
getsmart,3,3
aceso,3,3
maitai,3,3
gimlet,3,3
asl,3,3
maiora,3,3
champ,3,3
demeter,3,3
zapt,3,3
cf,3,3
amis,3,3
piton,3,3
gini,3,3
derivative,3,3
smart analytics,3,3
smart access,3,3
mainsail,3,3
deron,3,3
smart system,3,3
champion,3,3
asm,3,3
maq,3,3
binary,3,3
information security,3,3
smark,3,3
mainframe,3,3
main,3,3
permit,3,3
getdata,3,3
actual,3,3
designa,3,3
itsec,3,3
margo,3,3
smartwave,3,3
acts,3,3
gis,3,3
smartweb,3,3
marici,3,3
marin,3,3
smartworks,3,3
smart world,3,3
smartx,3,3
appix,3,3
gestures,3,3
slyde,3,3
web it,3,3
cetas,3,3
cet,3,3
slope,3,3
advantech,3,3
smc,3,3
advancesoft,3,3
smedia,3,3
changeup,3,3
giv,3,3
give,3,3
abby,3,3
smile it,3,3
actum,3,3
magnum,3,3
amoeba,3,3
smit,3,3
marker,3,3
smith engineering,3,3
delta system,3,3
gizmo,3,3
design innovation,3,3
webit,3,3
deltasoft,3,3
webkey,3,3
magnetics,3,3
profiles,3,3
weblink,3,3
magnetic,3,3
glad,3,3
geotechnical,3,3
sn,3,3
sna,3,3
slg,3,3
amos,3,3
gladius,3,3
advance engineering,3,3
marketing pro,3,3
marketing services,3,3
informatique,3,3
sleek,3,3
snapp,3,3
design services,3,3
glam,3,3
sled,3,3
glance,3,3
delta engineering,3,3
markets,3,3
acto,3,3
advantis,3,3
emc,3,3
sl,3,3
ampd,3,3
certera,3,3
acp,3,3
geosense,3,3
snf,3,3
glaze,3,3
glc,3,3
gleam,3,3
marmalade,3,3
opsys,3,3
snips,3,3
character,3,3
geos,3,3
skytrust,3,3
amper,3,3
skytouch,3,3
snow,3,3
proficient,3,3
optec,3,3
delphi,3,3
pete,3,3
skytech,3,3
magazine,3,3
web marketing,3,3
billing,3,3
snt,3,3
destra,3,3
glimmer,3,3
webmax,3,3
amf,3,3
delivr,3,3
skysense,3,3
delivery,3,3
infosec,3,3
geomap,3,3
sober,3,3
profi,3,3
martian,3,3
sociable,3,3
amethyst,3,3
glm,3,3
martini,3,3
glo,3,3
skyone,3,3
marvelous,3,3
erin,3,3
professionals,3,3
cerebrum,3,3
marvin,3,3
delineate,3,3
masa,3,3
skylink,3,3
skylimit,3,3
geoint,3,3
socium,3,3
socket,3,3
global bridge,3,3
optics,3,3
geode,3,3
skyguard,3,3
socrate,3,3
deliberate,3,3
skyfish,3,3
mada,3,3
applab,3,3
biofab,3,3
airport,3,3
9yards,3,3
genus,3,3
bioglobal,3,3
genuity,3,3
cercle,3,3
cerberus,3,3
global control,3,3
cera,3,3
mastermind,3,3
airs,3,3
mastiff,3,3
optify,3,3
eme,3,3
softbuilder,3,3
mata,3,3
matador,3,3
itrust,3,3
professional consulting,3,3
deka,3,3
webo,3,3
advanced silicon,3,3
allcloud,3,3
advanced robotics,3,3
softek,3,3
infoshare,3,3
machines,3,3
ceon,3,3
chart,3,3
aspiring,3,3
machine learning,3,3
charter,3,3
ampli,3,3
airship,3,3
22,3,3
centus,3,3
softlab,3,3
excellent,3,3
softline,3,3
materials,3,3
softlogic,3,3
global learning,3,3
softnet,3,3
bullit,3,3
optimera,3,3
chatbot,3,3
softpoint,3,3
zoe,3,3
macc,3,3
genix,3,3
webpro,3,3
itree,3,3
skillup,3,3
global one,3,3
biomedical,3,3
softway,3,3
globalpay,3,3
asr,3,3
century,3,3
assembler,3,3
softwork,3,3
optimist,3,3
mac,3,3
matrix consulting,3,3
mable,3,3
bullfrog,3,3
matrix it,3,3
soil,3,3
sojo,3,3
skilled,3,3
maat,3,3
sola,3,3
globals,3,3
itr,3,3
solana,3,3
solara,3,3
skild,3,3
matters,3,3
solaris,3,3
checkbox,3,3
assent,3,3
global services,3,3
optimization,3,3
it provider,3,3
websec,3,3
globalsoft,3,3
web seo,3,3
centroid,3,3
boya,3,3
solid digital,3,3
skg,3,3
web services,3,3
maven it,3,3
avex,3,3
sketch,3,3
m8,3,3
m360,3,3
maverick consulting,3,3
skap,3,3
devos,3,3
deflect,3,3
skald,3,3
devpoint,3,3
cheddar,3,3
skalar,3,3
genics,3,3
solomon consulting,3,3
mawi,3,3
envoi,3,3
american it,3,3
cheers,3,3
devsoft,3,3
sols,3,3
global vision,3,3
centrix,3,3
biosafe,3,3
sizzle,3,3
soluciones,3,3
createc,3,3
websmith,3,3
product,3,3
solusoft,3,3
devstack,3,3
itpro,3,3
entri,3,3
sixty,3,3
solutek,3,3
coop,3,3
sixtema,3,3
sixsense,3,3
maxion,3,3
maxnet,3,3
it pro,3,3
chem,3,3
webstyle,3,3
genia,3,3
sixfive,3,3
solva,3,3
maxtech,3,3
genex,3,3
solved,3,3
peak performance,3,3
dewey,3,3
prodigi,3,3
maxval,3,3
bpa,3,3
globus,3,3
solvers,3,3
biosciences,3,3
sivi,3,3
siva,3,3
gloo,3,3
solvit,3,3
chemicals,3,3
axxis,3,3
webtek,3,3
sits,3,3
dexa,3,3
genetics,3,3
biosense,3,3
air conditioning,3,3
lyte,3,3
definer,3,3
bigpicture,3,3
genero,3,3
define,3,3
sitech,3,3
acube,3,3
sonia,3,3
prodev,3,3
dexterity,3,3
coms,3,3
defiant,3,3
sonix,3,3
lynks,3,3
sonnet,3,3
it people,3,3
a10,3,3
sistema,3,3
it partner,3,3
glyph,3,3
generation digital,3,3
sophon,3,3
sirocco,3,3
webu,3,3
siris,3,3
adven,3,3
proda,3,3
piranha,3,3
luz,3,3
cherry,3,3
gmax,3,3
big idea,3,3
sosafe,3,3
chewy,3,3
mci,3,3
options,3,3
gmc,3,3
webwave,3,3
prod,3,3
soter,3,3
genee,3,3
itopia,3,3
lux,3,3
web world,3,3
mcn,3,3
sound,3,3
bullet,3,3
gmi,3,3
gms,3,3
gmt,3,3
advanced office,3,3
chi,3,3
central it,3,3
procore,3,3
3ds,3,3
chicago,3,3
gnext,3,3
source it,3,3
sourceit,3,3
sourceone,3,3
infotrack,3,3
sinewave,3,3
deepsource,3,3
sourcing,3,3
infotrust,3,3
sinergia,3,3
bakery,3,3
mdc,3,3
chili,3,3
airt,3,3
proconsult,3,3
southwest,3,3
brighter,3,3
procomp,3,3
sovereign,3,3
md-it,3,3
bpc,3,3
deepsense,3,3
big fish,3,3
go4,3,3
lunatech,3,3
deepsearch,3,3
since,3,3
abbi,3,3
mds,3,3
spacelink,3,3
sinatra,3,3
amr,3,3
spaceport,3,3
sinapsi,3,3
advenio,3,3
accelex,3,3
prochem,3,3
spaceship,3,3
simula,3,3
simul,3,3
amelia,3,3
spade,3,3
spar,3,3
bigblue,3,3
spare,3,3
geco,3,3
meca,3,3
gobi,3,3
luminary,3,3
gec,3,3
gobiz,3,3
simplifai,3,3
centaur,3,3
cent,3,3
sparkler,3,3
gobuddy,3,3
gearbox,3,3
simple web,3,3
meco,3,3
simpletech,3,3
adjacent,3,3
gocheck,3,3
gocloud,3,3
medas,3,3
bull,3,3
buk,3,3
sparkz,3,3
simpletax,3,3
it network,3,3
lume,3,3
accessit,3,3
sparsh,3,3
censys,3,3
big bang,3,3
orah,3,3
chiron,3,3
deep insight,3,3
ludi,3,3
deepflow,3,3
simpatico,3,3
gofer,3,3
lucky,3,3
deeper,3,3
amsoft,3,3
simon,3,3
gbx,3,3
mediacloud,3,3
simian,3,3
lucidity,3,3
wedge,3,3
gohire,3,3
simera,3,3
biq,3,3
gb,3,3
chord,3,3
gazelle,3,3
gaze,3,3
dibs,3,3
wedo,3,3
bailey,3,3
gaz,3,3
pear,3,3
gaya,3,3
buildit,3,3
lucent,3,3
specto,3,3
spectr,3,3
advanced mechanical,3,3
silversky,3,3
bien,3,3
mediasoft,3,3
lts,3,3
orange data,3,3
golden,3,3
ltech,3,3
deepbrain,3,3
ackermann,3,3
mediatree,3,3
dicom,3,3
silver cloud,3,3
birdi,3,3
lsi,3,3
amtec,3,3
lsg,3,3
lsa,3,3
celtic,3,3
golf,3,3
amtech,3,3
spera,3,3
spero,3,3
medical information,3,3
bidpro,3,3
gologic,3,3
medici,3,3
silicon,3,3
pearl consulting,3,3
silico,3,3
medico,3,3
loxia,3,3
different,3,3
amtek,3,3
lowkey,3,3
infraplan,3,3
silana,3,3
cid,3,3
probitas,3,3
spidr,3,3
integreat,3,3
orangesoft,3,3
exanet,3,3
asc,3,3
siila,3,3
spinach,3,3
cellworks,3,3
spindle,3,3
love,3,3
spinme,3,3
spinnaker,3,3
integri,3,3
spintec,3,3
spintech,3,3
bisa,3,3
signum,3,3
gardner,3,3
digger,3,3
garden,3,3
365,3,3
spires,3,3
loula,3,3
goodbits,3,3
meditech,3,3
cielo,3,3
spiti,3,3
medium,3,3
garaj,3,3
goodcall,3,3
louder,3,3
medley,3,3
amulet,3,3
digica,3,3
splendid,3,3
signals,3,3
orbi,3,3
cello,3,3
mednet,3,3
loro,3,3
sigmind,3,3
asta,3,3
goodie,3,3
digicom,3,3
amcon,3,3
spoken,3,3
goodland,3,3
craze,3,3
cignal,3,3
good people,3,3
admill,3,3
spore,3,3
abe,3,3
cim,3,3
prive,3,3
medulla,3,3
gap,3,3
sports data,3,3
priv,3,3
airy,3,3
sigma engineering,3,3
meep,3,3
activeit,3,3
sigma7,3,3
loox,3,3
building,3,3
dedicated,3,3
decypher,3,3
sifr,3,3
megabyte,3,3
infrasoft,3,3
spots,3,3
spott,3,3
gamut,3,3
gordian,3,3
emobi,3,3
spout,3,3
sieve,3,3
megasoft,3,3
loopin,3,3
springboard,3,3
digify,3,3
springs,3,3
amx,3,3
springworks,3,3
loopa,3,3
pristine,3,3
bitblue,3,3
cinder,3,3
bitbox,3,3
asteri,3,3
bia,3,3
cinetix,3,3
meili,3,3
sidewalk,3,3
cingo,3,3
priorit,3,3
sps,3,3
meister,3,3
gami,3,3
sidecar,3,3
sputnik,3,3
asteria,3,3
builder,3,3
cio services,3,3
decoded,3,3
games,3,3
siddhi,3,3
itility,3,3
bpt,3,3
sicuro,3,3
lookaround,3,3
meld,3,3
sic,3,3
craftsman,3,3
longshot,3,3
badge,3,3
comunicare,3,3
diginet,3,3
integrio,3,3
gameon,3,3
bhs,3,3
squares,3,3
melo,3,3
adventure,3,3
amc,3,3
shyft,3,3
shush,3,3
shuffle,3,3
ith,3,3
primitive,3,3
agribot,3,3
lola,3,3
wellbe,3,3
celestial,3,3
sree,3,3
srg,3,3
sri,3,3
bitcraft,3,3
active it,3,3
welldone,3,3
srl,3,3
aquis,3,3
gamatech,3,3
decisions,3,3
circuit,3,3
logyc,3,3
gama,3,3
ssb,3,3
celeste,3,3
circus,3,3
infront,3,3
ssit,3,3
ssl,3,3
grabit,3,3
ambrosia,3,3
ssr,3,3
sss,3,3
sst,3,3
sstech,3,3
celery,3,3
shot,3,3
integris,3,3
shortwave,3,3
stability,3,3
celero,3,3
gallery,3,3
stac,3,3
mend,3,3
logiware,3,3
mendel,3,3
digisource,3,3
mendit,3,3
2b,3,3
meng,3,3
graf,3,3
cqr,3,3
shopstory,3,3
ment,3,3
menta,3,3
staff,3,3
aston,3,3
wellsaid,3,3
astound,3,3
mente,3,3
logistify,3,3
logistics,3,3
menthor,3,3
galen,3,3
stainless,3,3
decimal,3,3
aryan,3,3
erc,3,3
mento,3,3
intron,3,3
sho,3,3
mentora,3,3
shiva,3,3
orderly,3,3
shipyard,3,3
grand,3,3
stand,3,3
3dot,3,3
mentum,3,3
logic research,3,3
cistec,3,3
grandstand,3,3
digital alchemy,3,3
logicore,3,3
grant,3,3
staq,3,3
galaxia,3,3
cita,3,3
infused,3,3
granter,3,3
infusion,3,3
ordr,3,3
wemagine,3,3
shimmer,3,3
logiciel,3,3
logic design,3,3
mercurio,3,3
buena,3,3
epay,3,3
weplan,3,3
cpt,3,3
galactic,3,3
gal,3,3
starnet,3,3
shield consulting,3,3
starpoint,3,3
shibumi,3,3
bglobal,3,3
sherpas,3,3
cite,3,3
gain,3,3
aira,3,3
graphen,3,3
logen,3,3
logbook,3,3
merp,3,3
wepro,3,3
zego,3,3
meru,3,3
applet,3,3
shelfie,3,3
cela,3,3
shelby,3,3
citec,3,3
log,3,3
werk,3,3
shearwater,3,3
stateless,3,3
meshed,3,3
statera,3,3
lofty,3,3
sharptech,3,3
grassroots,3,3
statum,3,3
meso,3,3
sharpe,3,3
meson,3,3
organic,3,3
lode,3,3
messenger,3,3
shark,3,3
lockstep,3,3
anakin,3,3
stb,3,3
stc,3,3
bq,3,3
analitica,3,3
arway,3,3
sharetech,3,3
evotech,3,3
ingenie,3,3
stech,3,3
br,3,3
it force,3,3
gadget,3,3
astrix,3,3
steeple,3,3
arvensys,3,3
zeit,3,3
metadata,3,3
stel,3,3
stella,3,3
bfc,3,3
gray,3,3
astrolab,3,3
gable,3,3
citinet,3,3
bricks,3,3
oriens,3,3
citio,3,3
arv,3,3
shapers,3,3
localize,3,3
cecilia,3,3
evos,3,3
prime it,3,3
locale,3,3
stepapp,3,3
digital democracy,3,3
cea,3,3
metamorph,3,3
shaka,3,3
astrum,3,3
stepin,3,3
cpl,3,3
local,3,3
step one,3,3
digital dna,3,3
astudio,3,3
fyn,3,3
lobby,3,3
original,3,3
backspace,3,3
backslash,3,3
sh,3,3
stereo,3,3
2m,3,3
beyond research,3,3
ites,3,3
sticky,3,3
digital dreams,3,3
metastreet,3,3
metastudio,3,3
origin to future,3,3
greenboard,3,3
ln,3,3
metavision,3,3
sga,3,3
sg,3,3
fwc,3,3
stl,3,3
digital edge,3,3
stm,3,3
sfm,3,3
metech,3,3
metek,3,3
dcx,3,3
pride,3,3
greencloud,3,3
digital energy,3,3
lma,3,3
stoke,3,3
dcube,3,3
ambition,3,3
evolve partners,3,3
buddi,3,3
analytica,3,3
green energy,3,3
store,3,3
beyondedge,3,3
iterative,3,3
bitq,3,3
stori,3,3
wetec,3,3
metra,3,3
seven it,3,3
iteration,3,3
dcr,3,3
metrica,3,3
iterate,3,3
emphasys,3,3
storybox,3,3
metrika,3,3
bucket,3,3
applications,3,3
livo,3,3
settle,3,3
dcpl,3,3
stp,3,3
aitek,3,3
digital exchange,3,3
greenhill,3,3
living,3,3
sets,3,3
beyond consulting,3,3
futurex,3,3
ingo,3,3
strand,3,3
orizon,3,3
orka,3,3
meu,3,3
orkestra,3,3
stratagem,3,3
dcode,3,3
futuretech,3,3
strategic consulting,3,3
sesh,3,3
green light,3,3
mex,3,3
cdc,3,3
mext,3,3
mfs,3,3
strategies,3,3
prevision,3,3
strategit,3,3
mgc,3,3
strategy,3,3
greenline,3,3
digital first,3,3
servsys,3,3
stratex,3,3
stratify,3,3
mgt,3,3
stratio,3,3
stratis,3,3
previse,3,3
strato,3,3
servo,3,3
wexo,3,3
servit,3,3
stratus,3,3
digital forest,3,3
preview,3,3
strava,3,3
streak,3,3
dci,3,3
wezen,3,3
civitas,3,3
arts,3,3
mi,3,3
streamlined,3,3
orpheus,3,3
aiq,3,3
livehive,3,3
green project,3,3
mic,3,3
brackets,3,3
streamtech,3,3
mica,3,3
streamwise,3,3
bitware,3,3
bitwise,3,3
cct,3,3
street,3,3
digital grid,3,3
streets,3,3
digital guru,3,3
aits,3,3
greenspace,3,3
itera,3,3
live digital,3,3
futurelab,3,3
orsa,3,3
serp,3,3
future innovation,3,3
pretzel,3,3
keyes,2,2
keyframe,2,2
keyless,2,2
key metric,2,2
keyo,2,2
key partner,2,2
keyport,2,2
key solution,2,2
keystone business services,2,2
keystroke,2,2
keytalk,2,2
keytech,2,2
keyvalue,2,2
keyway,2,2
keyword rockstar,2,2
keyworks,2,2
khaki,2,2
khazna,2,2
kheops,2,2
khepra,2,2
khepri,2,2
khg,2,2
khipu,2,2
khumbu,2,2
ki,2,2
kiara,2,2
kiban,2,2
kibbo,2,2
kic,2,2
kick digital,2,2
kickoff,2,2
kidas,2,2
kidato,2,2
kiki,2,2
kiku,2,2
kiln,2,2
kim,2,2
kimmic,2,2
kinderpass,2,2
kindhealth,2,2
kinectify,2,2
kinemo,2,2
kineticart,2,2
kinetic global,2,2
kinetic it,2,2
kinetik,2,2
kinetiq,2,2
kinfo,2,2
king company,2,2
kingly,2,2
kings code,2,2
kings digital,2,2
kingstone,2,2
king young,2,2
kinnect,2,2
kinnov,2,2
kino,2,2
kinth,2,2
kinto,2,2
kintohub,2,2
kintsugi,2,2
kion,2,2
kiosoft,2,2
kirakuna,2,2
kiri,2,2
kita,2,2
kitchenery,2,2
kitera,2,2
kitestring,2,2
kith,2,2
kits,2,2
kitt,2,2
kiwitech,2,2
kk,2,2
kko,2,2
kl,2,2
kland,2,2
klara,2,2
klarity,2,2
klart,2,2
klash,2,2
klassroom,2,2
klean,2,2
kleap,2,2
klient,2,2
klika,2,2
klink,2,2
klinkmann,2,2
kliq,2,2
kloc,2,2
klok,2,2
klondike,2,2
kloo,2,2
kloser,2,2
klout,2,2
klover,2,2
klu,2,2
klugo,2,2
kluster,2,2
klyp,2,2
km2,2,2
kmc,2,2
km digital,2,2
kmh,2,2
kmm,2,2
kmo,2,2
knapsack,2,2
knc,2,2
knet,2,2
knewron,2,2
knockout,2,2
knode,2,2
knoq,2,2
knosys,2,2
knotch,2,2
knots digital,2,2
knowable,2,2
knoware,2,2
knowbl,2,2
knowesis,2,2
knowledgebase,2,2
knowledge creation,2,2
knowledge inside,2,2
knowledge on demand,2,2
knowledge stream,2,2
knowledge transfer,2,2
knowledgeworks,2,2
knowlex,2,2
knowmail,2,2
knowtify,2,2
knp,2,2
koalabs,2,2
kobai,2,2
koble,2,2
kobo,2,2
kodi,2,2
kodiak,2,2
koding,2,2
kody,2,2
kog,2,2
kogent,2,2
kognition,2,2
kogo,2,2
koha,2,2
koho,2,2
kohort,2,2
koka,2,2
kokko,2,2
kol,2,2
kola,2,2
kolabs,2,2
kolibri,2,2
kollect,2,2
kolos,2,2
kombinat,2,2
kombitec,2,2
komit,2,2
komm,2,2
komtech,2,2
komugi,2,2
komunidad,2,2
konduit,2,2
konekti,2,2
konexions,2,2
konfido,2,2
kong,2,2
konica minolta,2,2
konnect,2,2
konnect media,2,2
konnekt,2,2
konsento,2,2
konsole,2,2
konstrukt,2,2
konsys,2,2
kontent,2,2
kontra,2,2
kontrol,2,2
kontron,2,2
konverge,2,2
konzept,2,2
koob,2,2
koofr,2,2
kooli,2,2
koona,2,2
kopano,2,2
kordata,2,2
korelogic,2,2
kor financial,2,2
kori,2,2
koris,2,2
kork,2,2
korra,2,2
korus consulting,2,2
kosa,2,2
kosmik,2,2
kota,2,2
koura,2,2
kovan,2,2
koviat leads,2,2
koya,2,2
koyal,2,2
koyeb,2,2
koyo,2,2
kp design,2,2
kpg,2,2
kpi analytics,2,2
krab,2,2
kraft,2,2
krai,2,2
krater,2,2
krato,2,2
kravis,2,2
krawl,2,2
kray,2,2
krayon,2,2
kreativa,2,2
kreative web,2,2
kredit,2,2
kredito,2,2
kreo,2,2
kresko,2,2
kreuzer consulting,2,2
kr global,2,2
krill,2,2
krios,2,2
kritek,2,2
kriya,2,2
krom,2,2
krome,2,2
kroo,2,2
krotos,2,2
krowd,2,2
krs,2,2
ksec,2,2
ks softech,2,2
kst,2,2
kt,2,2
ktm,2,2
ktn,2,2
kuadra,2,2
kuali,2,2
kuba,2,2
kubee,2,2
kubera,2,2
kubix,2,2
kubiya,2,2
kudo,2,2
kuiper,2,2
kuli,2,2
kulu,2,2
kumuda,2,2
kumulus,2,2
kunai,2,2
kunst,2,2
kuori,2,2
kurve,2,2
kushal,2,2
kustodian,2,2
kuzen,2,2
kvs,2,2
kwello,2,2
kwest,2,2
kwyk,2,2
kybalion,2,2
kyber,2,2
kyber security,2,2
kyla,2,2
kylin network,2,2
kymera,2,2
kynd,2,2
kynetic,2,2
kyos,2,2
kyp,2,2
kyriba,2,2
kythera,2,2
l33t,2,2
l7,2,2
l8,2,2
laava,2,2
lab19,2,2
lab3,2,2
lab51,2,2
labb,2,2
labbrand,2,2
labcore,2,2
labgo,2,2
labori,2,2
labplus,2,2
labrys,2,2
labsoft,2,2
labstar,2,2
labster,2,2
labtech,2,2
labturbo biotech,2,2
laduma,2,2
lae,2,2
lagniappe,2,2
lagoon,2,2
laidback,2,2
laika,2,2
lake,2,2
lake effect,2,2
lamar,2,2
lamb,2,2
lambda computing,2,2
lambent,2,2
lampa,2,2
lampros,2,2
lance,2,2
land engineering,2,2
landit,2,2
landmark environmental,2,2
landscape design imaging,2,2
land services,2,2
lanes,2,2
lang,2,2
language direct,2,2
languages,2,2
langzou,2,2
laniakea,2,2
lanpro,2,2
lan system,2,2
lanterna,2,2
lanx,2,2
lanxin,2,2
lapio,2,2
laputa,2,2
lares,2,2
largo,2,2
larin,2,2
larki,2,2
las,2,2
lasercut,2,2
laserfab,2,2
laser manufacturing,2,2
lasertec,2,2
lasertech,2,2
laso,2,2
latam,2,2
latech,2,2
latent space,2,2
latest,2,2
latitude it,2,2
lattitude,2,2
laude,2,2
launch it,2,2
launchpoint,2,2
launchworks,2,2
laundr,2,2
laundry,2,2
laurus,2,2
lavme,2,2
law,2,2
lawcloud,2,2
lawcus,2,2
lawgic,2,2
lawsoft,2,2
lawyal,2,2
lawyer,2,2
laya,2,2
layer 10,2,2
layered,2,2
layer it,2,2
layerup,2,2
layline,2,2
layr,2,2
lb,2,2
lba,2,2
lbb,2,2
lbt,2,2
lca,2,2
lc consulting,2,2
lcm,2,2
lcs,2,2
ldc,2,2
ldr,2,2
lead consult,2,2
leadcrm,2,2
leadedge,2,2
leader,2,2
leaders,2,2
leadforce,2,2
leadfront,2,2
leadfy,2,2
leadgen,2,2
leading,2,2
leading edge design,2,2
leading point,2,2
leading solution,2,2
leadlabs,2,2
leadlife,2,2
leadlogic,2,2
leadsmart,2,2
leadtech,2,2
leadtime,2,2
leadvision,2,2
leaf digital,2,2
leaflet,2,2
leafpress,2,2
leaftech,2,2
leandev,2,2
lean engineering,2,2
lean marketing,2,2
lean on,2,2
leanpay,2,2
leanscale,2,2
leap cloud,2,2
leap consulting,2,2
leapify,2,2
leapin,2,2
leapmind,2,2
leap networks,2,2
leapx,2,2
learn,2,2
learn21,2,2
learnable,2,2
learneo,2,2
learnify,2,2
learnlab,2,2
learn to fly,2,2
learn to win,2,2
lebo,2,2
lec,2,2
lecturio,2,2
lectus,2,2
leda,2,2
ledge,2,2
leeway,2,2
left,2,2
leftbrain,2,2
leftclick,2,2
legacy engineering,2,2
legalbot,2,2
legal desk,2,2
legalease,2,2
legal equalizer,2,2
legalist,2,2
legal it,2,2
legalmind,2,2
legal robot,2,2
legalyze,2,2
legends,2,2
legit,2,2
legume,2,2
leia,2,2
leif,2,2
leka,2,2
leland,2,2
lemongrass,2,2
lemonsoft,2,2
lemur,2,2
len,2,2
lena,2,2
lenco,2,2
lenderful,2,2
lendtech,2,2
lenio,2,2
lenso,2,2
lenx,2,2
lenz,2,2
leon,2,2
leonard,2,2
leondrino,2,2
leprix,2,2
lepton,2,2
lequest,2,2
lera,2,2
lerna,2,2
lero,2,2
leruths,2,2
lesson,2,2
lessons learned,2,2
let connect,2,2
let do this,2,2
let eat,2,2
let go,2,2
letmedoit,2,2
leto,2,2
lets,2,2
letsapp,2,2
letsbutterfly,2,2
letta,2,2
letty,2,2
letz,2,2
levana,2,2
leve,2,2
levee,2,2
level27,2,2
level five,2,2
level it,2,2
level up consulting,2,2
leverage consulting,2,2
leverage point,2,2
leverify,2,2
leviatan,2,2
levr,2,2
lexa,2,2
lexart,2,2
lexel,2,2
lexer,2,2
lexgo,2,2
lexicon,2,2
lexicon consulting,2,2
lexington,2,2
lexiq,2,2
lex it,2,2
lexius,2,2
lextech,2,2
leya,2,2
lezhi,2,2
lfp,2,2
lg,2,2
lg networks,2,2
lia,2,2
lianlian,2,2
liaplus,2,2
liber,2,2
liberate,2,2
libertas,2,2
liberty services,2,2
library,2,2
librasoft,2,2
libre,2,2
libretto,2,2
license pro,2,2
lide,2,2
lido,2,2
lifeapps,2,2
life biosciences,2,2
lifebot,2,2
lifebox,2,2
lifecycle,2,2
lifedata,2,2
lifee,2,2
lifeform,2,2
lifeid,2,2
life intelligence,2,2
life is,2,2
lifelab,2,2
lifelink,2,2
lifelong,2,2
life on mars,2,2
lifeprint,2,2
lifescience,2,2
life sciences,2,2
lifescore,2,2
lifesmart,2,2
lifetech,2,2
lifeware,2,2
lifo,2,2
lift industries,2,2
lift installations,2,2
liftup,2,2
lightboard,2,2
lightcode,2,2
lightcore,2,2
lightcurve,2,2
lightdash,2,2
light digital,2,2
lighthaus,2,2
lighthouse it,2,2
lighthouse services,2,2
lighting,2,2
light it,2,2
lightlink,2,2
lightmedia,2,2
lightnet,2,2
lightpad,2,2
lights,2,2
lightspeed,2,2
lightstone,2,2
lighttable,2,2
lighttwist,2,2
lightwave,2,2
ligilo,2,2
liip,2,2
like,2,2
like it,2,2
likely,2,2
like minded,2,2
lila,2,2
lilio,2,2
lilli,2,2
lily,2,2
lilypad,2,2
limbr,2,2
lime networks,2,2
limetree,2,2
limon,2,2
lincor,2,2
linearity,2,2
line media,2,2
linen,2,2
lines,2,2
line works,2,2
linfa,2,2
lingolet,2,2
lingu,2,2
link6,2,2
link consulting,2,2
linkd,2,2
linked,2,2
linker,2,2
linkflow,2,2
link health,2,2
linkhub,2,2
linkly,2,2
linkme,2,2
link motion,2,2
link solution,2,2
linkspace,2,2
linksystems,2,2
linkt,2,2
link-up,2,2
linkup,2,2
linkway,2,2
linkx,2,2
linkz,2,2
linova,2,2
linqs,2,2
lins,2,2
lintech,2,2
linton,2,2
linum,2,2
linux,2,2
linx,2,2
linxio,2,2
lionheart,2,2
lionsoft,2,2
lionx,2,2
lios,2,2
liquidedge,2,2
liquid mercury,2,2
liquidmetal,2,2
liquid studio,2,2
liquifi,2,2
liquify,2,2
liquitech,2,2
liqvid,2,2
liris,2,2
lis,2,2
lishi,2,2
lisn,2,2
list,2,2
listly,2,2
listnr,2,2
lisy,2,2
litecom,2,2
litestack,2,2
lithium digital,2,2
litt,2,2
littio,2,2
littlebird,2,2
little fish,2,2
lium,2,2
liume,2,2
liveart,2,2
livechat,2,2
live data,2,2
live earth,2,2
liveflow,2,2
livegreen,2,2
live home,2,2
liveli,2,2
livelike,2,2
liveline,2,2
livelink,2,2
livement,2,2
livepay,2,2
livestock,2,2
liveswitch,2,2
livet,2,2
liveware,2,2
livewire,2,2
livework,2,2
living ink,2,2
livtech,2,2
livv,2,2
lix,2,2
llama digital,2,2
llb,2,2
lloyd james media,2,2
lm,2,2
lmi,2,2
lm studio,2,2
lnb,2,2
lnk,2,2
load2go,2,2
loadhunter,2,2
lobstr,2,2
locad,2,2
local advisor,2,2
local app,2,2
local hero,2,2
localist,2,2
locality,2,2
locally,2,2
local media,2,2
localup,2,2
localyze,2,2
locatium,2,2
locent,2,2
loch,2,2
loci,2,2
lock,2,2
lockn,2,2
lockr,2,2
locomotive,2,2
locumate,2,2
log10,2,2
logan,2,2
logchain,2,2
loge,2,2
logg,2,2
logia,2,2
logic1,2,2
logical it,2,2
logicash,2,2
logicbox,2,2
logicloop,2,2
logicnets,2,2
logico,2,2
logicode,2,2
logicon,2,2
logicworks,2,2
logimap,2,2
login,2,2
logiq,2,2
logistica,2,2
logistical,2,2
logistix,2,2
logitel,2,2
logitrack,2,2
logixal,2,2
logix it,2,2
logon,2,2
logs,2,2
logsoft,2,2
logx,2,2
logz,2,2
lohas,2,2
loka,2,2
loki,2,2
loko,2,2
lolly,2,2
loma,2,2
longbridge,2,2
longcat,2,2
longcheer,2,2
long island data,2,2
looka,2,2
lookback,2,2
looking glass,2,2
lookout,2,2
lookup,2,2
loomio,2,2
loon,2,2
looped,2,2
looper,2,2
loopit,2,2
loop network services,2,2
loopt,2,2
loopx,2,2
loora,2,2
lootlocker,2,2
loqus,2,2
lorica,2,2
lorica cybersecurity,2,2
loris,2,2
lossless,2,2
lotusx,2,2
louis,2,2
lounge,2,2
loup,2,2
loupe,2,2
lovage,2,2
lovedata,2,2
lovell consulting,2,2
lovi,2,2
lovo,2,2
loxo,2,2
loyall,2,2
lp,2,2
lr,2,2
lsoft,2,2
lss,2,2
lt,2,2
ltk,2,2
luau,2,2
luby,2,2
lucasian,2,2
luce,2,2
lucent it,2,2
luchen,2,2
luci,2,2
lucida,2,2
lucid analytics,2,2
lucid consulting,2,2
lucid it,2,2
lucie,2,2
lucira health,2,2
lucis,2,2
luck,2,2
lucon,2,2
lucrative,2,2
ludex,2,2
ludlum,2,2
lugos,2,2
lukky,2,2
luma digital,2,2
lumatic,2,2
lumenai,2,2
lumenate,2,2
lumen business,2,2
lumera,2,2
lumico,2,2
lumigo,2,2
luminar,2,2
lumination,2,2
luminet,2,2
lumino,2,2
luminos,2,2
lumiq,2,2
lumitec,2,2
lumity,2,2
lumus,2,2
lunabee,2,2
lunaris,2,2
lunatek,2,2
lunaverse,2,2
lunch,2,2
lunchgate,2,2
lunch money,2,2
lundy,2,2
lune,2,2
luni,2,2
lunio,2,2
luno,2,2
lupa,2,2
lupin,2,2
lupinus,2,2
lupiter,2,2
luster,2,2
lusus,2,2
lutra,2,2
luup,2,2
luxcontrol,2,2
luxor,2,2
luxus,2,2
lxi,2,2
lyb,2,2
lyd,2,2
lygg,2,2
lygos,2,2
lyka,2,2
lykos,2,2
lyncme,2,2
lynes,2,2
lynq,2,2
lynxx,2,2
lyo,2,2
lyra,2,2
lyriko,2,2
lys,2,2
lyseis,2,2
lytica,2,2
m1,2,2
m2cloud,2,2
m2 communications,2,2
m2e,2,2
m2m,2,2
m2 partners,2,2
m2s,2,2
m2x,2,2
m3 networks,2,2
m4b,2,2
m6,2,2
m9,2,2
maad,2,2
maas,2,2
mab,2,2
macaire,2,2
macarne,2,2
machina,2,2
machine eye,2,2
machine perception,2,2
machine tools,2,2
machine zone,2,2
machining,2,2
mac it,2,2
mack,2,2
macom,2,2
macondo vision,2,2
macromicro,2,2
macros,2,2
macs,2,2
mactek,2,2
mad,2,2
mad brains,2,2
madd,2,2
madduck,2,2
made in,2,2
made it,2,2
mad hatter,2,2
madia,2,2
madlab,2,2
madlen,2,2
madness,2,2
mado,2,2
madrone,2,2
mads,2,2
madx,2,2
maestra,2,2
maestro media,2,2
maestrotech,2,2
mag,2,2
magellan aviation,2,2
magenta,2,2
magicall,2,2
magic box,2,2
magicflow,2,2
magic lamp,2,2
magicmind,2,2
magicode,2,2
magictel,2,2
magicx,2,2
magistral,2,2
magna fab,2,2
magneticone,2,2
magnifica,2,2
magnify,2,2
magno,2,2
magnox,2,2
magos,2,2
mahana,2,2
maic,2,2
maideasy,2,2
maiden,2,2
maidis,2,2
maidsafe,2,2
maihem,2,2
maik,2,2
mailing data,2,2
mail metrics,2,2
maimai,2,2
maino,2,2
mainstreet,2,2
maintain,2,2
maintenance,2,2
mais,2,2
maisa,2,2
maj,2,2
majic,2,2
maka,2,2
make agency,2,2
make art,2,2
make better,2,2
makebot,2,2
maker,2,2
makery,2,2
makesense,2,2
maket,2,2
makinarocks,2,2
makini,2,2
makonis,2,2
makora,2,2
maktub,2,2
malama health,2,2
malin,2,2
maloka,2,2
mammoth media,2,2
manabo,2,2
manaflow,2,2
managed it services,2,2
manage it,2,2
management consulting,2,2
managepoint,2,2
manageware,2,2
manao,2,2
man consulting,2,2
mandala,2,2
mandarin,2,2
manel,2,2
man energy,2,2
mangan,2,2
mango health,2,2
manhattan,2,2
maniac,2,2
mano,2,2
manor,2,2
mansion,2,2
manteia,2,2
mantel,2,2
mantic,2,2
mantl,2,2
manufactory,2,2
manus,2,2
manusis,2,2
mapme,2,2
mapol,2,2
mapple,2,2
mapview,2,2
mar,2,2
marathon,2,2
marble it,2,2
marcom,2,2
mari,2,2
marina,2,2
marine service,2,2
marine services,2,2
marin it,2,2
marino,2,2
mariposa,2,2
maris,2,2
marj,2,2
markable,2,2
market concepts,2,2
marketech,2,2
marketify,2,2
marketing academy,2,2
marketing factory,2,2
marketingforce,2,2
marketing genius,2,2
marketing id,2,2
marketinglab,2,2
marketing logic,2,2
marketing mavens,2,2
market insight,2,2
marketlab,2,2
market logic,2,2
market partner,2,2
marketplace,2,2
market research,2,2
marketspark,2,2
marketview,2,2
market vision,2,2
markhor,2,2
mark infotech,2,2
markley,2,2
mark one,2,2
marks,2,2
marlo,2,2
marmoset,2,2
marn,2,2
maroo,2,2
maroon,2,2
marple,2,2
marq,2,2
marsa,2,2
mars auto,2,2
mars engineering,2,2
marshal,2,2
marshals,2,2
mart,2,2
marta,2,2
martee,2,2
martin,2,2
maruti industries,2,2
marvelsoft,2,2
marven,2,2
maslow,2,2
mas maschinen,2,2
massive,2,2
massive insights,2,2
massive it,2,2
massolutions,2,2
masspay,2,2
mastek,2,2
masterapp,2,2
masterclass,2,2
masterly,2,2
masters,2,2
mastodon,2,2
matano,2,2
match,2,2
matchable,2,2
matchday,2,2
matched,2,2
match it,2,2
matchwork,2,2
mater,2,2
matereal,2,2
materia,2,2
material,2,2
material evolution,2,2
mates,2,2
mathdash,2,2
mathison,2,2
mathos,2,2
mati,2,2
matik,2,2
mation,2,2
matisse,2,2
mativ,2,2
matrice,2,2
matrics,2,2
matriks,2,2
matrimonial script,2,2
matrixian,2,2
matsuri,2,2
matta,2,2
matthias anderer,2,2
matto,2,2
mattrix,2,2
mauka,2,2
mauve,2,2
mav,2,2
mava,2,2
maven bio,2,2
maverick aerospace,2,2
maverick medical,2,2
mavin,2,2
mav reality,2,2
mavtek,2,2
max digital,2,2
maxence,2,2
maxi,2,2
maxid,2,2
maximum,2,2
maxinsight,2,2
maxio,2,2
maxq,2,2
maxsoft,2,2
maxsource,2,2
maxtracker,2,2
max trans,2,2
maxx medical,2,2
may,2,2
mayane,2,2
mayasoft,2,2
maybe,2,2
mayden,2,2
mayflower,2,2
mayo,2,2
mayple,2,2
mayven,2,2
mazing,2,2
mb associates,2,2
mbc,2,2
mbit,2,2
mbm,2,2
mbsi,2,2
mb soft,2,2
mbtech,2,2
mc2,2,2
mca,2,2
mcbi,2,2
mcc,2,2
mccoy,2,2
mcg,2,2
mclaren,2,2
mcledger,2,2
mcnally,2,2
mcom,2,2
mcon,2,2
mcore,2,2
mcorp,2,2
mcp,2,2
mcr,2,2
mc squared consulting,2,2
mct,2,2
mcube,2,2
md2,2,2
mdb consulting,2,2
md engineering,2,2
md healthcare,2,2
mdigital,2,2
mdk,2,2
mdl,2,2
md media,2,2
mdn,2,2
mdp,2,2
meadow,2,2
meal ticket,2,2
meaning,2,2
measurement,2,2
meatec,2,2
mecdata,2,2
mechanica,2,2
mechanical company,2,2
mechatronics,2,2
mechatronics engineering,2,2
mech-mind,2,2
medable,2,2
medallion,2,2
medapp,2,2
meddco,2,2
meddit,2,2
medengine,2,2
medera,2,2
medex,2,2
medgeo,2,2
media365,2,2
media8,2,2
mediabox,2,2
mediabrain,2,2
mediacore,2,2
media exchange,2,2
media it,2,2
medialab,2,2
media leads,2,2
medialink,2,2
medialis,2,2
medialoc,2,2
media manager,2,2
medianetworks,2,2
media plus,2,2
mediapro,2,2
mediaset,2,2
mediatec,2,2
mediatech,2,2
mediator,2,2
media vision,2,2
mediaweb,2,2
mediaworks,2,2
mediax,2,2
medibang,2,2
medic,2,2
medical billing consulting,2,2
medical informatics,2,2
medical support,2,2
medicast,2,2
medicircle,2,2
mediclerk,2,2
medicodio,2,2
medics,2,2
medicus it,2,2
medidas,2,2
mediguard,2,2
medi it,2,2
medinet,2,2
medisite,2,2
medisol,2,2
medisys,2,2
medit,2,2
medita,2,2
meditrix,2,2
medivr,2,2
medlinx,2,2
medly,2,2
medmax,2,2
medone,2,2
medop,2,2
medovent,2,2
medp,2,2
medpro,2,2
medra,2,2
medrunner,2,2
medsoft,2,2
medsphere,2,2
medsys,2,2
medtech,2,2
medtrics,2,2
medusa,2,2
medvision,2,2
medyx,2,2
meet,2,2
meetal,2,2
meeting,2,2
mega computer services,2,2
megadev,2,2
megam,2,2
megatech,2,2
megatel,2,2
megatronix,2,2
megh,2,2
megi,2,2
mehnert,2,2
mei,2,2
meissa,2,2
meit,2,2
meiyou,2,2
mekan,2,2
mekanic,2,2
mel,2,2
melatech,2,2
melba,2,2
melbourne,2,2
melc,2,2
melior,2,2
melis,2,2
meliva,2,2
melodio,2,2
melt,2,2
melta,2,2
membio,2,2
membit,2,2
memby,2,2
meme,2,2
memed,2,2
memgraph,2,2
memorable,2,2
memori,2,2
memoria,2,2
memory lane,2,2
memri,2,2
memverge,2,2
mena,2,2
mender,2,2
menet,2,2
menlo,2,2
mensch,2,2
mental,2,2
mentalab,2,2
mentat,2,2
mentech,2,2
mentio,2,2
mentium,2,2
mentore,2,2
mentr,2,2
mentra,2,2
menu,2,2
menza,2,2
meo,2,2
mep,2,2
mer,2,2
merak,2,2
mercado,2,2
merc aerospace,2,2
mercato,2,2
mercator,2,2
mercatus,2,2
mercu,2,2
mereo,2,2
merge consulting,2,2
meridian consulting,2,2
meridian it,2,2
merj,2,2
merse,2,2
merso,2,2
mesg,2,2
mesha,2,2
mesh consulting,2,2
mesh telecom,2,2
mesmer,2,2
message,2,2
metabase,2,2
metabiz,2,2
metabob,2,2
metabrain,2,2
metacom,2,2
metacommerce,2,2
metaconex,2,2
metacube,2,2
metadao,2,2
metadoc,2,2
metaedge,2,2
metafactory,2,2
metafi,2,2
metagood,2,2
metagravity,2,2
metal,2,2
metalogic,2,2
metaltech,2,2
metamedia,2,2
metameet,2,2
metamor,2,2
metamorphosys,2,2
metanet,2,2
metaphor it,2,2
metapix,2,2
metapro,2,2
metapulse,2,2
metas,2,2
metastate,2,2
metatron,2,2
metaware,2,2
metcon,2,2
metec,2,2
meteor,2,2
meter,2,2
methinks,2,2
method consulting,2,2
methodic,2,2
methods,2,2
meticulous,2,2
metown,2,2
metr,2,2
metrinomics,2,2
metrixx,2,2
metrobit,2,2
metro media,2,2
metron,2,2
metronet,2,2
metropolis,2,2
metsi,2,2
mettal,2,2
metz,2,2
mev,2,2
mevo,2,2
mewo,2,2
mexo,2,2
mgi,2,2
mgm,2,2
mgroup,2,2
mgx,2,2
mhealth,2,2
mhk,2,2
mhl,2,2
mhub,2,2
mi6,2,2
mibo,2,2
mibolsillo,2,2
mice,2,2
michibiku,2,2
microbiome,2,2
microburst learning,2,2
microbyte,2,2
microcare,2,2
micro cloud,2,2
microcore,2,2
microdata,2,2
microexcel,2,2
microfun,2,2
microfuse,2,2
microgeo,2,2
microgrid,2,2
microhealth,2,2
micromed,2,2
micropay,2,2
microplus,2,2
micropoint bioscience,2,2
microrio,2,2
microshare,2,2
microsonic,2,2
microsystem,2,2
microtalk,2,2
microtec,2,2
microtel,2,2
microverse,2,2
microweb,2,2
microx,2,2
mida,2,2
midata,2,2
midfield,2,2
midgard,2,2
midnight blue,2,2
midnite,2,2
midori,2,2
mids,2,2
midtown,2,2
midtown consulting,2,2
midwest it,2,2
mighty warners,2,2
migrate,2,2
mihira,2,2
miicare,2,2
miil,2,2
miit,2,2
mikado,2,2
mikronet,2,2
milagro,2,2
milemarker,2,2
milk,2,2
milkyway,2,2
millennia,2,2
millennial,2,2
millennium services,2,2
miller engineering,2,2
miller media,2,2
millie,2,2
millpond,2,2
millstone,2,2
milvus,2,2
mimar,2,2
mimetics,2,2
mimsoft,2,2
mindbase,2,2
mindconnect,2,2
mindcraft,2,2
mindera,2,2
mindfire,2,2
mindgard,2,2
mindit,2,2
mind it services,2,2
mindjoy,2,2
mind machine,2,2
mindmakers,2,2
mindmatch,2,2
mindmatters,2,2
mindnotix,2,2
mindo,2,2
mind over data,2,2
mindpool,2,2
mindpro,2,2
mindscale,2,2
mindscore,2,2
minds digital,2,2
mindsense,2,2
mindshare,2,2
mindshift,2,2
mindshine,2,2
mindstone,2,2
mindtrace,2,2
mindverse,2,2
mindway,2,2
mindwire,2,2
mindx,2,2
mindy,2,2
mineful,2,2
miner,2,2
minervaai,2,2
mingo aerospace,2,2
minimax solution,2,2
minimo,2,2
minimum,2,2
miningstore,2,2
minish,2,2
minka,2,2
minmini,2,2
minna,2,2
mino games,2,2
minori,2,2
minority,2,2
minova,2,2
minsky,2,2
mint academy,2,2
mint consulting,2,2
minti,2,2
mintly,2,2
mint media,2,2
mintology,2,2
mintplex,2,2
minu,2,2
minware,2,2
mio,2,2
mipro,2,2
miraculous,2,2
mirador,2,2
mirais,2,2
miranda,2,2
mirata,2,2
miraya,2,2
miros,2,2
mirrar,2,2
misc,2,2
misfit,2,2
mish,2,2
mismar,2,2
mismo,2,2
misoft,2,2
mission analytics,2,2
mission control,2,2
mission critical,2,2
mission cyber,2,2
mission ready,2,2
mission zero,2,2
mist,2,2
mitchell,2,2
mit consulting,2,2
mitho,2,2
mithril,2,2
mitiga,2,2
mitis,2,2
mitosis,2,2
mittelstand,2,2
mitto,2,2
mixr,2,2
mixx,2,2
mjm,2,2
mjolnir,2,2
mki,2,2
mk solution,2,2
mlabs,2,2
ml academy,2,2
mlm soft,2,2
mls,2,2
mma,2,2
mmc,2,2
mmd construction,2,2
mm info,2,2
mmsoft,2,2
mmtm,2,2
mnj,2,2
mnk,2,2
mns,2,2
mobapps,2,2
mobcast,2,2
mobie,2,2
mobiem,2,2
mobify,2,2
mobii,2,2
mobilab,2,2
mobile arts,2,2
mobile card,2,2
mobile cloud,2,2
mobile computer services,2,2
mobile edge,2,2
mobilefactory,2,2
mobile fun,2,2
mobile inventory services,2,2
mobile locker,2,2
mobile reality,2,2
mobilesoft,2,2
mobile up,2,2
mobilion,2,2
mobilis,2,2
mobilityz health,2,2
mobiliz,2,2
mobiloitte,2,2
mobiltron,2,2
mobinext,2,2
mobisec,2,2
mobisense,2,2
mobiteam,2,2
mobitech,2,2
mobito,2,2
mobius consulting,2,2
mobiweb,2,2
mobiwise,2,2
moc,2,2
mocka,2,2
mockingbird,2,2
moda,2,2
modas,2,2
model rocket,2,2
modelyst,2,2
modeo,2,2
modern defense,2,2
modex,2,2
modica,2,2
modii,2,2
modix,2,2
modtech,2,2
modu,2,2
module,2,2
modulr,2,2
moe,2,2
moffett,2,2
mogara,2,2
mogic,2,2
mogle,2,2
mogo,2,2
mogrify,2,2
mogura,2,2
moha,2,2
mohawk,2,2
moi,2,2
moirai,2,2
mojito,2,2
moko,2,2
moksa,2,2
mold,2,2
moly,2,2
momentum ventures,2,2
monar,2,2
monarc,2,2
monarch marketing,2,2
mond,2,2
mondata,2,2
monday,2,2
mondays,2,2
monde,2,2
mondial it,2,2
mondo,2,2
mondrian,2,2
mondu,2,2
moneo,2,2
moneta,2,2
monetise,2,2
monetta,2,2
moneynet,2,2
moneypay,2,2
moneysoft,2,2
monic,2,2
monitorapp,2,2
monitoring,2,2
monitoro,2,2
monkeys,2,2
monochrome,2,2
monogon,2,2
monom,2,2
monono,2,2
monstar,2,2
monster code,2,2
monstro,2,2
mont,2,2
montec,2,2
montera,2,2
monterey,2,2
montez,2,2
montr,2,2
montreal,2,2
moodles,2,2
moody,2,2
mool,2,2
moonblock,2,2
moonhub,2,2
moonlit,2,2
moonly,2,2
moonsoft,2,2
moonvalley,2,2
moonweb,2,2
moor,2,2
moot,2,2
moots,2,2
moova,2,2
mooven,2,2
mopi,2,2
moram,2,2
mori,2,2
moringa,2,2
morn laser,2,2
moro,2,2
morphic,2,2
morphing,2,2
morrison,2,2
mortgage automation,2,2
morty,2,2
morus,2,2
mos,2,2
mosa,2,2
mosaic consulting,2,2
mosaic fulfilment,2,2
mosaiclab,2,2
mosaic manufacturing,2,2
mosaiq,2,2
moses,2,2
moshpit,2,2
motec,2,2
motics,2,2
motify,2,2
motio,2,2
motion robotics,2,2
motiv intelligence,2,2
moto,2,2
motora,2,2
motor data,2,2
motorica,2,2
motovis,2,2
motrex,2,2
mouton,2,2
move2cloud,2,2
moveco,2,2
moved,2,2
move it,2,2
movelo,2,2
movement,2,2
movements,2,2
movendo,2,2
movens,2,2
mover,2,2
movere,2,2
moves,2,2
movia,2,2
moving,2,2
movivo,2,2
movr,2,2
mowa,2,2
moweb,2,2
moxey,2,2
moxy,2,2
moya,2,2
mozart,2,2
moze,2,2
mozi,2,2
mp consulting,2,2
mp data,2,2
mploy,2,2
mpower data,2,2
mprovement,2,2
mq,2,2
mrc,2,2
mre,2,2
mrk,2,2
mro,2,2
mrp,2,2
mrt,2,2
mrtech,2,2
msai,2,2
msd,2,2
msecure,2,2
msg,2,2
ms-innov,2,2
msit,2,2
msm,2,2
msquare,2,2
msr consulting,2,2
mst,2,2
mstage,2,2
mstar,2,2
mst services,2,2
msty,2,2
mta,2,2
mtech,2,2
mtek,2,2
mtg,2,2
mti,2,2
mt international,2,2
mtm consulting,2,2
mtrix,2,2
mts,2,2
muchbetter,2,2
mudflap,2,2
mudimedia,2,2
mudita,2,2
mug,2,2
mui,2,2
mujin,2,2
multichain,2,2
multichat,2,2
multicom,2,2
multiline,2,2
multilingual,2,2
multimed,2,2
multiplayer,2,2
multiplied,2,2
multiscale,2,2
multistream,2,2
multisys,2,2
multivision,2,2
multivu,2,2
mumble,2,2
mumo,2,2
muna,2,2
mundi,2,2
mundialis,2,2
munipro,2,2
munsoft,2,2
murho,2,2
murmur,2,2
muro,2,2
murphtech,2,2
muscle,2,2
museai,2,2
mush,2,2
music city,2,2
musk,2,2
muso,2,2
mustache,2,2
muta,2,2
mutable,2,2
mutant,2,2
mutek,2,2
müv,2,2
muver,2,2
muvu,2,2
mvc,2,2
mve,2,2
mvf,2,2
mvision,2,2
mvit,2,2
mvix,2,2
mvr,2,2
mvt,2,2
mwa,2,2
mxa,2,2
my appointment,2,2
mybiotech,2,2
mycare,2,2
mycity,2,2
mycom,2,2
mycos,2,2
mycrm,2,2
mycro,2,2
mycros,2,2
mydev,2,2
myego,2,2
myelin,2,2
myera,2,2
myestro,2,2
myfit,2,2
my guys,2,2
myhealth,2,2
myhm,2,2
myhotel,2,2
myhub,2,2
myitmanager,2,2
myko,2,2
mylab,2,2
my legal,2,2
mylife,2,2
mylium,2,2
mymarket,2,2
myna,2,2
myown,2,2
mypay,2,2
myphone,2,2
mypixel,2,2
myprivacy,2,2
mypulse,2,2
myr,2,2
myrent,2,2
myria,2,2
myrobot,2,2
myror,2,2
mys,2,2
mysa,2,2
my single point,2,2
mysite,2,2
myskills,2,2
mystic,2,2
mystreme,2,2
mystro,2,2
mytab,2,2
mytaverse,2,2
mytech,2,2
myth,2,2
mytime,2,2
mytos,2,2
myturn,2,2
myudaan,2,2
my voice,2,2
mywave,2,2
mywork,2,2
myx,2,2
myxt,2,2
my yard,2,2
n2i,2,2
n2n services,2,2
n3o,2,2
n4,2,2
n5,2,2
nacci,2,2
nact,2,2
nada,2,2
nadra,2,2
nagish,2,2
nailbiter,2,2
najing,2,2
naki,2,2
namaa,2,2
namaste,2,2
namaste business,2,2
namek,2,2
namerific,2,2
namespace,2,2
namida,2,2
nami ml,2,2
nane,2,2
nanjing kent composite materials,2,2
nanohub,2,2
nanoit,2,2
nanolab,2,2
nanolife,2,2
nanomist,2,2
nanoport,2,2
nanos,2,2
nanosafe,2,2
nanosys,2,2
nanovis,2,2
nanoxplore,2,2
naomi,2,2
naos,2,2
naotech,2,2
naplab,2,2
napp,2,2
napsis,2,2
nara,2,2
nari,2,2
narrativ,2,2
narrator,2,2
naru,2,2
narval,2,2
narvee,2,2
nas,2,2
nascor,2,2
nass,2,2
natc,2,2
natek,2,2
nathan research,2,2
national cyber security centre,2,2
national environmental,2,2
national management,2,2
national research,2,2
national test,2,2
nations,2,2
natml,2,2
nats,2,2
natter,2,2
natural,2,2
nature innovation,2,2
nautilus data,2,2
nautilus digital,2,2
navan,2,2
navana,2,2
navari,2,2
navatar,2,2
naver,2,2
navex,2,2
navia,2,2
navicosoft,2,2
navier,2,2
naviga,2,2
navigate consulting,2,2
navilog,2,2
navina,2,2
navio,2,2
navios,2,2
naviro,2,2
navit,2,2
navitec,2,2
navitech,2,2
navnet,2,2
navus,2,2
nawa,2,2
nazar,2,2
nazca,2,2
nb,2,2
nbe,2,2
nca,2,2
ncg,2,2
nck,2,2
ncl,2,2
ncompass,2,2
nde,2,2
ndex,2,2
ndm,2,2
ndn,2,2
nds,2,2
nds infoserv,2,2
ne,2,2
nearby,2,2
near me,2,2
nearme,2,2
nearpeer,2,2
nearsoft,2,2
neboola,2,2
nebula cybersecurity,2,2
nebulas,2,2
necara,2,2
necon,2,2
necsys,2,2
nectere,2,2
nectir,2,2
ned,2,2
needham,2,2
needl,2,2
neem,2,2
neema,2,2
neety,2,2
neft,2,2
nehan,2,2
neighbor,2,2
neighborly,2,2
neiro,2,2
neiron,2,2
nektar,2,2
neli,2,2
nelo,2,2
nelson,2,2
nelso private,2,2
nelumbo,2,2
nem,2,2
nema,2,2
nemesis global,2,2
nemoris,2,2
nendo,2,2
neno,2,2
neo auvra,2,2
neocodex,2,2
neocom,2,2
neo consulting,2,2
neocore,2,2
neocortex,2,2
neocrm,2,2
neofi,2,2
neofin,2,2
neohire,2,2
neolab,2,2
neolaser,2,2
neologix,2,2
neomind,2,2
neoos,2,2
neople,2,2
neoscience,2,2
neos consulting,2,2
neosem,2,2
neosis,2,2
neosmart,2,2
neo soft,2,2
neosoft,2,2
neosolax,2,2
neostella,2,2
neotek,2,2
neoteric,2,2
neova,2,2
nepos,2,2
nera,2,2
nerde,2,2
nerds,2,2
nerds company,2,2
nerdware,2,2
nerdy,2,2
nerian vision,2,2
nerit,2,2
nesh,2,2
nesi,2,2
nesos,2,2
ness,2,2
nested,2,2
nest egg,2,2
nestegg,2,2
neta,2,2
netart,2,2
netbird,2,2
netbiz,2,2
netblaze,2,2
netboss,2,2
netbox,2,2
netbrain,2,2
netclass,2,2
net communications,2,2
net consulting,2,2
netcore,2,2
netdialog,2,2
neteffect,2,2
neten,2,2
netenergy,2,2
netex,2,2
netfarm,2,2
netfix,2,2
netfocus,2,2
netforward,2,2
netfox,2,2
netgains,2,2
netgo,2,2
neti,2,2
netica,2,2
netico,2,2
netics,2,2
netify,2,2
netinfo,2,2
netip,2,2
netix,2,2
net knowledge,2,2
netleaf,2,2
netlogix,2,2
netmaker,2,2
netminds,2,2
netmove,2,2
net ninjas,2,2
netnow,2,2
netology,2,2
neton,2,2
netpark,2,2
netpeak,2,2
netq,2,2
netree,2,2
netrise,2,2
netrix,2,2
netsafe,2,2
netsecurity,2,2
netshell,2,2
netsmart,2,2
net soft,2,2
net soluzioni informatiche,2,2
netsoul,2,2
netspark,2,2
netspin,2,2
netsquare,2,2
netstreet,2,2
netsync,2,2
netsys,2,2
nettle,2,2
netux,2,2
net vision,2,2
netwire,2,2
network associates,2,2
network consulting,2,2
network consulting services,2,2
network dynamics,2,2
networker,2,2
networkers,2,2
network one,2,2
network partners,2,2
networth,2,2
networx,2,2
netwrk,2,2
netza,2,2
neubio,2,2
neue,2,2
neuraconnect,2,2
neurala,2,2
neuralens,2,2
neural networks,2,2
neuranics,2,2
neurobit,2,2
neurocore,2,2
neuro data,2,2
neurome,2,2
neuromorph,2,2
neurones,2,2
neuronics,2,2
neuros,2,2
neurosense,2,2
neurospace,2,2
neurosys,2,2
neurotype,2,2
neuton,2,2
neveling reply,2,2
never before heard sounds,2,2
nevercode,2,2
new age,2,2
newbridge,2,2
newcastle,2,2
new consulting,2,2
newcore,2,2
newdeal,2,2
neweb,2,2
newen,2,2
new field,2,2
new future,2,2
new generation communication,2,2
newicon,2,2
newindex,2,2
new iron,2,2
newit,2,2
new leaf,2,2
new level,2,2
new life,2,2
newlife,2,2
new light,2,2
new line,2,2
new media services,2,2
newmind,2,2
new motion,2,2
new now,2,2
newo,2,2
newpage,2,2
new reality,2,2
newsbreak,2,2
news direct,2,2
newsoft,2,2
newspace,2,2
new system,2,2
newtech,2,2
newtel,2,2
new territory,2,2
new things,2,2
newton media,2,2
newtral,2,2
newtype,2,2
newvue,2,2
newwave,2,2
new wave system,2,2
newway,2,2
nexbox,2,2
nexcloud,2,2
nexcom,2,2
nexcorp,2,2
nexdata,2,2
nexedi,2,2
nexent,2,2
nexeo,2,2
nexeon,2,2
nexgen cloud,2,2
nexgent,2,2
nexigen,2,2
nexilis,2,2
nexis,2,2
nexl,2,2
nexlab,2,2
nexnet,2,2
nexolve,2,2
nexone,2,2
nexos,2,2
nexpay,2,2
nexplay,2,2
nexport,2,2
nexsoft,2,2
nexta,2,2
nextapps,2,2
next big thing,2,2
nextbillion,2,2
next century,2,2
nextchain,2,2
nextclass,2,2
nextcloud,2,2
next core,2,2
nextd,2,2
next data,2,2
nextdata,2,2
next door,2,2
nextdrop,2,2
nextedge,2,2
nexteon,2,2
nextforce,2,2
nextgem,2,2
next generation it,2,2
next generation security,2,2
nextgen partners,2,2
nexti,2,2
nextia,2,2
next idea,2,2
nextime,2,2
next in line,2,2
nextlane,2,2
nextlayer,2,2
nextlevel,2,2
nextlink,2,2
nextly,2,2
next marketing,2,2
nextmedia,2,2
next motion,2,2
nextmove,2,2
nextnet,2,2
nexton,2,2
next one,2,2
nextpoint,2,2
nextrek,2,2
nextrend,2,2
nextride,2,2
nextround,2,2
nextservice,2,2
nextsky,2,2
nextstage,2,2
nextstep,2,2
nexturn,2,2
nextvision,2,2
nextware,2,2
nextway,2,2
nextweb,2,2
nextwind,2,2
nextwork,2,2
nextx,2,2
nextzen,2,2
nexu,2,2
nexus global,2,2
nexus innovations,2,2
nexuslink,2,2
nexus network,2,2
nexus services,2,2
nexwave,2,2
nexweb,2,2
nexxio,2,2
nexxt,2,2
nfc,2,2
nfinity,2,2
nfj,2,2
nfluence,2,2
nft,2,2
ng,2,2
nga,2,2
ngauge,2,2
nhance,2,2
ni,2,2
nia,2,2
nibiru,2,2
nibox,2,2
nica,2,2
nicely,2,2
nick,2,2
nicky,2,2
nict,2,2
nift,2,2
nifty,2,2
niles,2,2
nilus,2,2
nim,2,2
nimbler,2,2
nimblesoft,2,2
nimblr,2,2
nimbo,2,2
nimbox,2,2
nimbus cloud,2,2
nimbus consulting,2,2
nimmsta,2,2
nindo,2,2
nines consulting,2,2
ninox,2,2
nint,2,2
ninth wave,2,2
nios,2,2
nipun,2,2
nipuna,2,2
nirrin,2,2
nirva,2,2
nirwana,2,2
nis,2,2
nis consulting,2,2
nish,2,2
nisos,2,2
nitech,2,2
niti,2,2
nitor,2,2
nitra,2,2
nitricity,2,2
nitro interactive marketing,2,2
nits,2,2
nity,2,2
nivel,2,2
nivi,2,2
nix,2,2
nixo,2,2
nj,2,2
nk,2,2
nki,2,2
nkt,2,2
nmg,2,2
nmind,2,2
nmr,2,2
nms,2,2
nn,2,2
no,2,2
noa,2,2
noar,2,2
nobe,2,2
nobel,2,2
nobl,2,2
nobly,2,2
nob studio,2,2
nobu,2,2
nocks,2,2
nocode,2,2
nocturnal,2,2
nocturne,2,2
noda,2,2
node capital,2,2
noded,2,2
nodes,2,2
nodeshift,2,2
nodis,2,2
noesys,2,2
nofraud,2,2
noggle,2,2
nohq,2,2
noid,2,2
noitavonne,2,2
noitom,2,2
noknok,2,2
nomads,2,2
nomio,2,2
nomos,2,2
nomy,2,2
nonagon,2,2
no name,2,2
noodle,2,2
nooks,2,2
no parking,2,2
no problem,2,2
nora,2,2
norbit,2,2
norce,2,2
nordic backup,2,2
norditech,2,2
nordstar,2,2
nordtech,2,2
norm,2,2
norma,2,2
normative,2,2
normo,2,2
norn,2,2
norse,2,2
norsoft,2,2
northbridge,2,2
northcom,2,2
northe,2,2
northeast computer services,2,2
north house,2,2
northport,2,2
northridge,2,2
north road,2,2
north side,2,2
northway,2,2
northwest partners,2,2
northwind engineering,2,2
nosco,2,2
nossa,2,2
notam,2,2
note,2,2
noteable,2,2
noted,2,2
notey,2,2
noticia,2,2
notifius,2,2
notilo plus,2,2
notis,2,2
notos,2,2
nottingham,2,2
nou,2,2
nouri,2,2
novab,2,2
novac,2,2
novacore,2,2
novadata,2,2
novagreen,2,2
nova it,2,2
novalia,2,2
novalink,2,2
novality,2,2
novamap,2,2
novaplex,2,2
novare,2,2
novarium,2,2
novasparks,2,2
novasys,2,2
novata,2,2
novate,2,2
novatech,2,2
novations,2,2
novaworks,2,2
novelty media,2,2
novi,2,2
novia,2,2
novigi,2,2
novigo,2,2
novis,2,2
novit,2,2
novium,2,2
novoprotein,2,2
novotech,2,2
novu,2,2
novum,2,2
novus it,2,2
nowadays,2,2
now digital,2,2
nowon,2,2
nowsite,2,2
nowteam,2,2
noxus,2,2
noya,2,2
noyes,2,2
noze,2,2
nozomi,2,2
nozomio,2,2
nozzle,2,2
npi,2,2
npm,2,2
nps,2,2
nrby,2,2
nrg,2,2
nrgi,2,2
nri data itech,2,2
nse,2,2
nsg,2,2
nsight,2,2
nsit,2,2
nsm,2,2
nso,2,2
nsp,2,2
nsquared,2,2
nstarx,2,2
ntc,2,2
nteg,2,2
ntek,2,2
nth,2,2
nth dimension,2,2
ntrust,2,2
ntry,2,2
ntx,2,2
nu,2,2
nuada,2,2
nuage it,2,2
nuance,2,2
nubeo,2,2
nubis,2,2
nubiz,2,2
nuclearis,2,2
nuclei,2,2
nucleo digital,2,2
nucleon,2,2
nucore,2,2
nueve,2,2
nuit,2,2
numa,2,2
numen,2,2
numera,2,2
numerical,2,2
numerik,2,2
numerique,2,2
numerous,2,2
numpy,2,2
nuna,2,2
nuo,2,2
nuon,2,2
nupay,2,2
nupoint,2,2
nurdle,2,2
nurse,2,2
nus,2,2
nusource,2,2
nutcracker,2,2
nuvio,2,2
nuviz,2,2
nuvoteq,2,2
nuwa,2,2
nuwe,2,2
nuwire,2,2
nux,2,2
nvico,2,2
nvision imaging,2,2
nvisionx,2,2
nviso,2,2
nvm,2,2
nvt,2,2
nx digital,2,2
nxgen,2,2
nxgn,2,2
nxm,2,2
nxn,2,2
nxtlvl,2,2
nyble,2,2
nyc,2,2
nym,2,2
nyx,2,2
nz,2,2
nzero,2,2
nzyme,2,2
o2h,2,2
o2 media,2,2
oakbarrel,2,2
oak city,2,2
oak studios,2,2
oapps,2,2
oase,2,2
oben,2,2
obento health,2,2
obi,2,2
obi media,2,2
objects,2,2
oblio,2,2
obm,2,2
obn,2,2
obol,2,2
obscure,2,2
observ,2,2
observa,2,2
observable,2,2
observer,2,2
obsidian,2,2
occipital,2,2
occupop,2,2
oceanfrogs,2,2
oceanx,2,2
ockham,2,2
ocl,2,2
ocode,2,2
oct,2,2
octagon,2,2
octahedron,2,2
octapus,2,2
octava,2,2
octavia,2,2
octets,2,2
october,2,2
octofi,2,2
octopass,2,2
octoplus,2,2
octopos,2,2
octosoft,2,2
octothorpe,2,2
oculus,2,2
ocv,2,2
oddball,2,2
oddity,2,2
odeon,2,2
odesk,2,2
odix,2,2
odm,2,2
odn,2,2
odysee,2,2
odyssey consulting,2,2
oem,2,2
of,2,2
offer,2,2
offerland,2,2
offset,2,2
offshore it services,2,2
offside,2,2
offsite,2,2
og media,2,2
ogment,2,2
ogs,2,2
oh,2,2
oh gift card,2,2
ohi,2,2
ohio web,2,2
ohos,2,2
oic,2,2
oikos,2,2
oil,2,2
oilfield services,2,2
ojo,2,2
okam,2,2
okeanos,2,2
oken,2,2
okko,2,2
okkular,2,2
okra,2,2
okto,2,2
oktol,2,2
ol,2,2
olatech,2,2
ole,2,2
olea,2,2
oligosoft,2,2
olivine,2,2
olla,2,2
olli,2,2
olo,2,2
ology,2,2
olos,2,2
olto,2,2
oly,2,2
olympe,2,2
olympic,2,2
olympos,2,2
oma,2,2
omate,2,2
omatic,2,2
ombu,2,2
omecon,2,2
omedia,2,2
omega consulting,2,2
omega environmental services,2,2
omegasoft,2,2
omelas,2,2
ometa,2,2
omic,2,2
omica,2,2
omind,2,2
om infotech,2,2
omio,2,2
omis,2,2
omisoft,2,2
omm,2,2
omma,2,2
omnee,2,2
omnia consulting,2,2
omnidea,2,2
omni digital,2,2
omni environmental,2,2
omnifi,2,2
omnify,2,2
omnigen,2,2
omninet,2,2
omni networks,2,2
omnious,2,2
omnipresent,2,2
omnipro,2,2
omniscience,2,2
omniscreen,2,2
omnisense,2,2
omnisensing photonics,2,2
omnisys,2,2
omnitech,2,2
omnitek,2,2
omniteq,2,2
omniware,2,2
omniworks,2,2
omny,2,2
omx,2,2
omz,2,2
on3,2,2
ona,2,2
onbord,2,2
oncall it,2,2
onco,2,2
oncode,2,2
oncohealth,2,2
oncourse,2,2
ondata,2,2
ondema,2,2
on demand,2,2
onder,2,2
one4all,2,2
oneapp,2,2
oneaway,2,2
onebase,2,2
onebill,2,2
one business,2,2
onebuy,2,2
onebyte,2,2
one call,2,2
onecell,2,2
onechat,2,2
one circle,2,2
onecity,2,2
onecommons,2,2
one compliance,2,2
one consulting,2,2
one data,2,2
onedeck,2,2
one degree,2,2
one design,2,2
onedesk,2,2
one dot,2,2
onedot,2,2
onedrop,2,2
oneeleven,2,2
oneflow,2,2
onefocus,2,2
onegen,2,2
oneguide,2,2
one hill,2,2
onehive,2,2
onehq,2,2
onehub,2,2
oneighty,2,2
oneit,2,2
onelab,2,2
onelife,2,2
one market,2,2
onemarket,2,2
one media,2,2
onemind,2,2
one motion,2,2
onenet,2,2
onepager,2,2
onepilot,2,2
oneplusone,2,2
one point one,2,2
onepos,2,2
ones,2,2
onesafe,2,2
oneself,2,2
one services,2,2
onesite,2,2
onesky,2,2
onesoft,2,2
one solution,2,2
onesource consulting,2,2
one step,2,2
onestep,2,2
one stop,2,2
onestop,2,2
one tap,2,2
onetapp,2,2
oneteam,2,2
onething,2,2
oneto11,2,2
one to one,2,2
one to one marketing,2,2
onetouch,2,2
onevault,2,2
one visa,2,2
one way,2,2
one work,2,2
oneworld,2,2
onezero,2,2
ongen,2,2
ongoing,2,2
oni,2,2
onigo,2,2
on it,2,2
onix,2,2
onlight,2,2
onlime,2,2
online biz,2,2
online intelligence,2,2
online learning,2,2
online media,2,2
onmessage,2,2
onnet,2,2
onoff,2,2
onoma,2,2
onpay,2,2
on point,2,2
onpointe,2,2
onpoint services,2,2
onpower,2,2
onq,2,2
ons,2,2
onscale,2,2
onserve,2,2
onshore,2,2
onsoft,2,2
onspot,2,2
onswitch,2,2
on the mark,2,2
on the road,2,2
on the spot,2,2
ontik,2,2
onto,2,2
ontop,2,2
ontrak,2,2
ontrix,2,2
onwater,2,2
onyma,2,2
onyo,2,2
onyx data,2,2
onyx services,2,2
oomph,2,2
oop,2,2
oops,2,2
op,2,2
opalai,2,2
opay,2,2
opel,2,2
openai,2,2
open app,2,2
openbase,2,2
openbridge,2,2
openbyte,2,2
opencall,2,2
opencampus,2,2
opencircle,2,2
open door,2,2
opendoor,2,2
open dynamics,2,2
openet,2,2
open experience,2,2
openfi,2,2
openfiber,2,2
openflow,2,2
openfood,2,2
open for business,2,2
openframe,2,2
open interactive,2,2
openip,2,2
open it,2,2
openit,2,2
openix,2,2
open journal,2,2
openlaw,2,2
openlayer,2,2
openmart,2,2
open media,2,2
open medical,2,2
open minds,2,2
openminds,2,2
opennetworks,2,2
opennode,2,2
openpath,2,2
openplay,2,2
openq,2,2
open sesame,2,2
opensesame,2,2
opensis,2,2
open sky,2,2
opensky,2,2
open social,2,2
open solution,2,2
openspace,2,2
openspec,2,2
openstage,2,2
openstudio,2,2
openteam,2,2
openview,2,2
openwise,2,2
openworld,2,2
opera,2,2
operand,2,2
operandi,2,2
operator,2,2
operit,2,2
opes,2,2
opin,2,2
opl,2,2
oppi,2,2
oproma,2,2
opsi,2,2
opslab,2,2
opso,2,2
optech,2,2
optemo,2,2
opticore,2,2
optidata,2,2
optigon,2,2
optimal dynamics,2,2
optimal it,2,2
optimile,2,2
optimind,2,2
optimistic,2,2
optimity,2,2
optimized,2,2
optimize it,2,2
optimizer,2,2
optimizing,2,2
optimon,2,2
optimum response,2,2
optimy,2,2
optinav,2,2
optinet,2,2
optios,2,2
optis,2,2
optiva,2,2
optiwise,2,2
optm,2,2
opulence,2,2
opulus,2,2
opx,2,2
orangebox,2,2
orange digital,2,2
orange marketing,2,2
orangeone,2,2
orange security,2,2
orbe,2,2
orbify,2,2
orbital matter,2,2
orbiter,2,2
orbitum,2,2
orbitx,2,2
orby,2,2
orca business,2,2
orca it,2,2
orchard robotics,2,2
orchest,2,2
orda,2,2
orderhub,2,2
orderr,2,2
ordo,2,2
ore,2,2
oregon,2,2
oreka,2,2
oren,2,2
org,2,2
organica,2,2
organit,2,2
organize,2,2
orgavision,2,2
orgorg,2,2
orgplan,2,2
origen,2,2
origin digital,2,2
origin materials,2,2
origon,2,2
orinoco,2,2
orion digital,2,2
orion finance,2,2
orionis,2,2
orion ixl berhad,2,2
orion system,2,2
oris,2,2
ormit,2,2
ornis,2,2
oro,2,2
orquidea,2,2
orro,2,2
ortelius,2,2
orthodox,2,2
osas,2,2
osborne consulting,2,2
oscorp,2,2
osdb,2,2
ose,2,2
oseberg,2,2
oseh,2,2
osense,2,2
oshin,2,2
osiris,2,2
osiris consulting,2,2
osirius,2,2
osis,2,2
oslo,2,2
osm,2,2
osmo,2,2
osmond,2,2
osoft,2,2
osom,2,2
osp,2,2
ossia,2,2
ossianix,2,2
osstec,2,2
ost,2,2
ostec,2,2
ostendo,2,2
ostrich,2,2
oswald,2,2
ota,2,2
otechnology,2,2
otherland,2,2
otomo,2,2
otr,2,2
otta,2,2
otterspace,2,2
ottomate,2,2
ottomedia,2,2
otus,2,2
ought,2,2
ouma,2,2
ouroboros,2,2
out,2,2
outbox,2,2
outclass,2,2
outcode,2,2
outerspace,2,2
outfield,2,2
outflank,2,2
outfox,2,2
outgrow,2,2
outland,2,2
outlier,2,2
outmarket,2,2
out of the box it,2,2
outplay,2,2
output,2,2
outreach,2,2
outsail,2,2
outsell,2,2
outsense,2,2
outset,2,2
outside digital,2,2
outside in,2,2
outsoft,2,2
outsource management,2,2
outsource now,2,2
outsourcing services,2,2
outthink,2,2
outward,2,2
outworx,2,2
ovale,2,2
overclock,2,2
overdrive,2,2
overhere,2,2
overlay,2,2
overloop,2,2
overpass,2,2
overseed,2,2
overseer,2,2
overstory,2,2
overtone,2,2
overture,2,2
ovice,2,2
ovida,2,2
ovio,2,2
ovivo,2,2
ovr,2,2
ovrture,2,2
ovs,2,2
owasys,2,2
owera,2,2
owl media,2,2
owl studio,2,2
owly,2,2
ownest,2,2
ows,2,2
oxa,2,2
oxalis,2,2
oxen,2,2
oxford it,2,2
oxigen,2,2
oxio,2,2
oxipital,2,2
oxo,2,2
oxus,2,2
oxygen forensics,2,2
oystec,2,2
oz,2,2
ozi,2,2
oz marketing,2,2
ozmo,2,2
p1,2,2
p17,2,2
p2,2,2
p2p,2,2
p2p business,2,2
p360,2,2
paas,2,2
paces,2,2
pachira,2,2
pacific,2,2
pacifica,2,2
pacific coast,2,2
pacific data,2,2
pacific network,2,2
packs,2,2
packup,2,2
packwell,2,2
packworks,2,2
pactio,2,2
pactly,2,2
pactum,2,2
pad,2,2
padlock,2,2
paga,2,2
pagaya,2,2
page agency,2,2
pagoda,2,2
paige,2,2
painting,2,2
paired,2,2
pairup,2,2
pairy,2,2
paisa,2,2
pais digital,2,2
palapa,2,2
palco,2,2
paldo,2,2
pale blue,2,2
palisade,2,2
palla,2,2
palli,2,2
palmer,2,2
palmetto,2,2
pal mühendislik,2,2
palomar,2,2
pals,2,2
paltech,2,2
pana,2,2
pandas,2,2
pandatech,2,2
pandemic,2,2
panel,2,2
panels,2,2
panjaya,2,2
panomatics,2,2
panora,2,2
panorama,2,2
panorama consulting,2,2
panorama id,2,2
panoramix,2,2
pansoft,2,2
panta,2,2
panteon,2,2
panza,2,2
papa,2,2
paper,2,2
paper planes,2,2
paperstack,2,2
papirus,2,2
paps,2,2
par,2,2
parabol,2,2
parabole,2,2
paradigma,2,2
paradigm research,2,2
paragraph,2,2
parakeet,2,2
parakey,2,2
parallels,2,2
parami,2,2
paramount enterprises,2,2
paras,2,2
parashoot,2,2
paratus,2,2
paraverse,2,2
paravision,2,2
parce,2,2
parcl,2,2
parcy,2,2
pardus,2,2
parea,2,2
paren,2,2
parent,2,2
parenthoods,2,2
pari,2,2
paribus,2,2
pariksha,2,2
pario,2,2
parkly,2,2
parkman,2,2
parkmate,2,2
parksmart,2,2
parlay,2,2
paro,2,2
parq,2,2
parqour,2,2
parr,2,2
parra,2,2
parry,2,2
parse,2,2
parsec,2,2
parsed,2,2
parser,2,2
parsimony,2,2
parsley,2,2
part,2,2
partake,2,2
partec,2,2
partech,2,2
parthenon,2,2
participate,2,2
particular,2,2
partly,2,2
partna,2,2
partnership,2,2
partnertech,2,2
partyline,2,2
pasito,2,2
paso,2,2
passenger,2,2
passid,2,2
passio consulting,2,2
passion,2,2
passpass,2,2
password,2,2
passwork,2,2
pasture,2,2
pat,2,2
path finder,2,2
pathfynder,2,2
pathlit,2,2
pathos,2,2
pathspot,2,2
pathways,2,2
pathways consulting,2,2
pathzero,2,2
patrol,2,2
patron,2,2
patter,2,2
paua,2,2
paul,2,2
pawprint,2,2
paxcel,2,2
paxis,2,2
paxos,2,2
payable,2,2
payapp,2,2
paybox,2,2
payboy,2,2
paybylink,2,2
paycloud,2,2
payco,2,2
payer,2,2
payflip,2,2
payflow,2,2
payful,2,2
payground,2,2
payit,2,2
paylynx,2,2
paymee,2,2
paymento,2,2
paymint,2,2
paymovil,2,2
paynest,2,2
payo,2,2
payper,2,2
paypro,2,2
payreq,2,2
paystar,2,2
paysuite,2,2
paytap,2,2
paytech,2,2
paytime,2,2
paytm,2,2
payway,2,2
paywith,2,2
payze,2,2
payzen,2,2
pazo,2,2
pbi,2,2
pbs,2,2
pc consulting,2,2
pce,2,2
pcl,2,2
pc solution,2,2
pcube,2,2
pcw,2,2
pdf,2,2
pdi,2,2
pdm consulting,2,2
pdq,2,2
peace,2,2
peachtree,2,2
peacock consulting,2,2
peak power,2,2
peakview,2,2
pearson,2,2
peas,2,2
peasy,2,2
peatech,2,2
pebl,2,2
pedestal,2,2
peerless,2,2
peerlogic,2,2
peerspot,2,2
peg,2,2
pegasi,2,2
pegasis,2,2
pegg,2,2
pelion,2,2
peliqan,2,2
pell,2,2
pemtron,2,2
pencil spaces,2,2
pending,2,2
pendulum,2,2
penmark,2,2
pennant,2,2
penni,2,2
penrose,2,2
pensare,2,2
penser,2,2
penta,2,2
penta global,2,2
pento,2,2
pentos,2,2
penumbra,2,2
people and,2,2
peoplebox,2,2
people driven,2,2
peoplenet,2,2
people people,2,2
peoples,2,2
peoplesmart,2,2
peoplespace,2,2
pepite,2,2
peppercorn,2,2
pepper motion,2,2
perago,2,2
perceive,2,2
percentil,2,2
perceptium,2,2
percepto,2,2
perceptron,2,2
perceptual robotics,2,2
perceptus,2,2
percipere,2,2
percy,2,2
peregrine bio,2,2
perfect data,2,2
perfected,2,2
perfect innovation,2,2
perfect memory,2,2
perflo,2,2
performance engineering,2,2
performance information,2,2
performance settlement,2,2
performant,2,2
perform consulting,2,2
performio,2,2
perftech,2,2
perhaps,2,2
periculum,2,2
perigon,2,2
perion,2,2
periplus,2,2
peritum,2,2
perks,2,2
perlink,2,2
permission,2,2
perosphere,2,2
perpetual,2,2
perpetual agency,2,2
perpetuum,2,2
perq,2,2
persistence,2,2
personal,2,2
personam,2,2
personix,2,2
perspecta,2,2
perspectiva,2,2
peru,2,2
pesakit,2,2
pest,2,2
petabyte,2,2
petagene,2,2
petro digital,2,2
petrodrill,2,2
petroeng,2,2
petrogas engineering,2,2
pey,2,2
peyk,2,2
pf,2,2
pg consulting,2,2
pg digital,2,2
pharea,2,2
phare consulting,2,2
pharetis,2,2
pharmalytics,2,2
pharmlogic,2,2
pharus,2,2
phase2,2,2
phase change,2,2
phaser,2,2
phases,2,2
phasor engineering,2,2
phd,2,2
phenom,2,2
phenomena,2,2
phidias,2,2
phind,2,2
phingoo,2,2
phion,2,2
phlux,2,2
phn,2,2
phoenix advanced,2,2
phoenix automation,2,2
phoenix business,2,2
phone clinic,2,2
phood,2,2
phosphorus,2,2
photocat,2,2
phusion,2,2
phy,2,2
phytorestore,2,2
piano,2,2
piazza,2,2
pibit,2,2
picaio,2,2
pick,2,2
pickl,2,2
pickles,2,2
pickmeup,2,2
pickups,2,2
picky,2,2
picsume,2,2
piction health,2,2
pidex,2,2
pidgin,2,2
pi digital,2,2
pieces,2,2
pie consulting,2,2
pigment,2,2
piing,2,2
pileus,2,2
pilgrim,2,2
pilotlight,2,2
pimloc,2,2
pimonk,2,2
pinata,2,2
pinc,2,2
pinched,2,2
pindrop,2,2
pingala,2,2
pingcap,2,2
pingco,2,2
ping it,2,2
pingme,2,2
ping pong,2,2
pinio,2,2
pink panda,2,2
pinnacle consulting,2,2
pinnacle design,2,2
pinnacle network,2,2
pinsoft,2,2
pint,2,2
pintar,2,2
pintel,2,2
pintip,2,2
pinwheel,2,2
pio,2,2
pioneer communications,2,2
pioneers,2,2
pip,2,2
pipe,2,2
pipedream,2,2
pipol,2,2
pipra,2,2
pique,2,2
pirate,2,2
pistonpower,2,2
pitagora,2,2
pitatech,2,2
pitaya,2,2
pitch,2,2
pitcher,2,2
pitech,2,2
pitz,2,2
pivo,2,2
pix,2,2
pixacare,2,2
pixai,2,2
pixcell,2,2
pixeland,2,2
pixelbird,2,2
pixelcare,2,2
pixel creation,2,2
pixelfish,2,2
pixelflow,2,2
pixel hero,2,2
pixel perfect,2,2
pixel punch,2,2
pixel research,2,2
pixelrush,2,2
pixels,2,2
pixels media,2,2
pixel softwares,2,2
pixel studios,2,2
pixeltag,2,2
pix force,2,2
pixil,2,2
pixit,2,2
pixite,2,2
pixl,2,2
pixler,2,2
pixpro,2,2
pixta,2,2
pixxy,2,2
pl,2,2
plabs,2,2
placeholder,2,2
placeme,2,2
placements,2,2
placid,2,2
plai,2,2
planable,2,2
planb,2,2
planckton data,2,2
planet media,2,2
planet nine,2,2
planetx,2,2
planhero,2,2
planhub,2,2
planifi,2,2
plan it,2,2
plan-it,2,2
planitas,2,2
planit consulting,2,2
plann,2,2
planningpme,2,2
plannr,2,2
planplan,2,2
planpro,2,2
planr,2,2
planright,2,2
plantae,2,2
plant an app,2,2
planto,2,2
plasticity,2,2
plataforma,2,2
platform9,2,2
platforms,2,2
platin,2,2
platinum it,2,2
platter,2,2
platz,2,2
playa,2,2
playd8,2,2
playdate,2,2
playerdata,2,2
players,2,2
playnext,2,2
playoff,2,2
playon,2,2
playscape,2,2
pleasant,2,2
plenium,2,2
plenti,2,2
plenum,2,2
plethora,2,2
plexa,2,2
plexi,2,2
plexis,2,2
plexus it,2,2
plingo,2,2
plink,2,2
plio,2,2
plott,2,2
plotter,2,2
ploud,2,2
ploy,2,2
plug digital,2,2
plugger,2,2
plugo,2,2
plugout,2,2
pluri,2,2
pluscode,2,2
pluscom,2,2
plus computer,2,2
plus consulting,2,2
plus-it,2,2
plusnet,2,2
plusplus,2,2
plustech,2,2
pluvo,2,2
ply,2,2
plyce,2,2
plyo,2,2
plyzer,2,2
pmd,2,2
pmg,2,2
pmgc,2,2
pmi,2,2
pmit,2,2
pmp,2,2
pms,2,2
pm studios,2,2
pn,2,2
pnc,2,2
pneuma,2,2
pneumacare,2,2
png,2,2
pocketbook,2,2
poco,2,2
pocus,2,2
podo,2,2
pods,2,2
point blank,2,2
pointbreak,2,2
pointcare,2,2
pointclick,2,2
point creative,2,2
pointersoft,2,2
pointforward,2,2
point marketing,2,2
pointme,2,2
point of care,2,2
pointr,2,2
pointstar,2,2
pointx,2,2
pojo,2,2
poket,2,2
poko,2,2
pol,2,2
polarium,2,2
polarr,2,2
polito,2,2
polka,2,2
pollock,2,2
polpo,2,2
polus,2,2
polyanalytik,2,2
polyform,2,2
polygen,2,2
polyglots,2,2
polygons,2,2
polyient,2,2
polymet,2,2
polyscale,2,2
polysoft,2,2
polytech,2,2
polytrade,2,2
polyverse,2,2
polywork,2,2
pomelo,2,2
ponderosa,2,2
pondus,2,2
ponos,2,2
pontem,2,2
pontis,2,2
ponto,2,2
pontoon,2,2
pontosense,2,2
ponty,2,2
pony,2,2
pooka,2,2
poolcare,2,2
poolside,2,2
popcode,2,2
popcorn,2,2
poper,2,2
pop meals,2,2
poppin,2,2
popping,2,2
pop social,2,2
popsy,2,2
populus,2,2
poq,2,2
porcelain,2,2
port80,2,2
portagon,2,2
portalis,2,2
portals,2,2
porte,2,2
portfolio,2,2
portrix,2,2
portus,2,2
porty,2,2
posist,2,2
positron,2,2
positron networks,2,2
possible,2,2
possumus,2,2
post,2,2
postal,2,2
posted,2,2
posterity,2,2
postgame,2,2
postmaster,2,2
potato,2,2
potent,2,2
potential,2,2
potenza,2,2
poured,2,2
pow,2,2
powder,2,2
powerapp,2,2
powercode,2,2
powerdata,2,2
powerdrive,2,2
power edge,2,2
power electronics,2,2
power energy,2,2
power it,2,2
powerit,2,2
powerlaw,2,2
power line,2,2
powermarket,2,2
power media,2,2
powernet,2,2
powerplus,2,2
power research,2,2
power solution,2,2
power source,2,2
powwow,2,2
ppio,2,2
ppl,2,2
pr,2,2
practi,2,2
practically,2,2
practical networks,2,2
practicepal,2,2
practice perfect,2,2
practitioners,2,2
praemittias,2,2
pragmasoft,2,2
pragmatica,2,2
pragmatiq,2,2
prakshep,2,2
praktika,2,2
prama,2,2
praxi,2,2
praxis engineering,2,2
praxos,2,2
prc,2,2
preamble,2,2
precast engineering,2,2
precede,2,2
precedence,2,2
precept,2,2
precious,2,2
precision aerospace,2,2
precision analytics,2,2
precision business,2,2
precision communication,2,2
precision consulting,2,2
precision for medicine,2,2
precision health,2,2
precision it,2,2
precision marketing,2,2
precision metal,2,2
precision partners,2,2
precision web,2,2
precitaste,2,2
precode,2,2
precursor,2,2
pred,2,2
predico,2,2
predictiv,2,2
predictive analytics,2,2
predictive data,2,2
predictive engineering,2,2
predicto,2,2
predictwise,2,2
prediqt,2,2
preeminent,2,2
pref,2,2
preferred it,2,2
preflight,2,2
pregrad,2,2
prema,2,2
premier advisors,2,2
premier automation,2,2
premier business,2,2
premier cloud,2,2
premiere,2,2
premier technical,2,2
premind,2,2
premises,2,2
premium online,2,2
premo,2,2
premonition,2,2
prendi,2,2
preneur,2,2
preo,2,2
prepay,2,2
prepend,2,2
preql,2,2
presage,2,2
prescriptive data,2,2
preserva,2,2
presium,2,2
prespective,2,2
press2talk,2,2
pressto,2,2
presta,2,2
pretect,2,2
pretorian,2,2
preventia,2,2
preventio,2,2
prevu,2,2
prewitt ridge,2,2
prex,2,2
prezerv,2,2
priam cyber,2,2
priax,2,2
pricefy,2,2
priceless,2,2
pricepoint,2,2
primate,2,2
primeclass,2,2
prime computer,2,2
primecore,2,2
primed,2,2
prime engineering,2,2
primegate,2,2
prime internet,2,2
prime products,2,2
primera,2,2
primero,2,2
primesoft,2,2
prime strategy,2,2
primestreet,2,2
primetec,2,2
primetech,2,2
prime technosoft,2,2
primetrics,2,2
primeup,2,2
primitives,2,2
primordial,2,2
primoris,2,2
principia,2,2
principle,2,2
prink,2,2
printec,2,2
printers plus,2,2
prio,2,2
prion,2,2
prior,2,2
priori,2,2
priority payment,2,2
prise,2,2
prismatic,2,2
prisme,2,2
prism health,2,2
pristine consulting,2,2
pritech,2,2
private,2,2
privio,2,2
privy,2,2
prizma,2,2
proa,2,2
proact,2,2
proactis,2,2
pro atria,2,2
proaxis,2,2
probis,2,2
problem,2,2
probo,2,2
probots,2,2
process automation,2,2
process partners,2,2
process plant,2,2
process point,2,2
process synergy,2,2
proche,2,2
procheck,2,2
procoat,2,2
pro consulting,2,2
procost,2,2
procreation,2,2
procs,2,2
procube,2,2
pro data,2,2
prodea,2,2
prodesign,2,2
prodeus,2,2
prodicom,2,2
prodigal,2,2
prodrone,2,2
producer,2,2
productable,2,2
product development,2,2
product institute,2,2
productive it,2,2
productize,2,2
product partners,2,2
productspace,2,2
produx,2,2
proeco,2,2
professional,2,2
professional construction,2,2
professional it services,2,2
profid,2,2
profield,2,2
profisea,2,2
profitech,2,2
profitsoft,2,2
profocus,2,2
profundo,2,2
profy,2,2
progate,2,2
progen,2,2
progenesis,2,2
progeny,2,2
progility,2,2
programa,2,2
programmatic,2,2
programmics,2,2
programming,2,2
progression,2,2
progressive web apps,2,2
progressus,2,2
prohawk,2,2
projectai,2,2
projectbi,2,2
project consulting,2,2
projection,2,2
projective,2,2
projectpro,2,2
project resources,2,2
project support,2,2
projex,2,2
projit,2,2
projx,2,2
prokids,2,2
prokure,2,2
proleap,2,2
prolific,2,2
prolinx,2,2
prolog,2,2
prologic,2,2
proma,2,2
promantis,2,2
pro marketer,2,2
promeasure,2,2
promec engineering,2,2
promech engineering,2,2
promedia,2,2
promena,2,2
promenta,2,2
promentor,2,2
promet,2,2
promethium,2,2
promex,2,2
promission,2,2
promobi,2,2
promom,2,2
promosapiens,2,2
promotec,2,2
promotion,2,2
promoto,2,2
promus,2,2
pronet,2,2
pronetic,2,2
pronexus,2,2
pronova,2,2
proof of play,2,2
propagation,2,2
propero consulting,2,2
property,2,2
property management,2,2
prophetic,2,2
prophets,2,2
propic,2,2
propify,2,2
proplas,2,2
proponent,2,2
propr,2,2
propstack,2,2
propulse,2,2
propulsionai,2,2
prosap,2,2
prosaris,2,2
prosense,2,2
prosit,2,2
prosoft,2,2
prosoft it,2,2
prospecta,2,2
prospecter,2,2
prospection,2,2
prospective,2,2
prosperia,2,2
prospero,2,2
prospex,2,2
prospr,2,2
prostream,2,2
prosus,2,2
prot,2,2
protab,2,2
protak,2,2
protecht,2,2
protein,2,2
proteins,2,2
protek,2,2
protek-it,2,2
protelligent,2,2
pro-test,2,2
proteum,2,2
proteus business,2,2
protinus,2,2
protocloud,2,2
protokol,2,2
protonet,2,2
protop,2,2
protopia,2,2
protosoft,2,2
prototype,2,2
protouch,2,2
prov,2,2
prova,2,2
provar,2,2
provect,2,2
provectus,2,2
proveit,2,2
provenant,2,2
provident,2,2
provis,2,2
provision data,2,2
provize,2,2
pro web,2,2
prox,2,2
proxi,2,2
proxim,2,2
proximal,2,2
proxime,2,2
proximiti,2,2
proximus,2,2
proxio,2,2
proxion,2,2
proxis,2,2
proxsys,2,2
proya,2,2
prozon,2,2
prudent,2,2
prueba,2,2
prusa research,2,2
pruvo,2,2
pryme,2,2
pryze,2,2
pryzm,2,2
psa,2,2
psc,2,2
psh,2,2
psm,2,2
ps mobile,2,2
psw,2,2
ptm,2,2
ptp,2,2
pttrns,2,2
pub,2,2
pubble,2,2
public class,2,2
publicsoft,2,2
publicus,2,2
publit,2,2
puck,2,2
puffin,2,2
puget,2,2
pulsar informatique,2,2
pulse analytics,2,2
pulse solution,2,2
pulso,2,2
pult,2,2
pumped,2,2
punto,2,2
puntonet,2,2
puntozero,2,2
pupil,2,2
purcell,2,2
pure environmental,2,2
puregroup,2,2
purelab,2,2
puretech,2,2
pureworks,2,2
puro,2,2
purplan,2,2
purple cow,2,2
purposely,2,2
purus,2,2
pushit,2,2
push media,2,2
pux,2,2
puzzle piece,2,2
pv,2,2
pvs,2,2
pxd,2,2
pxp,2,2
pxr,2,2
pygmalion,2,2
pyramid,2,2
pyramid consulting,2,2
pyramid it,2,2
pyur,2,2
pyxie,2,2
q10,2,2
q5,2,2
qa,2,2
qanta,2,2
qars,2,2
qart,2,2
qase,2,2
qatar,2,2
qatar computing research institute,2,2
qb,2,2
qbi,2,2
qbitt,2,2
qbo,2,2
qbox,2,2
qc,2,2
qcast,2,2
qdc,2,2
qdot,2,2
qeep,2,2
qeros,2,2
qest,2,2
qframe,2,2
qien,2,2
qihe biotech,2,2
qii,2,2
qilo,2,2
qimia,2,2
qin,2,2
qingzhi,2,2
qix,2,2
qkd,2,2
ql,2,2
qloud,2,2
qlu,2,2
qlue,2,2
qma,2,2
qmarketing,2,2
qmetrics,2,2
qmind,2,2
qms,2,2
qn,2,2
qne,2,2
qnetworks,2,2
qoala,2,2
qode interactive,2,2
qolo,2,2
qore,2,2
qortex,2,2
qpay,2,2
qr pay,2,2
qrpro,2,2
qruise,2,2
qruize,2,2
qs,2,2
qset,2,2
qsr,2,2
qt,2,2
qtec,2,2
qtm,2,2
qtrade,2,2
quack,2,2
quadion,2,2
quadnet,2,2
quadraphic,2,2
quadrata,2,2
quadribot,2,2
quadrivium,2,2
quadrus,2,2
quadsys,2,2
qual,2,2
quali,2,2
qualifi,2,2
qualify,2,2
qualisoft,2,2
qualität,2,2
qualitus,2,2
quality business,2,2
quality consulting,2,2
quality counts,2,2
quality data,2,2
quality learning,2,2
qualityminds,2,2
qualsys consulting,2,2
quantar,2,2
quantdetect,2,2
quantec,2,2
quant edge,2,2
quantek,2,2
quantel,2,2
quanterra,2,2
quantex,2,2
quant fintech,2,2
quantia,2,2
quantica,2,2
quantico,2,2
quantified,2,2
quantifi photonics,2,2
quantifly,2,2
quantil,2,2
quantinuum,2,2
quantitas,2,2
quantra,2,2
quantum age,2,2
quantum analytics,2,2
quantum art,2,2
quantum business,2,2
quantumcloud,2,2
quantum consulting engineers,2,2
quantum data,2,2
quantum digital,2,2
quantum dynamics,2,2
quantum health,2,2
quantum intelligence,2,2
quantum motion,2,2
quantum partners,2,2
quantum rise,2,2
quantum security,2,2
quantum web,2,2
quantumx,2,2
quantus,2,2
quantyca,2,2
quark,2,2
quarterback,2,2
quartermaster,2,2
quarters,2,2
quartic,2,2
quartus,2,2
quasa,2,2
quash,2,2
quatenus,2,2
quatro,2,2
quattro,2,2
qubics,2,2
qubix,2,2
quby,2,2
quebec,2,2
quell,2,2
quench,2,2
quercus,2,2
questa,2,2
quest consulting,2,2
questfactory,2,2
quest industrial,2,2
quest research,2,2
questt,2,2
questy,2,2
quetzal,2,2
quickdesk,2,2
quicker,2,2
quicket,2,2
quicko,2,2
quickpay,2,2
quick report,2,2
quickride,2,2
quickstart,2,2
quiddity,2,2
quiltt,2,2
quintix,2,2
quinto,2,2
quintus,2,2
quip,2,2
quipu,2,2
qumulus,2,2
quo,2,2
quod,2,2
quoli,2,2
quon,2,2
quotidian,2,2
quotient,2,2
qurate,2,2
qure,2,2
qurio,2,2
qurrent,2,2
quux,2,2
quva,2,2
qvik,2,2
qvision,2,2
qwave,2,2
qway,2,2
qx,2,2
qxm,2,2
r3 business,2,2
r3 services,2,2
r4,2,2
r4apps,2,2
r4 robotics,2,2
ra,2,2
raak,2,2
raas,2,2
rabbit hole,2,2
rabble,2,2
rabt,2,2
rac,2,2
race,2,2
racetrack,2,2
rada,2,2
radd,2,2
rades,2,2
radiant web,2,2
radiata,2,2
radica,2,2
radical it,2,2
radient,2,2
radii,2,2
radish,2,2
radius networks,2,2
radix system,2,2
radlea,2,2
radom,2,2
radx,2,2
rafa,2,2
raheem,2,2
rahrah,2,2
railvision,2,2
rainfall,2,2
rainforest,2,2
rainier,2,2
rainstick,2,2
raintech,2,2
rainwalk,2,2
raise,2,2
raise digital,2,2
raisin,2,2
raiys,2,2
raiz,2,2
raj,2,2
raks,2,2
ralph,2,2
raman,2,2
ramdam,2,2
rampart,2,2
ramper,2,2
rana,2,2
ranker,2,2
rank me online,2,2
rantir,2,2
raontech,2,2
rapida,2,2
rapid building,2,2
rapiddata,2,2
rapid design,2,2
rapid info,2,2
rapid it,2,2
rapid medical,2,2
rapido,2,2
rapid response,2,2
rapidx,2,2
rapier,2,2
rapl,2,2
rappi,2,2
rapport,2,2
rapra,2,2
raptors,2,2
rapyd,2,2
rarefied,2,2
rarejob,2,2
rare mile,2,2
rarify,2,2
rarity,2,2
raro,2,2
rasa,2,2
raspberry,2,2
raster,2,2
rating,2,2
rationale,2,2
rave,2,2
ravelin,2,2
ravenswood,2,2
rawdata,2,2
raxar,2,2
raxi,2,2
raxus,2,2
raynet,2,2
ray therapeutics,2,2
rayworks,2,2
rayze,2,2
rayzone,2,2
raze,2,2
razer,2,2
razz,2,2
rba,2,2
rb consulting,2,2
rc,2,2
rcg,2,2
rc global,2,2
rcm,2,2
rdm,2,2
rd network,2,2
rdt,2,2
rdv,2,2
rdx,2,2
reach digital,2,2
reach industries,2,2
reachx,2,2
reactable,2,2
reaction,2,2
reactiv,2,2
reactive,2,2
read,2,2
readable,2,2
reading,2,2
readon,2,2
readyworks,2,2
reaktor,2,2
realassist,2,2
realcore,2,2
real engineering,2,2
real estate,2,2
realia,2,2
realink,2,2
realist,2,2
realitech,2,2
real life,2,2
realman,2,2
real marketing,2,2
real research,2,2
realsim,2,2
real system,2,2
real time medical,2,2
realtime robotics,2,2
realwave,2,2
real world,2,2
rearm,2,2
reassist,2,2
reasy,2,2
rebel digital,2,2
rebel internet,2,2
rebio,2,2
rebit,2,2
rebokeh,2,2
rebold,2,2
rebound,2,2
rebrain,2,2
rebu,2,2
re build,2,2
rebus,2,2
recall,2,2
recap,2,2
receive,2,2
receptor,2,2
reciprocal,2,2
recircle,2,2
recital,2,2
reclamebureau,2,2
recode,2,2
recogniform,2,2
recognize,2,2
recom,2,2
recommended,2,2
recommendme,2,2
recordbook,2,2
recordly,2,2
recotech,2,2
recover,2,2
recoverytools,2,2
recovr health,2,2
recreo,2,2
recruitlocator,2,2
recruitment,2,2
rectrix,2,2
recube,2,2
recycling,2,2
reda,2,2
redact,2,2
redacted,2,2
redant,2,2
red arrow,2,2
red aviation,2,2
redback,2,2
red baton design studio,2,2
red bear,2,2
redberry,2,2
red canyon,2,2
redcell,2,2
red circle,2,2
redcoat,2,2
redcom,2,2
red consulting,2,2
redcube,2,2
redder,2,2
red door,2,2
rede,2,2
red earth,2,2
red edge,2,2
redeem,2,2
redem,2,2
redetec,2,2
redev,2,2
redex,2,2
redeye,2,2
redfish,2,2
red hawk,2,2
redhorse,2,2
redhouse,2,2
redicom,2,2
redii,2,2
redis,2,2
redivivus,2,2
redline,2,2
redlink,2,2
redman,2,2
redmango,2,2
red maple,2,2
red matter,2,2
redmonk,2,2
redmouse,2,2
rednet,2,2
red nova,2,2
redorange,2,2
red panda,2,2
redpanda,2,2
red pepper,2,2
redpoint,2,2
red queen,2,2
redro,2,2
redrock,2,2
red rose,2,2
red rover,2,2
reds,2,2
redsis,2,2
redsky,2,2
red spot,2,2
red square,2,2
redtag,2,2
redtree,2,2
redux,2,2
redwall,2,2
redweb,2,2
red wolf,2,2
redx,2,2
redzebra,2,2
rees,2,2
refact,2,2
refactored,2,2
refactory,2,2
refactr,2,2
refero,2,2
referral,2,2
referrals,2,2
refinery,2,2
reflective,2,2
reflect media,2,2
reflex arc,2,2
reflexion,2,2
refocus,2,2
reforma,2,2
refract,2,2
refresh it,2,2
refresh media,2,2
reftech,2,2
refurbed,2,2
reg,2,2
regen,2,2
regeneration,2,2
regenx,2,2
regie,2,2
reinvent,2,2
rek,2,2
reka,2,2
relab,2,2
relata,2,2
related,2,2
relation,2,2
relationwise,2,2
release,2,2
releem,2,2
relentless,2,2
reliable business,2,2
reliable it,2,2
reliable networks,2,2
reliable resources,2,2
reliable services,2,2
reliable web,2,2
reliance,2,2
relic,2,2
relish,2,2
rella,2,2
relm,2,2
relove,2,2
remake,2,2
remarketing,2,2
remaster,2,2
remedy,2,2
remeet,2,2
remember,2,2
remembrance,2,2
rem enterprise,2,2
remind,2,2
remini,2,2
remio,2,2
remit,2,2
remotebridge,2,2
remote kitchen,2,2
remotely,2,2
remote resources,2,2
remotespace,2,2
remotify,2,2
remoty,2,2
remove,2,2
remynd,2,2
rena,2,2
rename,2,2
renascent,2,2
renatus,2,2
renda,2,2
render vision,2,2
renga,2,2
renge,2,2
renoster,2,2
renovatio,2,2
rentable,2,2
rentbook,2,2
rente,2,2
rently,2,2
rentr,2,2
reorder,2,2
repaint,2,2
repair,2,2
repath,2,2
repeat,2,2
reperio,2,2
rephrase,2,2
rephraser,2,2
replenish,2,2
repli,2,2
replicant,2,2
replicate,2,2
replit,2,2
replo,2,2
repoint,2,2
repurpose,2,2
reputize,2,2
request,2,2
required,2,2
reright,2,2
reroot,2,2
rescue,2,2
research coordinate,2,2
researchhub,2,2
research insights,2,2
research reports,2,2
resec,2,2
resemble,2,2
reserva,2,2
resilia,2,2
resilient business,2,2
resis,2,2
reslink,2,2
reso,2,2
resol,2,2
resolv,2,2
resolve energy,2,2
resolver,2,2
resolvo,2,2
resourcing,2,2
respeak,2,2
respect,2,2
respond,2,2
responsiv,2,2
restate,2,2
restive,2,2
restore medical,2,2
restron,2,2
rest solution,2,2
re studio,2,2
result,2,2
re-sure,2,2
resync,2,2
retail insights,2,2
retail services,2,2
retailtech,2,2
retailx,2,2
rete,2,2
retell,2,2
rethought,2,2
retime,2,2
retronyms,2,2
return zero,2,2
reuleaux,2,2
reunify,2,2
reunion,2,2
reuse,2,2
revai,2,2
revamp,2,2
revault,2,2
revela,2,2
revelation,2,2
revel games,2,2
revelo,2,2
reveo,2,2
rever,2,2
revere,2,2
revery,2,2
revex,2,2
revie,2,2
review,2,2
reviewroom,2,2
revin,2,2
revisit,2,2
revium,2,2
revive,2,2
revive it,2,2
revive media,2,2
revl,2,2
revolution design,2,2
revolutions,2,2
revotech,2,2
revv,2,2
revvo,2,2
revvy,2,2
revx,2,2
rew,2,2
rewards,2,2
reweb,2,2
rewired,2,2
rexr,2,2
rexus,2,2
rezolve,2,2
rfid,2,2
rfr,2,2
rgb,2,2
rg design,2,2
rgen,2,2
rgi,2,2
rg infotech,2,2
rgs,2,2
rgs development,2,2
rg system,2,2
rgus,2,2
rh,2,2
rhapsody,2,2
rhazes,2,2
rhea,2,2
rheo,2,2
rho,2,2
rhodes,2,2
rht,2,2
rhythmm,2,2
ri,2,2
rian,2,2
richard,2,2
richie,2,2
rich it,2,2
richtech,2,2
ricksoft,2,2
ricochet,2,2
rid,2,2
riddle,2,2
ridelink,2,2
ridely,2,2
rider,2,2
ridge it,2,2
ridgeway,2,2
ridi,2,2
rig,2,2
rigel,2,2
rightbot,2,2
right hand man,2,2
rightly,2,2
rightmove,2,2
righton,2,2
rightway,2,2
righty,2,2
riide,2,2
riiid,2,2
riim,2,2
rikai,2,2
rim,2,2
rime,2,2
ring,2,2
ringcentral,2,2
ringle,2,2
ringover,2,2
rings,2,2
ringstone,2,2
ringtail,2,2
ripe,2,2
ripl,2,2
risa,2,2
risc,2,2
riser,2,2
risetec,2,2
risetech,2,2
rise up,2,2
riseup,2,2
rise vest,2,2
riskhub,2,2
risk management,2,2
risktalk,2,2
risolto,2,2
rison,2,2
risr,2,2
rita,2,2
ritual,2,2
rive,2,2
rivelo,2,2
rivendell,2,2
rivera,2,2
riverbank,2,2
riverland,2,2
river north,2,2
riverr,2,2
riverse,2,2
river security,2,2
riveter,2,2
rivia,2,2
riviera networks,2,2
rivr,2,2
riwi,2,2
riyo,2,2
riz,2,2
rjd,2,2
rjs,2,2
rk,2,2
rlab,2,2
rmb,2,2
rm digital,2,2
rmdy,2,2
rmgs,2,2
rmm,2,2
rms,2,2
rna digital,2,2
rnc,2,2
rns,2,2
ro,2,2
road environment,2,2
roadie,2,2
roadio,2,2
roadmap it,2,2
roadmate,2,2
roadrunner,2,2
roadwork,2,2
roam digital,2,2
robby,2,2
robertson,2,2
robinson,2,2
robinson consulting,2,2
robiotic,2,2
robit,2,2
robohouse,2,2
robojuice,2,2
robokind,2,2
robomart,2,2
robomax,2,2
robomotion,2,2
roborus,2,2
robos,2,2
robosapiens,2,2
robot at work,2,2
roboteam,2,2
robotec,2,2
robotech,2,2
robotex,2,2
robotica,2,2
robotiq,2,2
roboto,2,2
robotronic,2,2
robotronix,2,2
robots,2,2
robot system,2,2
robot valley,2,2
robovision,2,2
roc,2,2
rocka,2,2
rockapps,2,2
rockee,2,2
rocker,2,2
rocketfy,2,2
rocketlab,2,2
rocket media,2,2
rocket web,2,2
rockford computer,2,2
rockhopper,2,2
rockit,2,2
rockon,2,2
rocksoft,2,2
rock solid,2,2
rockwater,2,2
rocky,2,2
rodi,2,2
rodin,2,2
rofori,2,2
roi media,2,2
rok,2,2
roki,2,2
roljobs services,2,2
roller,2,2
rollr,2,2
rolo,2,2
romance,2,2
rombo,2,2
rome,2,2
roo,2,2
roof,2,2
roomeo,2,2
roosh,2,2
root3,2,2
rooted,2,2
rooter,2,2
rootle,2,2
rootnet,2,2
roox,2,2
roq,2,2
ror,2,2
rosas,2,2
rose,2,2
rosebud biosciences,2,2
rosetech,2,2
roshi,2,2
roslin,2,2
rossum,2,2
rota,2,2
rotech,2,2
round2,2,2
roundabout,2,2
roundhouse,2,2
round rock,2,2
routezero,2,2
routine,2,2
rova,2,2
rovr,2,2
rowan,2,2
rowboat,2,2
rowbot,2,2
rownd,2,2
roxor,2,2
roybi,2,2
rozetta,2,2
rpa,2,2
rpi,2,2
rplay,2,2
rpm consulting,2,2
rps,2,2
rp services,2,2
rp soft,2,2
rsa,2,2
rs consultants,2,2
rs engineering,2,2
rsk,2,2
rsl,2,2
rsoft,2,2
rst,2,2
rtb,2,2
rtcore,2,2
rtech engineering,2,2
rti,2,2
rto,2,2
rtp,2,2
rt projects,2,2
rtsys,2,2
rtw,2,2
rtx,2,2
rubic,2,2
rubica,2,2
rufus,2,2
rugged mobile,2,2
rule,2,2
rulo,2,2
rumbl,2,2
rume,2,2
runa,2,2
runbear,2,2
runcode,2,2
runday,2,2
runic,2,2
runn,2,2
runsmart,2,2
runwise,2,2
rush support,2,2
russell,2,2
rutter,2,2
ruvo,2,2
rvlvr,2,2
rwd,2,2
rxa,2,2
rxbio,2,2
ryn,2,2
rype,2,2
rytech,2,2
ryzing,2,2
s2m,2,2
s2technologies,2,2
s3cc,2,2
s4,2,2
s4e,2,2
s4h,2,2
s4s,2,2
saara,2,2
saasam,2,2
saascom,2,2
saba,2,2
sabado,2,2
saberin,2,2
sabio,2,2
sabre,2,2
sac,2,2
sachi,2,2
sactech,2,2
sadas,2,2
sadeem,2,2
saf,2,2
safa,2,2
safe365,2,2
safebase,2,2
safebox,2,2
safe computing,2,2
safegold,2,2
safeguard,2,2
safe haven,2,2
safe kids,2,2
safe network,2,2
saferway,2,2
safescore,2,2
safe security,2,2
safesoft,2,2
safe space,2,2
safety for life,2,2
safetynet,2,2
safewell,2,2
sagacity,2,2
sageable,2,2
sage informatics,2,2
sagelink,2,2
sage marketing,2,2
sager,2,2
sagittarius,2,2
sahar,2,2
sahel,2,2
saiba,2,2
saigen,2,2
sailing,2,2
sails,2,2
saima,2,2
saint,2,2
saiph,2,2
saitech,2,2
salad,2,2
salamander,2,2
salda,2,2
salefish,2,2
sal engineering,2,2
salesai,2,2
sales automation,2,2
saleschain,2,2
sales cloud,2,2
salesflow,2,2
saleshub,2,2
salesify,2,2
sales leads,2,2
salesmachine,2,2
salesmentor,2,2
salesreach,2,2
salestalk,2,2
salesupply,2,2
saleswise,2,2
salesx,2,2
salience,2,2
salmon,2,2
salo,2,2
salsa,2,2
saltbox,2,2
salto,2,2
salt pepper,2,2
saltworks,2,2
salvo,2,2
saly,2,2
samatrix,2,2
samba,2,2
samco,2,2
samo,2,2
samp,2,2
samplify,2,2
samsoft,2,2
sam solution,2,2
samta,2,2
samyak it,2,2
sana,2,2
sanctum,2,2
sandeza,2,2
sandfox,2,2
sandlot,2,2
sandpit,2,2
sandstone,2,2
sand studio,2,2
sane,2,2
sanga,2,2
sangria,2,2
sanguine,2,2
sano,2,2
sans,2,2
sansan,2,2
sansec,2,2
santa,2,2
santec,2,2
santech,2,2
sanus,2,2
saola,2,2
sapere,2,2
sapience,2,2
sapient,2,2
sapientai,2,2
sapio,2,2
sapling,2,2
sapper,2,2
sapphire health,2,2
sapta,2,2
sara,2,2
saratoga,2,2
sarox,2,2
sarvi,2,2
sasi,2,2
sastra,2,2
satchel,2,2
satcom,2,2
satel,2,2
satellite,2,2
sath,2,2
satisfly,2,2
satlantis,2,2
satrix,2,2
saturn dynamics,2,2
saudi,2,2
saurus,2,2
sautech,2,2
sava,2,2
savana,2,2
savant automation,2,2
savas,2,2
savee,2,2
savemoney,2,2
savenet,2,2
savings,2,2
savio,2,2
saviours,2,2
savit,2,2
savvie,2,2
savvii,2,2
savvy consulting,2,2
savvy data,2,2
savvy it,2,2
sax,2,2
saxess,2,2
saya,2,2
sayhey,2,2
sb,2,2
sbl,2,2
sbna,2,2
sbp,2,2
sb services,2,2
sbs it,2,2
sbz,2,2
scada,2,2
scal,2,2
scalability,2,2
scalekit,2,2
scalene,2,2
scaleops,2,2
scaleout,2,2
scalex,2,2
scalez,2,2
scaling,2,2
scallop,2,2
scanit,2,2
scanman,2,2
scanme,2,2
scantek,2,2
scantronix,2,2
scarf,2,2
scentia,2,2
scepter,2,2
sceye,2,2
scheduler,2,2
schemata,2,2
scheme,2,2
scholarlab,2,2
scholarly,2,2
scholaro,2,2
scholastica,2,2
schoolbox,2,2
school erp,2,2
schoolhouse,2,2
schoolr,2,2
schweizer,2,2
sciencevision,2,2
scient,2,2
scienta,2,2
scientia,2,2
scientific services,2,2
scientist,2,2
scigon,2,2
scip,2,2
scipio,2,2
scitec,2,2
scitech,2,2
sclera,2,2
scl it,2,2
scloud,2,2
scn,2,2
scom,2,2
scooper,2,2
scoot,2,2
scope digital,2,2
scopia,2,2
scopio,2,2
scopo consumer insights,2,2
scoreboard,2,2
scoria,2,2
scorpius,2,2
scotch,2,2
scott associates,2,2
scotty,2,2
scout out,2,2
scoutr,2,2
scoutx,2,2
scoville,2,2
scr,2,2
scratchpad,2,2
screenit,2,2
screenly,2,2
screen recorder,2,2
screens,2,2
scritch,2,2
scrooge,2,2
scrum,2,2
scrumy,2,2
scry,2,2
scuderia,2,2
scudo,2,2
scylla,2,2
scytale,2,2
scythe,2,2
sdg,2,2
sdia,2,2
sdm,2,2
sdna,2,2
sdp,2,2
sdt,2,2
seabed,2,2
seacrest,2,2
seagull,2,2
sealab,2,2
seald,2,2
seamly,2,2
seanergy,2,2
seashell,2,2
seatech,2,2
seated,2,2
seawind,2,2
sebastian,2,2
secat,2,2
seco,2,2
second nature,2,2
second phase,2,2
secondsight,2,2
second star,2,2
secora consulting,2,2
secpro,2,2
secret skin,2,2
secudrive,2,2
secura,2,2
securecloud,2,2
secureco,2,2
secure content,2,2
secure data,2,2
securedata,2,2
secure engineering,2,2
secureit,2,2
securelink,2,2
secure net,2,2
securenet,2,2
securesky,2,2
securesoft,2,2
secureteam,2,2
secureway,2,2
securex,2,2
securion,2,2
securis,2,2
securisoft,2,2
securit,2,2
security centric,2,2
security risk,2,2
secusoft,2,2
secutec,2,2
sed,2,2
seda,2,2
sedona,2,2
sedulity,2,2
seeable,2,2
seebiz,2,2
seechange,2,2
seeda,2,2
seedata,2,2
seed digital,2,2
seeder,2,2
seed spark,2,2
seedup,2,2
seegene,2,2
seeinside,2,2
seekh,2,2
seekho,2,2
seekr,2,2
seemore,2,2
seero,2,2
seers,2,2
seerslab,2,2
seesaw learning,2,2
seesharp,2,2
seeya,2,2
seg,2,2
segura,2,2
seita,2,2
seitech,2,2
seiwa,2,2
sektor,2,2
sekur,2,2
sela,2,2
selas,2,2
select automation,2,2
selectech,2,2
selection,2,2
select star,2,2
selectstar,2,2
selenium,2,2
self id,2,2
selfserve,2,2
sellar,2,2
sell erp,2,2
sellia,2,2
sellr,2,2
selnet,2,2
selsoft,2,2
seltec,2,2
selva,2,2
sem,2,2
semantix,2,2
semicolon,2,2
semiconductor,2,2
sempro,2,2
semron,2,2
semseo,2,2
sender,2,2
sendero,2,2
sendme,2,2
sendmusic,2,2
sendr,2,2
senergie,2,2
senior,2,2
senlab,2,2
senova,2,2
sensar,2,2
sensation,2,2
sensay,2,2
sense it,2,2
senses,2,2
sensify,2,2
sensigo,2,2
sensit,2,2
sensodrive,2,2
sensoft,2,2
sensorem,2,2
sensorit,2,2
sensority,2,2
sensorops,2,2
sensorsurf,2,2
sensory,2,2
sensos,2,2
sensy,2,2
sensys,2,2
sent,2,2
sente,2,2
sentek,2,2
sententia,2,2
senti,2,2
sentian,2,2
sentience,2,2
sentinel it,2,2
sentius,2,2
sento,2,2
sentra,2,2
sentry global,2,2
sentry it,2,2
senzo,2,2
seo audit agency,2,2
seo experts,2,2
seo solution,2,2
seotm,2,2
seo tool,2,2
seo web mechanics,2,2
seox,2,2
sept,2,2
september,2,2
sequal,2,2
sequense,2,2
sequentia,2,2
sequin,2,2
sequoia applied,2,2
sequre,2,2
sera,2,2
seraphim,2,2
sercon,2,2
serein,2,2
seren,2,2
serenade,2,2
serengeti,2,2
series,2,2
serino,2,2
serit,2,2
serity,2,2
sermo,2,2
serpentine,2,2
sertic,2,2
serval,2,2
serverless,2,2
serverware,2,2
servi,2,2
serviam,2,2
servicebox,2,2
servicecom,2,2
service innovation,2,2
servicenet,2,2
service plus,2,2
service robotics,2,2
serviceshift,2,2
servtech,2,2
sesam,2,2
session,2,2
sessions,2,2
seta,2,2
setapp,2,2
setel,2,2
seti consulting,2,2
set of,2,2
sett,2,2
settl,2,2
settler,2,2
seva,2,2
seven hills,2,2
seven plus,2,2
seventh,2,2
seventh sense,2,2
seventhsense,2,2
severn,2,2
sevn,2,2
sew,2,2
sfa,2,2
sfty,2,2
sfumato,2,2
sg computers,2,2
sge,2,2
sgi,2,2
sgs,2,2
sgsi,2,2
shabash,2,2
shadowcat,2,2
shadowmap,2,2
shadowtech,2,2
shah,2,2
shaker,2,2
shaman,2,2
shamrock,2,2
shandong meikai chemical,2,2
shannon,2,2
shape it,2,2
shaperon,2,2
shapes,2,2
shapeshift,2,2
shard,2,2
sharebox,2,2
sharee,2,2
shareforce,2,2
shareit,2,2
shareloc,2,2
sharelock,2,2
sharelook,2,2
sharevalue,2,2
sharevision,2,2
sharkbyte,2,2
shark design,2,2
sharp,2,2
sharp business,2,2
sharpen,2,2
sharptec,2,2
shaw,2,2
she community,2,2
sheet metal,2,2
sheldon,2,2
shells,2,2
shelter,2,2
shenetics,2,2
shengqiang,2,2
shepherds,2,2
sherloq,2,2
sherpa design,2,2
shesh,2,2
shft,2,2
shibuya,2,2
shield it,2,2
shieldpay,2,2
shield security,2,2
shiftbase,2,2
shift health,2,2
shift interactive,2,2
shift one,2,2
shiksha,2,2
shimmy,2,2
shin,2,2
shine infotech,2,2
shinrai,2,2
shiny,2,2
shipit,2,2
shipshape,2,2
shmooz,2,2
shoji,2,2
shook,2,2
shop,2,2
shopapp,2,2
shopbox,2,2
shopbrain,2,2
shopcloud,2,2
shopify plus,2,2
shoply,2,2
shoppable,2,2
shopper,2,2
shopping,2,2
shopturn,2,2
shopwell,2,2
shoreline,2,2
shorthills,2,2
shortlist,2,2
shotflow,2,2
shotput,2,2
shoutout,2,2
shoutr,2,2
shovel,2,2
showhere,2,2
showit,2,2
showme,2,2
showoff,2,2
showroom,2,2
showspace,2,2
showx,2,2
shred,2,2
shs,2,2
shubh,2,2
shuru,2,2
shyn,2,2
si2,2,2
siac,2,2
siblings,2,2
sibs,2,2
sibyl,2,2
sics,2,2
sicura,2,2
sidea,2,2
sidebrief,2,2
sidelab,2,2
sidely,2,2
sidenote,2,2
sideways,2,2
sidia,2,2
si digital,2,2
sielo,2,2
siembra,2,2
siena,2,2
siera,2,2
sifo,2,2
sifted,2,2
sifter,2,2
sifthub,2,2
sig,2,2
sightx,2,2
sigil,2,2
sigma consulting,2,2
sigma data,2,2
sigmamed,2,2
sigmatech,2,2
sigmax,2,2
sigmoid,2,2
sigmund,2,2
signa,2,2
signal analysis,2,2
signal processing,2,2
signalvision,2,2
signapps,2,2
signet therapeutics,2,2
signifi,2,2
significo,2,2
signity,2,2
signon,2,2
signos,2,2
siid,2,2
siig,2,2
siit,2,2
siki,2,2
sikka,2,2
silex,2,2
silice,2,2
silicolabs,2,2
silicon intelligence,2,2
silicon mountain,2,2
silicon networks,2,2
silicon valley,2,2
sil impianti industriali,2,2
silk route,2,2
silky,2,2
sillion,2,2
silver arrow,2,2
silver bullet,2,2
silverbullet,2,2
silvercrest,2,2
silvereye,2,2
silverhost,2,2
silverlake,2,2
silver lining,2,2
silver linings,2,2
silverpine,2,2
silverspace,2,2
silx,2,2
simax,2,2
simba,2,2
simbel,2,2
simbi,2,2
simbiotica,2,2
simc,2,2
simcare,2,2
simcore,2,2
simet,2,2
simetric,2,2
simha,2,2
simlab,2,2
simmersion,2,2
simnet,2,2
simotech,2,2
simova,2,2
simp,2,2
simplata,2,2
simplecloud,2,2
simple control,2,2
simpledata,2,2
simplefly,2,2
simpleid,2,2
simple information,2,2
simple logic,2,2
simple logic it,2,2
simple machines,2,2
simplepay,2,2
simpler,2,2
simple smart,2,2
simple support,2,2
simpleware,2,2
simpleweb,2,2
simpli,2,2
simpli5,2,2
simpliconnect,2,2
simplifyd,2,2
simplifying it,2,2
simplish,2,2
simplitec,2,2
simplus,2,2
simplyblock,2,2
simplycount,2,2
simplyfi,2,2
simply it,2,2
simply secure,2,2
simpro,2,2
simris,2,2
simsoft,2,2
simtek,2,2
simul digital,2,2
simutec,2,2
simworx,2,2
sinai,2,2
sinapse,2,2
sinbad,2,2
sinc,2,2
sincera,2,2
sincera consulting,2,2
sincere,2,2
sind,2,2
sine,2,2
sinecure,2,2
sinergica,2,2
sinergy,2,2
sinet,2,2
sinew,2,2
sine wave entertainment,2,2
singi,2,2
single cell,2,2
singleclick,2,2
singlepoint,2,2
singlesource,2,2
singlesource it,2,2
singu,2,2
sinnova,2,2
sinq,2,2
sinsiarge,2,2
sintesis,2,2
sintra,2,2
siox,2,2
sip,2,2
sipe,2,2
sipmobile,2,2
sipro,2,2
sira,2,2
sirch,2,2
sirdab,2,2
sire,2,2
siren,2,2
sirum,2,2
sisar,2,2
siscom,2,2
siso,2,2
sispro,2,2
sistec,2,2
sisters,2,2
sitback,2,2
sitch,2,2
sitego,2,2
sitelabs,2,2
siteland,2,2
sitesee,2,2
sitetech,2,2
site work,2,2
sitework,2,2
siti,2,2
sitic,2,2
sitka,2,2
siwa,2,2
siway,2,2
sixone,2,2
size,2,2
sjs,2,2
skad,2,2
skail,2,2
skale,2,2
skan,2,2
skape,2,2
skarp,2,2
sk consulting,2,2
sked,2,2
skein,2,2
skema,2,2
sketchdeck,2,2
skie,2,2
skillbank,2,2
skillboost,2,2
skillcert,2,2
skillq,2,2
skillrank,2,2
skillsource,2,2
skillsup,2,2
skillzilla,2,2
skimmer,2,2
skin,2,2
skit,2,2
skiva,2,2
skm,2,2
sko,2,2
skoog,2,2
skoop,2,2
skopos,2,2
skratch,2,2
skribe,2,2
sks,2,2
skuld,2,2
skv,2,2
skyalert,2,2
sky aviation,2,2
skyborne,2,2
skybridge,2,2
skycorp,2,2
skydeck,2,2
skydrop,2,2
skyfire,2,2
skyflow,2,2
skygen,2,2
skygrid,2,2
sky high,2,2
skyhook,2,2
sky it,2,2
skylark infotech,2,2
skylift,2,2
skyline it services,2,2
skylla,2,2
skymap,2,2
sky media,2,2
skypath,2,2
skypoint,2,2
skypro,2,2
skyriver,2,2
skyrocket,2,2
skyron,2,2
skyrunner,2,2
skyscape,2,2
skyserve,2,2
skysis,2,2
skysoft,2,2
skysource,2,2
skytale,2,2
skytec,2,2
skytek,2,2
skytex,2,2
skyward,2,2
skywatch,2,2
skyway,2,2
skyworks,2,2
skyx,2,2
slab,2,2
slamcore,2,2
slant,2,2
slapp,2,2
slc,2,2
sleeper,2,2
sleeve,2,2
sleuth,2,2
slicedbread,2,2
slicex,2,2
slick,2,2
slicker,2,2
slide,2,2
slidefactory,2,2
slidely,2,2
slides,2,2
slidr,2,2
slightly different,2,2
sligo,2,2
slimware utilities,2,2
slingshot aerospace,2,2
slip,2,2
slique robotics,2,2
sloop,2,2
sls,2,2
slt,2,2
sly,2,2
slyd,2,2
sly fox,2,2
slytek,2,2
sm,2,2
sma,2,2
smac,2,2
smach,2,2
smack,2,2
small business web,2,2
small data,2,2
small planet,2,2
smallworld,2,2
smart 360,2,2
smart360,2,2
smart advanced,2,2
smartag,2,2
smartapp,2,2
smart applications,2,2
smartasset,2,2
smart aviation,2,2
smartbase,2,2
smartbi,2,2
smartbill,2,2
smartbiz,2,2
smartbox,2,2
smartbridge,2,2
smartcall,2,2
smartcare,2,2
smartcast,2,2
smartcat,2,2
smart charging,2,2
smart citizens,2,2
smart cloud consulting,2,2
smartcode,2,2
smartconnect,2,2
smart control,2,2
smartcube,2,2
smartdev,2,2
smart diagnostics,2,2
smartdoc,2,2
smarte,2,2
smartear,2,2
smartedge,2,2
smart education,2,2
smart electronics,2,2
smartenit,2,2
smarteq,2,2
smartex,2,2
smarteye,2,2
smartfarm,2,2
smartfeed,2,2
smartfish,2,2
smartflow,2,2
smart global,2,2
smart green,2,2
smart host,2,2
smarthost,2,2
smart hotel,2,2
smartia,2,2
smart imaging,2,2
smart industry,2,2
smart insight,2,2
smartinsight,2,2
smart iot,2,2
smartis,2,2
smartive,2,2
smartlane,2,2
smartli,2,2
smart locker,2,2
smartlog,2,2
smart logic,2,2
smart marketing,2,2
smartmentor,2,2
smart monitoring,2,2
smartmove,2,2
smart network,2,2
smartnvy,2,2
smarto,2,2
smart one,2,2
smartops,2,2
smart paper,2,2
smartphone,2,2
smart planet,2,2
smartplant,2,2
smartpoint,2,2
smartpush,2,2
smart response,2,2
smart safety,2,2
smartscale,2,2
smartschool,2,2
smartscripts,2,2
smartsense,2,2
smart services,2,2
smart sistemas,2,2
smart soft,2,2
smart solution,2,2
smartsource,2,2
smartsourcing,2,2
smart spaces,2,2
smartstaff,2,2
smart support,2,2
smartsy,2,2
smartsync,2,2
smartsys,2,2
smart tag,2,2
smarttime,2,2
smarttrak,2,2
smart transactions,2,2
smart usa,2,2
smartvideo,2,2
smartview,2,2
smartvision,2,2
smartvisit,2,2
smartviz,2,2
smartvolt,2,2
smartware,2,2
smartways,2,2
smartwheel,2,2
smartwise,2,2
smartxchange,2,2
smarty pants,2,2
smartz,2,2
smashing,2,2
smb network,2,2
sme it,2,2
smesh,2,2
smh,2,2
smile media,2,2
smiles,2,2
smileygo,2,2
smith associates,2,2
sml,2,2
smn,2,2
smoothie,2,2
smoothly,2,2
smore,2,2
smp engineering,2,2
smrtr,2,2
sms,2,2
sms industries,2,2
sms services,2,2
snabb,2,2
snagr,2,2
snail games,2,2
snapclick,2,2
snap consulting,2,2
snapland,2,2
snapper,2,2
snappy,2,2
snapsave,2,2
snap schedule,2,2
snapshop,2,2
snapshot,2,2
snapsoft,2,2
snaptik,2,2
snapx,2,2
snark,2,2
snatch,2,2
snax,2,2
sneakers,2,2
snh,2,2
snic,2,2
snipe,2,2
sniper,2,2
snitch,2,2
snk it,2,2
snmp,2,2
snoobi,2,2
snoop,2,2
snowflake,2,2
snowfox,2,2
snowman,2,2
snowstorm,2,2
snuailab,2,2
snug,2,2
soapp,2,2
soarce,2,2
soaring,2,2
soar robotics,2,2
sobek,2,2
sober network,2,2
soc,2,2
socialbets,2,2
social cat,2,2
social engineer,2,2
sociality,2,2
social marketing,2,2
socialrocket,2,2
social strategy,2,2
socialweb,2,2
socialx,2,2
socian,2,2
societal,2,2
socionext,2,2
sockeye,2,2
socos,2,2
socotra,2,2
sodality,2,2
sodio,2,2
soeasy,2,2
sofi,2,2
sofie,2,2
sofis,2,2
sofit,2,2
sofka,2,2
sofos,2,2
soft4,2,2
softa,2,2
softage,2,2
softart,2,2
softaware,2,2
softbay,2,2
softbridge,2,2
softcity,2,2
soft cloud,2,2
softcode,2,2
softconsulting,2,2
softcube,2,2
softdrive,2,2
softel,2,2
softensity,2,2
softential,2,2
softera,2,2
softful,2,2
softgate,2,2
softi,2,2
softico,2,2
softinfo,2,2
soft innovation,2,2
softkodes,2,2
softlabs,2,2
softlink,2,2
softmedia,2,2
softnext,2,2
softphone,2,2
soft-pro,2,2
softpros,2,2
softray,2,2
softrock,2,2
softserv,2,2
softstart,2,2
softwar,2,2
softwareq,2,2
softweb,2,2
softwire,2,2
softwired,2,2
softwise,2,2
sofy,2,2
sognare,2,2
soham,2,2
sohome,2,2
soko,2,2
solab,2,2
solarc,2,2
solareum,2,2
solarix,2,2
solarize,2,2
solarman,2,2
solarys,2,2
solen,2,2
sole solution,2,2
solex,2,2
solidbrain,2,2
solideng,2,2
solid it,2,2
solidit,2,2
solid media,2,2
solid-soft,2,2
solid state,2,2
solim,2,2
solitera,2,2
solix,2,2
solken,2,2
sollertis,2,2
solmit,2,2
sol one,2,2
solos,2,2
solotec,2,2
soloway,2,2
solser,2,2
solsys,2,2
soluciones 360,2,2
soluções industriais,2,2
solut,2,2
soluta,2,2
solute,2,2
solutia,2,2
solutionlab,2,2
soluto,2,2
soluware,2,2
soluxions,2,2
soluzioni,2,2
solvd,2,2
solved by,2,2
solve it,2,2
solveit,2,2
solvemed,2,2
solver,2,2
solvera,2,2
solvex,2,2
solvi,2,2
solvis,2,2
solvision,2,2
solvo,2,2
somar,2,2
somatic,2,2
sombra,2,2
some1,2,2
somma,2,2
son,2,2
sonaro,2,2
sonat,2,2
sonder digital,2,2
songflow,2,2
sonic aerospace,2,2
sonical,2,2
sonic it,2,2
sonne,2,2
sonus,2,2
soorya,2,2
soos,2,2
sophus,2,2
sophy,2,2
sorbet,2,2
sorce,2,2
sortera,2,2
sortino,2,2
sos consulting,2,2
sose,2,2
soso,2,2
sota,2,2
sotek,2,2
souk,2,2
soul media,2,2
soultech,2,2
soundings,2,2
soundio,2,2
soundit,2,2
soundmind,2,2
soundry,2,2
sound strategy,2,2
source central partners,2,2
source code,2,2
sourcecode,2,2
source consulting,2,2
sourcepulse,2,2
source security,2,2
sourcetech,2,2
south,2,2
southeast,2,2
southmedia,2,2
southpaw,2,2
southport,2,2
southside,2,2
southworks,2,2
soverin,2,2
space age,2,2
space and time,2,2
spacebar,2,2
spacecom,2,2
spacedraft,2,2
spaceit,2,2
spacemaker,2,2
spacepharma,2,2
space power,2,2
spacer,2,2
spacesense,2,2
spaceteam,2,2
spacex,2,2
spacial,2,2
spark analytics,2,2
sparkbox,2,2
spark business,2,2
spark consulting,2,2
spark education,2,2
sparklabs,2,2
sparklean,2,2
sparkles,2,2
sparklink,2,2
sparkplug,2,2
sparks,2,2
sparksoft,2,2
sparktech,2,2
spark tek,2,2
sparkup,2,2
sparkwave,2,2
sparky,2,2
sparo,2,2
sparrow analytics,2,2
spartan it,2,2
spartans,2,2
spartech,2,2
spatialedge,2,2
spatium,2,2
speach,2,2
speakap,2,2
speakfeel,2,2
speakin,2,2
speakup,2,2
spear,2,2
spearhead consulting,2,2
speccom,2,2
special,2,2
specialist,2,2
specialisterne,2,2
specialist technical services,2,2
speciate,2,2
specifio,2,2
speckle,2,2
spect,2,2
spectacles,2,2
spectar,2,2
spectro,2,2
speechify,2,2
speechki,2,2
speed-net,2,2
speedweb,2,2
speedx,2,2
speedy,2,2
speiz,2,2
spektr,2,2
spell,2,2
spencer,2,2
spend,2,2
spendlogic,2,2
sp engineering,2,2
spenmo,2,2
spenza,2,2
spetz,2,2
sph3re,2,2
sphaera,2,2
sphera,2,2
sphere network,2,2
spheretech,2,2
spherical,2,2
spi,2,2
spiber,2,2
spica,2,2
spider networks,2,2
spider silk,2,2
spigot,2,2
spinbits,2,2
spin on web,2,2
spintek,2,2
spira,2,2
spiraledge,2,2
spire engineering,2,2
spirit media,2,2
spirits,2,2
spiritus,2,2
spj,2,2
spl,2,2
splan,2,2
splashmetrics,2,2
splashup,2,2
spleenlab,2,2
splendit,2,2
splink,2,2
splt,2,2
splus,2,2
splyt,2,2
spoak,2,2
spolive,2,2
sponge,2,2
spoon,2,2
spoony,2,2
spoors,2,2
spork,2,2
sport,2,2
sportai,2,2
sportpass,2,2
sports,2,2
sports innovation,2,2
sports tracking,2,2
spot consulting,2,2
spotler,2,2
spotlight cybersecurity,2,2
spotlight data,2,2
spotline,2,2
spotlyte,2,2
spot on,2,2
spotted,2,2
spotter,2,2
spotwork,2,2
spree,2,2
springo,2,2
spring time,2,2
sprinthub,2,2
sprint studio,2,2
sprintx,2,2
sprocket,2,2
sprout digital,2,2
sprout studio,2,2
spruced,2,2
spsoft,2,2
spun,2,2
spy,2,2
spyre,2,2
sql,2,2
sqldba,2,2
sql recovery,2,2
sqr,2,2
sqrd,2,2
sqrl,2,2
squads,2,2
squarebear,2,2
squared consulting,2,2
squared networks,2,2
square media,2,2
square one,2,2
squarepeg,2,2
square root,2,2
square yards,2,2
squark,2,2
squash,2,2
sr analytics,2,2
srb,2,2
sre,2,2
srija,2,2
sri sai,2,2
sriven,2,2
sr media,2,2
srs,2,2
sruta,2,2
ssa,2,2
ssc,2,2
sse,2,2
ssn,2,2
ssp,2,2
ssv,2,2
stabilis,2,2
stable,2,2
stably,2,2
staccato,2,2
stacked,2,2
stackend,2,2
stacker,2,2
stackfix,2,2
stacklist,2,2
stackrank,2,2
stacksync,2,2
stacktrace,2,2
stackup,2,2
staffconnect,2,2
stafflink,2,2
staffly,2,2
stafford,2,2
stag,2,2
stage games,2,2
stage one,2,2
staircase,2,2
stak,2,2
stallions,2,2
stam,2,2
stampede,2,2
stamper,2,2
stamps,2,2
stance,2,2
standard analytics,2,2
standard data,2,2
standard practice,2,2
standout,2,2
stands,2,2
stanton consulting,2,2
stanza,2,2
starapps,2,2
starburst,2,2
star consulting,2,2
starfish,2,2
starfish enterprise,2,2
stargate,2,2
stargaze,2,2
star global,2,2
starlink,2,2
starnav,2,2
starpay,2,2
starq,2,2
stars,2,2
starseed,2,2
starshot,2,2
startappz,2,2
startbase,2,2
startdate,2,2
startex,2,2
start me,2,2
startnet,2,2
start on,2,2
start up,2,2
startup foundation,2,2
startup school,2,2
starview,2,2
stary,2,2
stashaway,2,2
state of mind,2,2
statik,2,2
statlog,2,2
stature,2,2
statusbrew,2,2
stauffer,2,2
staxx,2,2
stay,2,2
stayhome,2,2
staytuned,2,2
std,2,2
stead,2,2
steam,2,2
steamship,2,2
steelgate,2,2
steelhead,2,2
steel house,2,2
steezy,2,2
steg,2,2
stellar consulting,2,2
stellar fusion,2,2
stellar innovations,2,2
stellaris,2,2
stellar it,2,2
stellasoft,2,2
steller,2,2
stellium,2,2
stellmar,2,2
stemimmune,2,2
steno,2,2
step by step,2,2
stepchange,2,2
step engineering,2,2
step function,2,2
stephow,2,2
stepladder,2,2
steply,2,2
stepone,2,2
stepout,2,2
stepps,2,2
steps,2,2
steradian,2,2
stere,2,2
stigo,2,2
stillpoint,2,2
stimet,2,2
stin,2,2
sting,2,2
stipple,2,2
stir,2,2
stk,2,2
stl engineering,2,2
sto,2,2
stochastic,2,2
stockpress,2,2
stock pro,2,2
stocksnips,2,2
stonebridge,2,2
stonefish,2,2
stoneridge,2,2
stoop,2,2
storage it,2,2
storeasy,2,2
storehero,2,2
storehub,2,2
stories,2,2
storism,2,2
storm it,2,2
storm services,2,2
storydoc,2,2
storyliner,2,2
story maker,2,2
story protocol,2,2
storyteller,2,2
storytime,2,2
stpl,2,2
str,2,2
stracon,2,2
straddle,2,2
stradigi,2,2
straight,2,2
straight up,2,2
strap,2,2
strapp,2,2
strat,2,2
strategia,2,2
strategic global,2,2
strategic it,2,2
strategic marketing,2,2
strategic media,2,2
strategic partners,2,2
strategic support,2,2
strategis consulting,2,2
strategix,2,2
strategy innovation,2,2
strategy marketing,2,2
strateos,2,2
stratify consulting,2,2
stratium,2,2
stratus data,2,2
stratus services,2,2
streamdal,2,2
streamingfilz,2,2
streamline automation,2,2
streamline it,2,2
streamline media,2,2
streamline networks,2,2
streamlyne,2,2
streammosaic,2,2
streamvision,2,2
streamworks,2,2
streamworx,2,2
streem,2,2
streetlogic,2,2
streetwise,2,2
strengthen,2,2
stretch,2,2
strex,2,2
strict,2,2
strigo,2,2
strique,2,2
strive sales,2,2
strm,2,2
strobe,2,2
strolll,2,2
strongbox,2,2
strong-it,2,2
strong tower,2,2
stroom,2,2
struck,2,2
structum,2,2
structural engineering,2,2
structured communications,2,2
strum,2,2
strut learning,2,2
stryd,2,2
stryve,2,2
stuck,2,2
stud,2,2
studeo,2,2
studia,2,2
studio 15,2,2
studiolabs,2,2
studio mesh,2,2
studio pro,2,2
studious,2,2
study advisor,2,2
studyfree,2,2
studypal,2,2
studyum,2,2
studywise,2,2
stuff,2,2
sturdy,2,2
styleai,2,2
stylebook,2,2
stylemix,2,2
styletech,2,2
stylib,2,2
stylo,2,2
styrk,2,2
styx,2,2
suave,2,2
sub,2,2
subconscious,2,2
subit,2,2
subject,2,2
sublime,2,2
subset,2,2
subsets,2,2
subsidium,2,2
substance,2,2
substrata,2,2
subsync,2,2
succeed,2,2
suchscience,2,2
sudozi,2,2
suitapp,2,2
suited,2,2
sulis,2,2
sum,2,2
suma,2,2
sumer,2,2
sumeria,2,2
summa,2,2
summa consulting,2,2
summon,2,2
summus,2,2
sumo,2,2
sumr,2,2
sums,2,2
sunai,2,2
sunde,2,2
sundew,2,2
sunland,2,2
sunnet,2,2
sunpay,2,2
sunroom rentals,2,2
sunset,2,2
sunstar,2,2
suntech,2,2
sun valley,2,2
sunvera,2,2
superapp,2,2
superbio,2,2
superbright,2,2
supercharge,2,2
supercharger,2,2
supercluster,2,2
superdigital,2,2
superfluid,2,2
superfluid dx,2,2
superfly,2,2
superfy,2,2
supergeek,2,2
superglue,2,2
superimage,2,2
superion,2,2
superior business,2,2
superior digital,2,2
superlinear,2,2
supermind,2,2
supernatural,2,2
supernice,2,2
supernode,2,2
superops,2,2
superorder,2,2
superpowered,2,2
superset,2,2
supersight,2,2
supersymmetry,2,2
supertek,2,2
supertext,2,2
supertrace,2,2
supinf,2,2
suplift,2,2
suplio,2,2
suplo,2,2
suporte,2,2
supple,2,2
supply chain,2,2
supplynow,2,2
supportdesk,2,2
supportpro,2,2
support services,2,2
support sidekick,2,2
suprema,2,2
sur,2,2
surefire,2,2
surelock,2,2
sureshot,2,2
suresoft,2,2
surespot,2,2
suretec,2,2
surge cloud,2,2
surv,2,2
surveylab,2,2
sus,2,2
sush,2,2
sustain,2,2
sustainable engineering,2,2
sustainable performance,2,2
sustainit,2,2
sustech,2,2
suus,2,2
suvera,2,2
suvidhaa,2,2
svac,2,2
svante,2,2
svats,2,2
svc,2,2
sv international,2,2
svk,2,2
sw,2,2
swallow,2,2
swapd,2,2
swapi,2,2
swash,2,2
swave photonics,2,2
swayed,2,2
sweeper,2,2
sweetcom,2,2
sweetsoft,2,2
swerve,2,2
swide,2,2
swiftcloud,2,2
swiftcomply,2,2
swift digital,2,2
swift dynamics,2,2
swift fox,2,2
swift ride,2,2
swifty,2,2
swim,2,2
swingvision,2,2
swirlds,2,2
swit,2,2
switchbox,2,2
switch business,2,2
switchit,2,2
switchpoint,2,2
switchup,2,2
swivl,2,2
swj,2,2
swoop,2,2
swoove,2,2
sword,2,2
swordfish,2,2
swvl,2,2
swym,2,2
swytch,2,2
swyvl,2,2
sxblue,2,2
sxd,2,2
syad,2,2
syber,2,2
sybis,2,2
syco,2,2
sycorax,2,2
syfer,2,2
sygma,2,2
sygna,2,2
syla,2,2
syla brain,2,2
syllo,2,2
syllogistic,2,2
sylo,2,2
sylphai,2,2
symax,2,2
symba,2,2
symbiolab,2,2
symbiote,2,2
symbium,2,2
symbol,2,2
symlink,2,2
symmetrical,2,2
sympli,2,2
syn,2,2
synack,2,2
synage,2,2
synap,2,2
synapps,2,2
synapseindia,2,2
synaptiq,2,2
synapze,2,2
synbio,2,2
syncd,2,2
synchron,2,2
synchronism,2,2
synchrono,2,2
synchronous,2,2
sync it,2,2
sync marketing,2,2
syncrasy,2,2
syncrew,2,2
syncsys,2,2
syncware,2,2
syndata,2,2
syndeo,2,2
syneco,2,2
synergia,2,2
synergic,2,2
synergie,2,2
synergies intelligent,2,2
synergistic,2,2
synergize,2,2
synergo,2,2
synergos,2,2
synergy advisors,2,2
synergy global,2,2
synergy information,2,2
synergy it,2,2
synergy marketing,2,2
synergy partners,2,2
synersoft,2,2
synertic,2,2
synesis,2,2
synetech,2,2
synexis,2,2
synic,2,2
synnax,2,2
synopsis,2,2
synoptix,2,2
synq,2,2
syntagma,2,2
syntegra,2,2
syntes,2,2
synthavo,2,2
synthesys,2,2
synthetic,2,2
synthetica,2,2
synthetix,2,2
synthex,2,2
syntrino,2,2
syntropy,2,2
syon,2,2
syrinx,2,2
syrup,2,2
sys4b,2,2
sysarmy,2,2
syscloud,2,2
syscraft,2,2
sysfore,2,2
sysin,2,2
sysnet,2,2
syspeople,2,2
syste,2,2
systec services,2,2
system2,2,2
systemation,2,2
system concierge,2,2
system design,2,2
systemo,2,2
system sense,2,2
systemx,2,2
systemz,2,2
systima,2,2
systray,2,2
syzygy,2,2
t2m,2,2
t4c,2,2
t5,2,2
taas,2,2
tabb,2,2
tabi,2,2
tableflow,2,2
tablet,2,2
tablz,2,2
tabulate,2,2
tabx,2,2
tacg,2,2
tackleai,2,2
taco,2,2
tactica,2,2
tactical,2,2
tactical network,2,2
tactical zone,2,2
tactick,2,2
tactile,2,2
tactiq,2,2
tactive,2,2
tacto,2,2
tad,2,2
taffy media,2,2
tagit,2,2
tag media,2,2
tagnology,2,2
tagore,2,2
tagpay,2,2
tagr,2,2
tags,2,2
tagup,2,2
tahoe,2,2
tahto,2,2
taiga robotics,2,2
tail,2,2
tailorsoft,2,2
tainai,2,2
taka,2,2
takalam,2,2
take5,2,2
take flight aviation,2,2
taker,2,2
takes,2,2
takima,2,2
tako,2,2
takoma,2,2
takt,2,2
taktiful,2,2
takumi,2,2
takyon,2,2
talenco,2,2
talent360,2,2
talent access,2,2
talentbloom,2,2
talentbox,2,2
talentcloud,2,2
talentech,2,2
talented,2,2
talentia,2,2
talentium,2,2
talent smart,2,2
talentum,2,2
talentvalue,2,2
talewind,2,2
talisman consulting,2,2
talium,2,2
talk,2,2
talkative,2,2
talkbase,2,2
talkbox,2,2
talking pixels,2,2
talkme,2,2
talkshop,2,2
talk to me,2,2
taller,2,2
tallgrass,2,2
tallyit,2,2
taltrics,2,2
talysis,2,2
tama,2,2
tamanna,2,2
tamarix,2,2
tame,2,2
tami,2,2
tampa bay,2,2
tangerine creative,2,2
tangled,2,2
tantus,2,2
tao,2,2
taos,2,2
taotao,2,2
tapfun,2,2
tapin,2,2
tapio,2,2
tapir,2,2
tapit,2,2
taponit,2,2
tappable,2,2
tappan,2,2
tappit,2,2
tappy,2,2
taproot,2,2
taps,2,2
taqt,2,2
taqtile,2,2
taranis,2,2
tarantula,2,2
tarco,2,2
tarjimly,2,2
tarkim,2,2
taro,2,2
taroko,2,2
taron,2,2
tartan,2,2
tasko,2,2
task source,2,2
taso,2,2
tasq,2,2
tass,2,2
taste,2,2
tasty,2,2
tatou,2,2
tattica,2,2
tauro,2,2
taurus it,2,2
taut,2,2
tavern,2,2
taw,2,2
tawasol,2,2
taxa,2,2
taxbot,2,2
taxfix,2,2
taxflow,2,2
taxly,2,2
taxology,2,2
taylor,2,2
tb,2,2
tbc,2,2
tbf environmental,2,2
tbg,2,2
tbm,2,2
tcam,2,2
tcd,2,2
tchek,2,2
tci,2,2
tcms,2,2
tcom,2,2
tct,2,2
tdc,2,2
tdk,2,2
tdm,2,2
tdp agency,2,2
tds,2,2
tdt,2,2
teach me,2,2
teak,2,2
team5,2,2
teambrain,2,2
teambuildr,2,2
teamcal,2,2
teamed,2,2
team everywhere,2,2
teamflow,2,2
teamgeist,2,2
teamhub,2,2
teamin,2,2
team in india,2,2
team internet,2,2
team-it,2,2
teamit,2,2
teamlink,2,2
team one,2,2
teamplus,2,2
teampulse,2,2
teams,2,2
team si,2,2
teamspace,2,2
teamstack,2,2
team trade,2,2
teamup,2,2
teamware,2,2
tebo,2,2
tecarta,2,2
teccom,2,2
tec consulting,2,2
tecde,2,2
tecedge,2,2
tecfy,2,2
tech2,2,2
tech24,2,2
techacademy,2,2
techbay,2,2
techbear,2,2
techbiz,2,2
techbros,2,2
techcloud,2,2
techcode,2,2
techcomm,2,2
techcxo,2,2
techdefence,2,2
techdirect,2,2
teche,2,2
techedge,2,2
techelligence,2,2
techelp,2,2
techexperts,2,2
techflix,2,2
techflux,2,2
techfort,2,2
techframe,2,2
techground,2,2
techgrow,2,2
techheim,2,2
techie,2,2
techies infotech,2,2
techit services,2,2
techlab,2,2
techlabs,2,2
techlabs london,2,2
techleads,2,2
techlife,2,2
techlogix,2,2
techma,2,2
techmagic,2,2
techman,2,2
techmantra,2,2
techmap,2,2
techmation,2,2
techmatrix,2,2
techmatters,2,2
techmedic,2,2
techmind,2,2
techmojo,2,2
technation,2,2
technex,2,2
technext,2,2
technic,2,2
technical services,2,2
techniche,2,2
technicon,2,2
technics,2,2
technity,2,2
technocraft,2,2
technocrat,2,2
technocrats,2,2
technocube,2,2
technoflex,2,2
techno forum,2,2
technogarden,2,2
technohub,2,2
technoid,2,2
technokrats,2,2
technolab,2,2
technologi,2,2
technologist,2,2
technologix,2,2
technomedia,2,2
technometrics,2,2
technopath,2,2
techno softwares,2,2
technosquare,2,2
technostream,2,2
technosys,2,2
technovation,2,2
technovative,2,2
technow,2,2
technowings,2,2
techouse,2,2
techpar,2,2
techplus,2,2
techpower,2,2
techpro,2,2
techrec,2,2
techsee,2,2
techshare,2,2
techsol,2,2
techson,2,2
techspace,2,2
techsphere,2,2
techspire,2,2
techsquad,2,2
techsuite,2,2
techsword,2,2
techtank,2,2
techtastic,2,2
techtech,2,2
techtics,2,2
techtrend,2,2
techtrix,2,2
techub,2,2
techunited,2,2
techvar,2,2
techware pvt,2,2
techwise,2,2
techwolf,2,2
teclib,2,2
tecna,2,2
tec networks,2,2
tecnica,2,2
tecnical,2,2
tecnit,2,2
tecnologie industriali,2,2
teco,2,2
tecocraft,2,2
teconsult,2,2
tecpoint,2,2
tecpro,2,2
tecsa,2,2
tecsol,2,2
tecsystem,2,2
tecsystems,2,2
tect,2,2
tectre,2,2
tecture,2,2
tedi,2,2
teeg,2,2
teg,2,2
tego,2,2
tei,2,2
teia,2,2
tein,2,2
tekforce,2,2
tekio,2,2
tekki,2,2
tekman,2,2
tekne,2,2
teknik,2,2
teknika,2,2
tekniti,2,2
tekno,2,2
teknoservice,2,2
teko,2,2
tekskills,2,2
tektonic,2,2
tekversify,2,2
tel,2,2
tela,2,2
telco,2,2
telco management,2,2
telconet,2,2
teleapps,2,2
teleconsult,2,2
telefio,2,2
teleinfo,2,2
telema,2,2
telematics,2,2
telemedic,2,2
telemedicine,2,2
telemetri,2,2
telenetix,2,2
teleo,2,2
telepath,2,2
telepathy,2,2
telescope analytics,2,2
teleskope,2,2
telesupply,2,2
teletech,2,2
telia,2,2
telic,2,2
telios,2,2
telit,2,2
teliti,2,2
telium,2,2
telli,2,2
telligens,2,2
tellu,2,2
telmax,2,2
telness,2,2
telo,2,2
telos health,2,2
telux,2,2
tema,2,2
tembo,2,2
temec,2,2
temeco,2,2
temi,2,2
templ,2,2
tempora,2,2
ten31,2,2
tenant,2,2
tenax,2,2
tend,2,2
ten degrees,2,2
tendency,2,2
tender,2,2
tenders,2,2
tendril,2,2
tenebris,2,2
tenfold,2,2
tenfold security,2,2
tenkai,2,2
tensegrity,2,2
tensil,2,2
tensor,2,2
tensoropera,2,2
tensr,2,2
tention,2,2
tento,2,2
tentwelve,2,2
tenx,2,2
tenxer,2,2
teora,2,2
tepsi,2,2
tepy,2,2
teqie,2,2
tequila mobile,2,2
teraki,2,2
terasoft,2,2
teratech,2,2
terawatt,2,2
teraworks,2,2
tercera,2,2
terem,2,2
tergos,2,2
terma,2,2
tern,2,2
ternio,2,2
tero,2,2
terracotta,2,2
terra environmental,2,2
terraform,2,2
terrain,2,2
terranova,2,2
terrascope,2,2
terrasky,2,2
terravision,2,2
terrible,2,2
terrific,2,2
terusama,2,2
tes,2,2
tesa,2,2
tesco,2,2
teseo,2,2
teso,2,2
tessa,2,2
tessera,2,2
testeract,2,2
testi,2,2
testify,2,2
testing services,2,2
testmate,2,2
testo industrial services,2,2
testpoint,2,2
tetatet,2,2
tether,2,2
tethis,2,2
tethys,2,2
tetrix,2,2
tevent,2,2
texas,2,2
texer,2,2
texo,2,2
texol,2,2
text,2,2
text2test,2,2
textbot,2,2
text factory,2,2
textr,2,2
textual,2,2
tez,2,2
tfl,2,2
tfour,2,2
tgc,2,2
tge,2,2
th,2,2
thames valley,2,2
thankful,2,2
thanks,2,2
that works,2,2
the academy,2,2
the agency,2,2
the alliance,2,2
the analyst,2,2
the app,2,2
the arcanum,2,2
the barn,2,2
the beacon,2,2
the brains,2,2
the center,2,2
the check,2,2
the cloud,2,2
the coach,2,2
thecoded,2,2
thecommerce,2,2
the community,2,2
the computer shop,2,2
the connection,2,2
the cultivated,2,2
the data,2,2
the destiny,2,2
the development factory,2,2
the difference,2,2
the experience,2,2
theeye,2,2
the factor,2,2
the factory,2,2
the fulcrum,2,2
the game,2,2
the gang,2,2
the geek,2,2
the horizon,2,2
the hybrid,2,2
the ig,2,2
the incubator,2,2
the institute,2,2
the intellectual property,2,2
the it department,2,2
the label,2,2
the launchpad,2,2
the layer,2,2
the list,2,2
the makers,2,2
the marketing hub,2,2
the mercator,2,2
the mis department,2,2
the native,2,2
the network,2,2
the network factory,2,2
the network operations company,2,2
the omega,2,2
theor,2,2
theoris,2,2
theory practice,2,2
the os,2,2
the others,2,2
the outfit,2,2
the partnership,2,2
the people,2,2
the pixel,2,2
the practical solution,2,2
the practice,2,2
the prospective,2,2
the public health company,2,2
the rant,2,2
therapy,2,2
the rebellion,2,2
thermoeye,2,2
thermosystems,2,2
the round,2,2
the runway,2,2
the sandbox,2,2
the sense,2,2
the server,2,2
the skills,2,2
the solution,2,2
the sphere,2,2
the spoon,2,2
the spot,2,2
the swarm,2,2
the team,2,2
the va,2,2
the vault,2,2
the web guys,2,2
the whole,2,2
the zone,2,2
thinair,2,2
thing,2,2
thinger,2,2
thinkability,2,2
thinkapps,2,2
thinkbig,2,2
thinkcloud,2,2
think communications,2,2
thinkcube,2,2
think data,2,2
thinkdigital,2,2
thinkhuman,2,2
thinking machines,2,2
thinklab,2,2
thinklogic,2,2
thinklytics,2,2
think of us,2,2
thinkr,2,2
thinkspace,2,2
thinkstream,2,2
thinktek,2,2
think tree,2,2
thinkx,2,2
thinline,2,2
thinscale,2,2
thinx,2,2
third bridge,2,2
thirdfi,2,2
this,2,2
thistle,2,2
thndr,2,2
thola,2,2
thomas,2,2
thomas engineering,2,2
those,2,2
thought,2,2
thoughtlabs,2,2
threadable,2,2
thred,2,2
threedee,2,2
threedy,2,2
threefold,2,2
threshold,2,2
thrift,2,2
throne,2,2
thruline,2,2
thryve,2,2
thsoft,2,2
tht,2,2
thumb,2,2
thumbprint,2,2
thumbtack,2,2
thumos,2,2
thunder,2,2
thunderbirds,2,2
thunderstone,2,2
thursday,2,2
thynk cloud,2,2
thynx,2,2
thyor,2,2
tiba,2,2
tiber,2,2
tickbox,2,2
ticker,2,2
tico,2,2
tics,2,2
tictag,2,2
tidepool,2,2
tidy,2,2
tier1,2,2
tier3,2,2
tier4,2,2
tiger digital,2,2
tigereye,2,2
tightknit,2,2
tika,2,2
tilda,2,2
tilkoblet,2,2
tillage,2,2
tiller,2,2
tillit,2,2
tilon,2,2
tilted,2,2
tima,2,2
time2market,2,2
timeapp,2,2
timebird,2,2
timeinvest,2,2
timelab,2,2
timeless,2,2
timepay,2,2
time people,2,2
timeplan,2,2
timer,2,2
timescale,2,2
timescape,2,2
times media,2,2
time space,2,2
timespace,2,2
timewell,2,2
tin can,2,2
tinder,2,2
tinderbox,2,2
tindo,2,2
tine,2,2
tinet,2,2
tingono,2,2
tinia,2,2
tink,2,2
tinker,2,2
tinkery,2,2
tino,2,2
tinydata,2,2
tiny fish,2,2
tiny spark,2,2
tip,2,2
tipping point consulting,2,2
tips,2,2
tiptap,2,2
tiq,2,2
tisa,2,2
tismo,2,2
tissa,2,2
tissue regeneration,2,2
tistto,2,2
titan analytics,2,2
titan consulting,2,2
titan data,2,2
titania,2,2
titanium robotics,2,2
titan mechanical,2,2
titl,2,2
title,2,2
titus,2,2
tive,2,2
tivo,2,2
tivu,2,2
tix,2,2
tixit,2,2
tjs,2,2
tk analytics,2,2
tkm,2,2
tkm consulting,2,2
tkm industries,2,2
tko,2,2
tks,2,2
tlon,2,2
tm3,2,2
tma,2,2
tmate,2,2
tmi,2,2
tmp,2,2
tmr,2,2
tms,2,2
tmw,2,2
tnc,2,2
tnet,2,2
tng,2,2
tno,2,2
tns,2,2
tnt marketing,2,2
toasty,2,2
tobe,2,2
tobi,2,2
tobs,2,2
toby,2,2
toca,2,2
tocca,2,2
tocco,2,2
tocode,2,2
to design,2,2
todos,2,2
tofu,2,2
togetherdata,2,2
toi,2,2
toka,2,2
toke,2,2
tokenized,2,2
toki,2,2
tokkers,2,2
tokn,2,2
toky,2,2
tokyo artisan intelligence,2,2
tola,2,2
tolk,2,2
tom,2,2
toma,2,2
tomato,2,2
tomo,2,2
ton,2,2
tonics,2,2
tonik,2,2
tools for humanity,2,2
toonie,2,2
toothly,2,2
tooz,2,2
topcrm,2,2
topcv,2,2
top dog,2,2
tope,2,2
top gear,2,2
topgene,2,2
topic,2,2
topick,2,2
top level,2,2
toplist,2,2
topologic,2,2
topological,2,2
topos,2,2
topsoft,2,2
top solution,2,2
topspeed,2,2
tork automation,2,2
tornado,2,2
toro,2,2
tortus,2,2
tosca,2,2
toss,2,2
tossup,2,2
tot,2,2
totalcode,2,2
total connect,2,2
totality,2,2
total network,2,2
total response,2,2
totalsim,2,2
to the rescue,2,2
totum,2,2
totus,2,2
touchcard,2,2
touchlab,2,2
touch solution,2,2
tour,2,2
tourism,2,2
towi,2,2
townfolio,2,2
towny,2,2
toyota connected,2,2
tpc,2,2
tpf,2,2
tpm,2,2
tr,2,2
tra,2,2
trac,2,2
traceability,2,2
trace consulting,2,2
tracelink,2,2
trace media,2,2
trace network,2,2
traces,2,2
tracetronic,2,2
tracify,2,2
track3d,2,2
trackback,2,2
trackd,2,2
tracking,2,2
trackme,2,2
tracknow,2,2
trackonomy,2,2
trackstar,2,2
tracktech,2,2
tracs,2,2
traction it,2,2
tractive,2,2
tracy,2,2
tradeblock,2,2
tradecloud,2,2
tradeflow,2,2
tradelink,2,2
tradely,2,2
tradeshift,2,2
tradesoft,2,2
tradesun,2,2
tradeup,2,2
tradeway,2,2
tradex,2,2
traefik,2,2
traffic,2,2
traffic control,2,2
traffic digital,2,2
trafix,2,2
trail blazer,2,2
trailhead,2,2
trainingdata,2,2
trajectory,2,2
trama,2,2
trampo,2,2
trampoline,2,2
trana,2,2
transact,2,2
transastra,2,2
trans atlantic,2,2
transcendent,2,2
transeo,2,2
transfez,2,2
transforma,2,2
transformative,2,2
transforme,2,2
transfotech,2,2
transimpact,2,2
transitiv,2,2
transit telecom,2,2
translab,2,2
transmission,2,2
transmogrify,2,2
transpacific,2,2
transparent,2,2
transparently,2,2
transportation,2,2
transporter,2,2
transpose,2,2
traq,2,2
trash,2,2
traso,2,2
tratoli,2,2
tratus,2,2
travelai,2,2
travelin,2,2
traxion,2,2
traze,2,2
trc,2,2
trdr,2,2
tread,2,2
treams,2,2
treasure data,2,2
treble,2,2
trebol,2,2
trebuchet,2,2
trec,2,2
tred,2,2
treebox,2,2
treedom,2,2
treefrog,2,2
trekksoft,2,2
trelent,2,2
trellis health,2,2
trellus,2,2
trench,2,2
trenchant,2,2
trendblog,2,2
trenders,2,2
trendit,2,2
trendlog,2,2
trendsoft,2,2
treno,2,2
tresor,2,2
trestle,2,2
trg,2,2
triad services,2,2
trial,2,2
triangulum,2,2
triarc,2,2
tribal,2,2
tribe digital,2,2
tribee,2,2
tribeup,2,2
tribo,2,2
trice,2,2
tricera,2,2
trickle,2,2
tricon,2,2
tridata,2,2
triden,2,2
tridiagonal,2,2
triend,2,2
trif,2,2
trifid,2,2
trigger marketing,2,2
triggr,2,2
trii,2,2
tri-it,2,2
trik,2,2
trilix,2,2
trillium,2,2
trilogy innovations,2,2
trinax,2,2
trine,2,2
tring,2,2
triniti,2,2
trinity consulting,2,2
triology,2,2
trion,2,2
trionfo,2,2
triorb,2,2
trios,2,2
triosoft,2,2
triotek,2,2
tripi,2,2
tripla,2,2
triplecheck,2,2
triple interactive,2,2
triple tree,2,2
tripoint,2,2
triptych,2,2
tripup,2,2
tripwire,2,2
tris,2,2
triskel,2,2
triskele,2,2
trispec,2,2
tristar,2,2
tristit,2,2
trisun,2,2
tritech,2,2
tritone,2,2
triuvare,2,2
trivo,2,2
triway,2,2
trixon,2,2
trixta,2,2
trl,2,2
trm,2,2
troglo,2,2
troika,2,2
tronicszone,2,2
tronik,2,2
troodon,2,2
troop,2,2
troopers,2,2
troposphere,2,2
troublefree,2,2
trout,2,2
trovata,2,2
trs consulting,2,2
trubridge,2,2
trucard,2,2
truce,2,2
trucloud,2,2
true blue,2,2
trueblue,2,2
truechoice,2,2
trueconnect,2,2
true data,2,2
truedata,2,2
true digital,2,2
true engineering,2,2
trueit,2,2
truelogic,2,2
truemetrics,2,2
truepoint,2,2
truetech,2,2
true vision,2,2
truevoice,2,2
truewind,2,2
truffl,2,2
truid,2,2
trume,2,2
trumed,2,2
truminds,2,2
trupath,2,2
trusight,2,2
truspin nanomaterial innovation,2,2
trust app,2,2
trust communication,2,2
trusted network,2,2
trustgrid,2,2
trust it,2,2
trustpoint,2,2
trust system,2,2
trustwise,2,2
trustworthy,2,2
truth,2,2
truthly,2,2
truva,2,2
truvi,2,2
truvision,2,2
try,2,2
tryb,2,2
trybuy,2,2
tsam,2,2
tsb,2,2
tsenso,2,2
tsohost,2,2
tsp,2,2
tsquare,2,2
tsunagu,2,2
tt,2,2
ttech,2,2
ttf,2,2
ttt,2,2
tuc,2,2
tucana,2,2
tuck,2,2
tucson,2,2
tuit,2,2
tukuru,2,2
tul,2,2
tula,2,2
tulu,2,2
tumult,2,2
tuned,2,2
tunity,2,2
turan,2,2
turboweb,2,2
turin,2,2
turing medical,2,2
turner,2,2
turning point,2,2
turnout,2,2
turnpike,2,2
turntable,2,2
tus solution,2,2
tutorial,2,2
tutum,2,2
tuum,2,2
tuvis,2,2
tux,2,2
tver,2,2
tw,2,2
twc,2,2
twee,2,2
twelve consulting,2,2
twende,2,2
twenty20,2,2
twentyfour,2,2
twim,2,2
twing,2,2
twinit,2,2
twinny,2,2
twire,2,2
twirl,2,2
twit,2,2
twofold,2,2
two roads,2,2
twos,2,2
twotech,2,2
twyla,2,2
tx,2,2
tyche,2,2
tygr,2,2
typeless,2,2
typeset,2,2
typo,2,2
typo3,2,2
tyrus,2,2
u2tech,2,2
uapp,2,2
uav,2,2
uav navigation,2,2
ub,2,2
uber,2,2
ubicua,2,2
ubie,2,2
ubika,2,2
ubiquios,2,2
ublo,2,2
ubo,2,2
ubqt,2,2
ucode,2,2
ucomm,2,2
ucware,2,2
ud,2,2
udisc,2,2
udo,2,2
udrive,2,2
ue,2,2
ues,2,2
ufi,2,2
ufo,2,2
ugogo,2,2
uhp,2,2
uit,2,2
uk,2,2
ukit,2,2
ukiyo,2,2
uku,2,2
ulab,2,2
ulam,2,2
ulead,2,2
ulive,2,2
ultimate aviation,2,2
ultimus,2,2
ultiweb,2,2
ultralight,2,2
ultralytics,2,2
ultrasonic,2,2
ultraworks,2,2
umain,2,2
umake,2,2
uman,2,2
umana,2,2
umanity,2,2
umbala,2,2
ume,2,2
umee,2,2
umlaut,2,2
ummah,2,2
umnai,2,2
umobi,2,2
ums,2,2
una,2,2
unagi,2,2
una health,2,2
unai,2,2
unbiased,2,2
unblocked,2,2
uncanny,2,2
uncode,2,2
uncovery,2,2
under,2,2
underground communications,2,2
underline,2,2
understory,2,2
underthedoormat,2,2
undigital,2,2
unee,2,2
unest,2,2
unet,2,2
unhedged,2,2
unibio,2,2
uniblock,2,2
unica,2,2
unicard,2,2
unicloud,2,2
unicornly,2,2
unicourse,2,2
unidoc,2,2
unifai,2,2
unifer,2,2
unifi,2,2
unified business,2,2
unified data,2,2
unified global,2,2
unified network,2,2
unified networks,2,2
unified payments,2,2
unifii,2,2
unilabs,2,2
unilogic,2,2
unimap,2,2
unimax,2,2
union data,2,2
union semiconductor,2,2
unionsoft,2,2
uniontech,2,2
unipath,2,2
unipro,2,2
uniqode,2,2
uniqon,2,2
unique it,2,2
uniseed,2,2
unisol,2,2
unisound,2,2
unitas,2,2
unitea,2,2
unitech,2,2
united alliance,2,2
united consulting,2,2
united it,2,2
united power,2,2
united robots,2,2
united techno,2,2
uniti,2,2
unito,2,2
unitrust,2,2
unitx,2,2
unity network,2,2
uniuni,2,2
univers,2,2
universal engineers,2,2
universal networks,2,2
universal strategy,2,2
universo,2,2
uniweld,2,2
uniwise,2,2
uniworld,2,2
unknot,2,2
unl,2,2
unleashed,2,2
unless,2,2
unlikely,2,2
unlimit,2,2
unmanned,2,2
unmanned aerial,2,2
unmaze,2,2
unmetered,2,2
unmute,2,2
unnati,2,2
unodata,2,2
unosys,2,2
unreal,2,2
unruly studios,2,2
unstoppable,2,2
unsung,2,2
unsupervised,2,2
untangl,2,2
untangle,2,2
untap,2,2
untethered,2,2
untrodden,2,2
untu,2,2
unus,2,2
unveil,2,2
up2date,2,2
up2go,2,2
upbase,2,2
upbrand,2,2
upcode,2,2
upcore,2,2
upcover,2,2
upcraft,2,2
upcycle,2,2
updata,2,2
update,2,2
updraft,2,2
upfit,2,2
uplab,2,2
uplifter,2,2
upm,2,2
upmetrics,2,2
upnext,2,2
upon,2,2
uppercase,2,2
upperdog,2,2
upraise,2,2
uproad,2,2
uprow,2,2
upscaler,2,2
upscore,2,2
upsell,2,2
upshot,2,2
upsilon,2,2
upskill,2,2
upslope,2,2
upsquad,2,2
upstack,2,2
up studio,2,2
upsystems,2,2
uptec,2,2
uptech,2,2
uptrader,2,2
upturn,2,2
upwind,2,2
upwire,2,2
upx,2,2
ur,2,2
urbanchain,2,2
urban design,2,2
urban energy,2,2
urban infotech,2,2
urbanmedia,2,2
urbit,2,2
urbix,2,2
url,2,2
usam,2,2
uscout,2,2
useful,2,2
useme,2,2
usense,2,2
ushur,2,2
usit,2,2
usound,2,2
usp,2,2
us services,2,2
utec,2,2
utility consulting,2,2
utility partners,2,2
utiliz,2,2
utip,2,2
utmost,2,2
utopian,2,2
utrade,2,2
utrust,2,2
uttc,2,2
utter,2,2
uve,2,2
uvera,2,2
ux business,2,2
ux studio,2,2
v2i,2,2
v2infotech,2,2
v2s,2,2
v360,2,2
v4,2,2
vaam,2,2
vaas,2,2
vable,2,2
vact,2,2
vad,2,2
vada,2,2
vadar alpha,2,2
vade,2,2
vae,2,2
vaero,2,2
val,2,2
valari,2,2
valarix,2,2
valcon,2,2
valen,2,2
valepay,2,2
valet,2,2
valgo,2,2
valhalla,2,2
vali,2,2
valid8,2,2
validas,2,2
validation,2,2
validator,2,2
validea,2,2
valio,2,2
vality,2,2
valla,2,2
valley automation,2,2
valleysoft,2,2
vallum,2,2
valo,2,2
valor digital,2,2
valos,2,2
valr,2,2
valsoft,2,2
valt,2,2
valtech,2,2
valu,2,2
valueadd,2,2
value chain,2,2
value engineering,2,2
value innovation,2,2
valuelink,2,2
value map,2,2
value plus,2,2
valuesoft,2,2
valuetech,2,2
valuo,2,2
valve,2,2
valyu,2,2
vambe,2,2
vana,2,2
vance,2,2
vane,2,2
vanguard industries,2,2
vanguard it,2,2
vani,2,2
vanilla,2,2
vantage point consulting,2,2
vantis,2,2
vantix,2,2
vao,2,2
vaporware,2,2
var,2,2
vara,2,2
varaha,2,2
varia,2,2
variance,2,2
variate,2,2
varify,2,2
varitec,2,2
varius,2,2
var online,2,2
varos,2,2
varro,2,2
vas consulting,2,2
vates,2,2
vatic,2,2
vaux,2,2
vav,2,2
vaya,2,2
vayam,2,2
vbit,2,2
vc,2,2
vcan,2,2
vchain,2,2
vcm,2,2
vcom,2,2
vcs,2,2
vdr,2,2
vdt,2,2
ve,2,2
ve3,2,2
veba,2,2
vecta,2,2
vectech,2,2
vectio,2,2
vection,2,2
vectis,2,2
vecto,2,2
vector consulting,2,2
vectr,2,2
vedhas,2,2
veem,2,2
veev,2,2
vega business,2,2
vegas consulting,2,2
veichi,2,2
veli,2,2
velocis,2,2
velocity consulting,2,2
velocity partners,2,2
velon,2,2
veloo,2,2
velos,2,2
veltris,2,2
velv,2,2
vena,2,2
venda,2,2
vende,2,2
vendi,2,2
vendic,2,2
vendra,2,2
vendup,2,2
vendy,2,2
venga,2,2
vengo,2,2
venlabs,2,2
venly,2,2
vensa,2,2
vensoft,2,2
ventana,2,2
ventek,2,2
ventia,2,2
vently,2,2
ventoo,2,2
ventrilo,2,2
ventrix,2,2
ventum,2,2
venturelab,2,2
venture republic,2,2
venture studio,2,2
venturi,2,2
venuex,2,2
venza,2,2
veotec,2,2
ver,2,2
vera health,2,2
veranet,2,2
verbal,2,2
verbate,2,2
verdex,2,2
verdi,2,2
verdigris,2,2
verdikt,2,2
verecom,2,2
vergent,2,2
veriant,2,2
vericert,2,2
verida,2,2
veridian,2,2
veridium,2,2
verifact,2,2
verifai,2,2
verification,2,2
veris,2,2
verisec,2,2
veriti,2,2
veritiq,2,2
veritis,2,2
veritx,2,2
verix,2,2
verna,2,2
veros,2,2
verras,2,2
versatile,2,2
verse design,2,2
version3,2,2
version one,2,2
versity,2,2
versos,2,2
verta,2,2
vertebral,2,2
vertech,2,2
vertex it,2,2
vertical international,2,2
vertical it,2,2
vertical vision,2,2
vertika,2,2
vertus,2,2
very,2,2
ves,2,2
vesica,2,2
vespa,2,2
vesper,2,2
vess,2,2
vessel,2,2
vesseladmin,2,2
vesta homes,2,2
vestigia,2,2
vestr,2,2
vesuvio,2,2
veteran enterprise,2,2
vetta,2,2
vettd,2,2
vev,2,2
veve,2,2
veyron,2,2
vfr,2,2
vft,2,2
vgo,2,2
viability,2,2
viaduct,2,2
vias,2,2
viascan,2,2
viatek,2,2
viax,2,2
vibgyor,2,2
vibha,2,2
vible,2,2
vic,2,2
vicc,2,2
vici,2,2
vicinity,2,2
vicon,2,2
victa,2,2
victoria,2,2
vid,2,2
viddy,2,2
videa,2,2
viden,2,2
vidence,2,2
videobot,2,2
videodubber,2,2
vidit,2,2
vidjet,2,2
vidos,2,2
vidu,2,2
vieo,2,2
vieth consulting,2,2
viettel,2,2
viewbase,2,2
view design,2,2
viewly,2,2
viewmetrics,2,2
viewpoint,2,2
viewpoint interactive,2,2
viewpoints,2,2
views,2,2
vig,2,2
vigie,2,2
vigil,2,2
vigilainte,2,2
vigilent,2,2
vigilus,2,2
vigo,2,2
viio,2,2
viking mechanical,2,2
vilango,2,2
vilja,2,2
villa,2,2
villaex,2,2
vimana,2,2
vimbly,2,2
vincent,2,2
vincere,2,2
vinci,2,2
vincit,2,2
vinco,2,2
vind,2,2
vineforce,2,2
ving,2,2
vinix,2,2
vink,2,2
vinner,2,2
vinny,2,2
vintage,2,2
vintech,2,2
vintus,2,2
viotec,2,2
vipa,2,2
vipcode,2,2
vipr,2,2
virat,2,2
viratech,2,2
vircon,2,2
vire,2,2
virga,2,2
virgil,2,2
viride,2,2
viridi,2,2
virsec,2,2
virta,2,2
virtech,2,2
virti,2,2
virtopia,2,2
virtro,2,2
virtual assistants,2,2
virtual back office,2,2
virtual care,2,2
virtualcare,2,2
virtual connect,2,2
virtual design,2,2
virtual dream,2,2
virtual dynamic,2,2
virtual force,2,2
virtual gurus,2,2
virtuality,2,2
virtuall,2,2
virtually,2,2
virtual office,2,2
virtual projects,2,2
virtual sales,2,2
virtual store,2,2
virtual team,2,2
virtuas,2,2
virtucom,2,2
virtudesk,2,2
virtuenetz,2,2
virtues,2,2
virtunet,2,2
virtuos,2,2
virtuosity,2,2
virtuoso it,2,2
virve,2,2
visam,2,2
viscon,2,2
viser,2,2
visia,2,2
visible digital,2,2
visibly,2,2
visie,2,2
visight,2,2
visiolab,2,2
vision 360,2,2
visionai,2,2
visionbox,2,2
vision business,2,2
vision consulting,2,2
visiondata,2,2
vision engineering,2,2
visionera,2,2
vision infotech,2,2
vision intelligence,2,2
visionit,2,2
vision point,2,2
vision research,2,2
visión tecnológica,2,2
visionthree,2,2
vision travel,2,2
visionular,2,2
visionz,2,2
visiosoft,2,2
visit,2,2
visito,2,2
visiweb,2,2
visoft,2,2
visolutions,2,2
visory,2,2
visotech,2,2
visp,2,2
vispa,2,2
vistaone,2,2
vista partners,2,2
vista point,2,2
visto,2,2
visual information,2,2
visual intelligence,2,2
visuals,2,2
visual works,2,2
visualys,2,2
visum,2,2
visume,2,2
visuo,2,2
vis- -vis,2,2
visyt,2,2
vital consulting,2,2
vitalfew,2,2
vitalize,2,2
vitals,2,2
vitalsigns,2,2
vitaltech,2,2
vitaltrax,2,2
vitasoft,2,2
viteco,2,2
vitess,2,2
vitisoft,2,2
vitra,2,2
vitraya,2,2
vitro,2,2
vitro3d,2,2
vitsoft,2,2
vitt,2,2
viu,2,2
vivacity,2,2
viva design,2,2
vivara,2,2
vivart,2,2
vivas,2,2
vivasoft,2,2
vivat,2,2
vive,2,2
vivid consulting,2,2
vividly,2,2
vivid navigation,2,2
vividworks,2,2
vivify,2,2
vivio,2,2
vivity,2,2
vivsoft,2,2
vivum,2,2
vix,2,2
vixi,2,2
vizcom,2,2
vizda,2,2
vizion,2,2
vizit,2,2
vizo,2,2
vizum,2,2
vizz,2,2
vk,2,2
vk soft,2,2
vl,2,2
vli,2,2
vlightup,2,2
vlink,2,2
vlp therapeutics,2,2
vmc,2,2
vmg,2,2
vmind,2,2
vmo,2,2
vmv,2,2
vndr,2,2
voba,2,2
vobi,2,2
vobis,2,2
vobo,2,2
voca,2,2
voda,2,2
vodium,2,2
voiceable,2,2
voicestar,2,2
voiceware,2,2
voids,2,2
voilà,2,2
voio,2,2
voise,2,2
voispeed,2,2
voix,2,2
voker,2,2
vola,2,2
volan,2,2
volant,2,2
volante,2,2
volatile,2,2
volio,2,2
volkswagen india,2,2
voll,2,2
volo media,2,2
voltar,2,2
volteo maritime,2,2
volter,2,2
voltmobi,2,2
volvox,2,2
vom,2,2
vonder,2,2
voo,2,2
voola,2,2
vooom,2,2
vor,2,2
vortex it,2,2
vortice,2,2
vorticity,2,2
vos,2,2
vostok,2,2
voxcroft,2,2
voxia,2,2
voxo,2,2
vox populi,2,2
vox studios,2,2
voxtur,2,2
voyant,2,2
voys,2,2
voze,2,2
voztelecom,2,2
vozy,2,2
vpay,2,2
vpm,2,2
vps,2,2
vrapeutic,2,2
vrb,2,2
vrc,2,2
vree,2,2
vrg,2,2
vri,2,2
vrinsoft,2,2
vrize,2,2
vroom,2,2
vr rehab,2,2
vrroom,2,2
vr squad,2,2
vrtech,2,2
vs,2,2
vsl,2,2
vsource,2,2
vsquare,2,2
vteamlabs,2,2
vtech,2,2
vtg,2,2
vtips,2,2
vtm,2,2
vto,2,2
vto consulting,2,2
vudoo,2,2
vuid,2,2
vuo,2,2
vus,2,2
vuse,2,2
vybe,2,2
vybrant,2,2
vyce,2,2
vyrtual,2,2
vz,2,2
w2s,2,2
w3 digital,2,2
w3pro,2,2
waas,2,2
waat,2,2
waave,2,2
wado,2,2
waffles,2,2
wage,2,2
waggle,2,2
waite,2,2
waiz,2,2
wakaru,2,2
wake,2,2
wake app,2,2
waku,2,2
wali,2,2
walk,2,2
walkabout,2,2
walker,2,2
walker it,2,2
wallace,2,2
wallis,2,2
wally,2,2
walo,2,2
walt,2,2
wam,2,2
wama,2,2
wana,2,2
wanderboat,2,2
wannago,2,2
wanywhere,2,2
wapp,2,2
warbler,2,2
ward 24,2,2
ward analytics,2,2
warden,2,2
warehouse,2,2
warlock,2,2
warner consulting,2,2
warrant,2,2
warren,2,2
warrior,2,2
wasd,2,2
wass,2,2
waste,2,2
wata,2,2
watchout,2,2
watchpoint,2,2
watchtower,2,2
water,2,2
watercycle,2,2
waterfall,2,2
waterloo,2,2
watermark engineering,2,2
waterproof,2,2
watershed,2,2
wati,2,2
watrix,2,2
watson,2,2
watty,2,2
watu,2,2
wau,2,2
wav,2,2
wavai,2,2
wave18,2,2
wave commerce,2,2
wave consulting,2,2
waveform,2,2
waveform intelligence,2,2
wavefront,2,2
waveit,2,2
wavelet,2,2
wavelogix,2,2
wavepoint,2,2
waver,2,2
wavestream,2,2
waveup,2,2
wavv,2,2
wavve,2,2
waya,2,2
waybeyond,2,2
wayfarer,2,2
wayfinder,2,2
wayfindr,2,2
wayo,2,2
wayside,2,2
wazzup,2,2
wcg,2,2
wcs,2,2
wdb agency,2,2
wdcs,2,2
wdi,2,2
we3,2,2
weava,2,2
weavr,2,2
web4u,2,2
web4you,2,2
webaholics,2,2
webangel,2,2
webapp,2,2
webapps,2,2
webarc,2,2
webart,2,2
webb,2,2
webbiz,2,2
webbox,2,2
webbrains,2,2
webbrand,2,2
webcafe,2,2
webcat,2,2
webcetera,2,2
webcloud,2,2
webcoda,2,2
webcom,2,2
web creations,2,2
web creators,2,2
web cube,2,2
webdesign,2,2
webdna,2,2
webdroid,2,2
webdrone,2,2
webeasy,2,2
webedge,2,2
weber,2,2
webevis,2,2
web expert,2,2
web experts,2,2
webexpo,2,2
webfactory,2,2
webfocus,2,2
web force,2,2
web fusion,2,2
webgear,2,2
webgo,2,2
webhub,2,2
webify,2,2
webility,2,2
webinar,2,2
web industry,2,2
web infotech,2,2
web intelligence,2,2
web interactive,2,2
webio,2,2
web-iq,2,2
weblib,2,2
weblite,2,2
weblocal,2,2
webloom,2,2
web-machine,2,2
webmaker studio,2,2
webman,2,2
web management,2,2
webme,2,2
webmed,2,2
webmedia,2,2
webmob,2,2
webmotion,2,2
webmyne,2,2
webnation,2,2
web net,2,2
webnox,2,2
weboard,2,2
weboost,2,2
webops,2,2
webot,2,2
webpal,2,2
webpoint,2,2
webqit,2,2
web revolution,2,2
webriders,2,2
webroot,2,2
webscale,2,2
webscience,2,2
webservice,2,2
webshot,2,2
websites more,2,2
websmart,2,2
webstar,2,2
web system,2,2
websystems,2,2
webteam,2,2
webtemple,2,2
webtown,2,2
webtron,2,2
webtune,2,2
webuild,2,2
webus,2,2
webview,2,2
webwingz,2,2
web works,2,2
weby,2,2
wec,2,2
wecall,2,2
wecan,2,2
wecap,2,2
wecasa,2,2
wecast,2,2
weconnect health management,2,2
wedev,2,2
wedevelop,2,2
wedo digital,2,2
wedy,2,2
weeds,2,2
weego,2,2
weekend,2,2
weekly,2,2
weeve,2,2
wefi,2,2
wefit,2,2
wefleet,2,2
wegroup,2,2
weier,2,2
weights,2,2
weiss,2,2
weitianxia,2,2
weknow,2,2
we know it,2,2
weku,2,2
welance,2,2
welbot,2,2
welch,2,2
welcomely,2,2
weld,2,2
welding,2,2
welearn,2,2
welike,2,2
welinq,2,2
welldone international,2,2
wellet,2,2
wells,2,2
welltodo,2,2
welook,2,2
welov,2,2
welp,2,2
wely,2,2
we make it,2,2
wend,2,2
wepower,2,2
weq,2,2
werin,2,2
werkit,2,2
werq,2,2
wes,2,2
wesay,2,2
wescan,2,2
weschool,2,2
wescribe,2,2
wesense,2,2
weserve,2,2
weshare,2,2
weskill,2,2
weslink,2,2
wesp,2,2
we sparkle,2,2
west coast,2,2
west coast civil,2,2
west consulting,2,2
westside,2,2
westtech,2,2
westward,2,2
wetech,2,2
wethos,2,2
wetrain,2,2
wetransact,2,2
wetransform,2,2
weve,2,2
wevent,2,2
wevo,2,2
wewave,2,2
wewow,2,2
wexler,2,2
weyes,2,2
wfm,2,2
wg consulting,2,2
wgroup,2,2
wh,2,2
whaly,2,2
wharton,2,2
whatsub,2,2
where,2,2
whim,2,2
whirl,2,2
whirlscape,2,2
whisper,2,2
whispir,2,2
whispr,2,2
white associates,2,2
whiteboard,2,2
whitebridge,2,2
white clay,2,2
white gold,2,2
whitehats,2,2
whitelabel,2,2
white peak,2,2
white pine,2,2
whiterabbit,2,2
white river,2,2
whiterock,2,2
whitestone,2,2
white swan,2,2
whitewall,2,2
white water consulting,2,2
white whale,2,2
whiz global,2,2
whiz it,2,2
whizztek,2,2
whizzy,2,2
whole,2,2
wholesum,2,2
whoo,2,2
whoyou,2,2
whyq,2,2
whyze,2,2
wi,2,2
wian,2,2
wibo,2,2
wice,2,2
wiconnect,2,2
wicresoft,2,2
wideangle,2,2
wider,2,2
widesys,2,2
widget,2,2
wifi4all,2,2
wifi networks,2,2
wigo,2,2
wigwag,2,2
wikitree,2,2
wil,2,2
wilab,2,2
wilder,2,2
wilderness,2,2
wildweb,2,2
willay,2,2
william,2,2
willing,2,2
willport,2,2
winback,2,2
winc,2,2
wincom,2,2
windfall,2,2
windy,2,2
winfocus,2,2
wingit,2,2
wingspan,2,2
wininfo,2,2
winit,2,2
winners,2,2
winning,2,2
winning edge,2,2
winsite,2,2
winslow,2,2
winspire,2,2
wint,2,2
winteam,2,2
wintech,2,2
wintel,2,2
winter,2,2
wintermute,2,2
wintrade,2,2
win win,2,2
winz,2,2
wion,2,2
wiper,2,2
wirebox,2,2
wired company,2,2
wirehead,2,2
wis,2,2
wiseair,2,2
wise consulting,2,2
wisecube,2,2
wise it,2,2
wiselink,2,2
wisepath,2,2
wishbone,2,2
wisp,2,2
wisper,2,2
wispr,2,2
wissen,2,2
wisteria,2,2
wisys,2,2
witchcraft,2,2
witco,2,2
within reach,2,2
without,2,2
witkey,2,2
wiv,2,2
wizcore,2,2
wizdom,2,2
wize,2,2
wizely,2,2
wizest,2,2
wizix,2,2
wizlink,2,2
wizr,2,2
wizz,2,2
wizzi,2,2
wizzit,2,2
wls,2,2
wnd,2,2
woba,2,2
wogo,2,2
woices,2,2
woke,2,2
wolfe,2,2
wolfpak,2,2
wollemi,2,2
wom,2,2
wombat,2,2
womp,2,2
wonderboom,2,2
wondercraft,2,2
wonderkind,2,2
wonderlabs,2,2
wonders,2,2
wondertek,2,2
wonder vision,2,2
wondrous,2,2
woods consulting,2,2
woof,2,2
woord,2,2
woori,2,2
wordflow,2,2
wordify,2,2
wordsmith,2,2
work4you,2,2
worka,2,2
workable,2,2
workai,2,2
workaround,2,2
workbee,2,2
workbright,2,2
workday,2,2
work design,2,2
workee,2,2
workforce,2,2
workforce analytics,2,2
workguru,2,2
workhorse,2,2
workhouse,2,2
workhub,2,2
workify,2,2
working minds,2,2
work it,2,2
worklife,2,2
workmagic,2,2
workon,2,2
workpal,2,2
workplace,2,2
workplace it,2,2
workr,2,2
worksense,2,2
worksmart,2,2
worksuite,2,2
workteam,2,2
worktorch,2,2
workway,2,2
workwell,2,2
workwise,2,2
worky,2,2
workz,2,2
world media,2,2
world net,2,2
worldnet,2,2
world services,2,2
worldsoft,2,2
worldview,2,2
worldwide,2,2
worth,2,2
wosh,2,2
woto,2,2
wow media,2,2
wowzers,2,2
wox,2,2
woxi,2,2
wp creative,2,2
wpdesk,2,2
wrc,2,2
wrd,2,2
wrench,2,2
wriggle,2,2
write,2,2
wrky,2,2
wrtn,2,2
wru,2,2
wsa,2,2
wsc,2,2
wsg,2,2
wsm,2,2
wsn,2,2
wsoft,2,2
wss,2,2
wt,2,2
wtc,2,2
wti,2,2
wtw,2,2
wuri,2,2
wurk,2,2
wynd,2,2
wyser,2,2
wyth,2,2
wyvern,2,2
x3m,2,2
x3 marketing,2,2
x9,2,2
xa,2,2
xact,2,2
xagent,2,2
xai,2,2
xalnix,2,2
xalt,2,2
xando,2,2
xapien,2,2
xapt,2,2
xaxis,2,2
xb,2,2
xbank,2,2
xbrain,2,2
xcaliber,2,2
xcape,2,2
xcare,2,2
xcelerated,2,2
xcelerator,2,2
xcelo,2,2
xceptional,2,2
xchange,2,2
xchanger,2,2
xcloud,2,2
xco,2,2
xcom,2,2
xcure,2,2
xdata,2,2
xdev,2,2
xdevel,2,2
xell,2,2
xello,2,2
xenesis,2,2
xenium,2,2
xenotech,2,2
xentra,2,2
xentric,2,2
xeo,2,2
xequals,2,2
xero,2,2
xeye,2,2
xflow,2,2
xfusion,2,2
xgate,2,2
xiangyu,2,2
xiaobu,2,2
xiaoyezi,2,2
xid,2,2
xillion,2,2
xilo,2,2
xim,2,2
xing,2,2
xinhui,2,2
xinrui,2,2
xios,2,2
xiq,2,2
xit,2,2
xite,2,2
xlog,2,2
xlogic,2,2
xmachina,2,2
xmedia,2,2
xmenu,2,2
xmint,2,2
xmobots,2,2
xmplify,2,2
xnet,2,2
xo,2,2
xolv,2,2
xook,2,2
xops,2,2
xpan,2,2
xpay,2,2
xpedient,2,2
xperthr,2,2
xperts,2,2
xphera,2,2
xplace,2,2
xplor,2,2
xplorer,2,2
xplus,2,2
xport,2,2
xpresso,2,2
xquadra,2,2
xreality,2,2
xresearch,2,2
xrossworld,2,2
xs,2,2
xsale,2,2
xst,2,2
xsync,2,2
xsys,2,2
xterra,2,2
xtheta,2,2
xtract,2,2
xtramile,2,2
xtrategie,2,2
xtream,2,2
xtreme automation,2,2
xtreme it,2,2
xtreme solution,2,2
xtremis,2,2
xturion,2,2
xuntos,2,2
xuver,2,2
xvand,2,2
xverse,2,2
xvolve,2,2
xyber,2,2
xyla,2,2
xylem,2,2
xylotek,2,2
xyon,2,2
xyz interactive,2,2
y2,2,2
ya,2,2
yaay,2,2
yabi,2,2
yabs,2,2
yada,2,2
yalla,2,2
yama,2,2
yamato,2,2
yamo,2,2
yanda,2,2
yank,2,2
yaoya,2,2
yaraa,2,2
yarn,2,2
yat,2,2
yatter,2,2
yaya,2,2
yd,2,2
ydreams,2,2
yel,2,2
yell,2,2
yellowfin,2,2
yellow moose,2,2
yellowtail,2,2
yen,2,2
yesbit,2,2
yess,2,2
yes ventures,2,2
yeti move,2,2
yew,2,2
yhd,2,2
yield,2,2
yihang,2,2
yimei,2,2
yinyu,2,2
yipp,2,2
yippee,2,2
yitong,2,2
yixin,2,2
yizhi,2,2
ylabs,2,2
ym,2,2
ymc,2,2
ynot,2,2
yocto,2,2
yodo,2,2
yogi,2,2
yoho,2,2
yokai,2,2
yoke,2,2
yola,2,2
yolda,2,2
yoli,2,2
yolt,2,2
yoom,2,2
yoomee,2,2
yoono,2,2
yord,2,2
yosh,2,2
yoshidumi,2,2
yoto,2,2
yottabyte,2,2
youapp,2,2
youcode,2,2
youdata,2,2
you got,2,2
youlead,2,2
youliao,2,2
youme,2,2
youneed,2,2
younet,2,2
young,2,2
young minds,2,2
younite,2,2
yourbase,2,2
yourdata,2,2
your easy web,2,2
yourit,2,2
your it department,2,2
yours,2,2
yoursoft,2,2
your way,2,2
your way it,2,2
youschool,2,2
youtopia,2,2
youxin,2,2
yow,2,2
yow internet,2,2
yox,2,2
yoy simulators,2,2
yper,2,2
yschool,2,2
ysl,2,2
yslab,2,2
yuanfeng,2,2
yugabyte,2,2
yuge,2,2
yukka,2,2
yuko,2,2
yukon,2,2
yuman,2,2
yummi,2,2
yuna,2,2
yunji,2,2
yunke,2,2
yuntong,2,2
yup,2,2
yuri,2,2
yuvasoft,2,2
yuwa,2,2
yuza,2,2
ywc,2,2
yxin,2,2
z1,2,2
zab,2,2
zachary,2,2
zack,2,2
zada,2,2
zafiro,2,2
zage,2,2
zaggle,2,2
zaker,2,2
zala,2,2
zami,2,2
zamp,2,2
zample,2,2
zand,2,2
zania,2,2
zanskar,2,2
zant,2,2
zapdramatic,2,2
zapio,2,2
zaps,2,2
zaptech,2,2
zauber,2,2
zave,2,2
zaya,2,2
zaymo,2,2
zaytech,2,2
zazu,2,2
zcom,2,2
zcore,2,2
zealous,2,2
zealthy,2,2
zebra consulting,2,2
zecure,2,2
zed,2,2
zed consulting,2,2
zee,2,2
zeek,2,2
zeemo,2,2
zeepay,2,2
zefiro,2,2
zeg,2,2
zeki,2,2
zeku,2,2
zelite,2,2
zell,2,2
zella,2,2
zello,2,2
zema,2,2
zen app,2,2
zenbit,2,2
zenbox,2,2
zencoder,2,2
zendata,2,2
zendit,2,2
zendo,2,2
zenergy,2,2
zenesys,2,2
zenex,2,2
zengo,2,2
zenith arabia,2,2
zenith aviation,2,2
zenjoy,2,2
zenline,2,2
zeno,2,2
zeno power,2,2
zenpass,2,2
zenso,2,2
zento,2,2
zentro,2,2
zenware,2,2
zeo,2,2
zep,2,2
zephyr cloud,2,2
zept,2,2
zerion,2,2
zero1,2,2
zero carbon,2,2
zerod,2,2
zeroday,2,2
zerodown,2,2
zerogate,2,2
zeron,2,2
zeropoint,2,2
zerosum,2,2
zerouno,2,2
zerv,2,2
zesheng,2,2
zetadisplay,2,2
zetalab,2,2
zetra,2,2
zettascale,2,2
zeus cloud,2,2
zeva,2,2
zeytech,2,2
zg,2,2
zhipu,2,2
zhiyi,2,2
ziada,2,2
zido,2,2
ziel,2,2
zift,2,2
zight,2,2
zigma,2,2
zignal,2,2
zigzag,2,2
ziku,2,2
zilch,2,2
zimi,2,2
zine,2,2
zingg,2,2
zinia,2,2
zino,2,2
zintek,2,2
zione,2,2
zionex,2,2
zipato,2,2
zipbooks,2,2
zipper,2,2
zippy,2,2
ziptility,2,2
zipy,2,2
zircon,2,2
ziro,2,2
zitac,2,2
zity,2,2
ziva,2,2
zivra,2,2
zizai,2,2
zm,2,2
zmt,2,2
zocdoc,2,2
zoek,2,2
zoetis,2,2
zoey,2,2
zoic,2,2
zonar,2,2
zone4,2,2
zone it,2,2
zonova,2,2
zoof,2,2
zoog,2,2
zoom digital,2,2
zoomi,2,2
zorp,2,2
zort,2,2
zota,2,2
zown,2,2
zozo,2,2
zpartner,2,2
zpoken,2,2
zpos,2,2
zuko,2,2
zuma,2,2
zummit,2,2
zumo,2,2
zumzum,2,2
zupply,2,2
zwapp,2,2
zwave,2,2
zwick,2,2
zwipe,2,2
zynk,2,2
01,2,2
zyus,2,2
0x,2,2
100,2,2
101,2,2
101 digital,2,2
10fold,2,2
10km,2,2
10t,2,2
10th dimension,2,2
10x consulting,2,2
10x genomics,2,2
11,2,2
12,2,2
121,2,2
15,2,2
17a,2,2
180,2,2
1app,2,2
1built4u,2,2
1digital,2,2
1m,2,2
1place,2,2
1team,2,2
1tech,2,2
1up,2,2
1view,2,2
20 20 insights,2,2
21,2,2
247grad,2,2
24u,2,2
24x7,2,2
27,2,2
2bits,2,2
2byte,2,2
2d,2,2
2dm,2,2
2easy,2,2
2im,2,2
2mi,2,2
2ndwave,2,2
2pi,2,2
2u,2,2
2witech,2,2
323,2,2
33,2,2
360 engineering,2,2
360track,2,2
365solutions,2,2
366pi,2,2
39,2,2
3a,2,2
3am,2,2
3b construction,2,2
3bit,2,2
3co,2,2
3d creation,2,2
3d estate,2,2
3d factory,2,2
3dim,2,2
3diq,2,2
3d printing,2,2
3d service,2,2
3dware,2,2
3e,2,2
3e consulting,2,2
3f,2,2
3g,2,2
3gvision,2,2
3io,2,2
3k,2,2
3p,2,2
3q,2,2
3rp,2,2
3sc,2,2
3s consulting,2,2
3sigma,2,2
3t,2,2
3tech,2,2
3tech automation,2,2
3v,2,2
3view,2,2
40two,2,2
410,2,2
42dbs,2,2
42digital,2,2
42 interactive,2,2
4apps,2,2
4climate,2,2
4digital,2,2
4d medical,2,2
4d vision,2,2
4iq,2,2
4k,2,2
4leads,2,2
4links,2,2
4m,2,2
4net,2,2
4next,2,2
4ng,2,2
4pay,2,2
4people,2,2
4play,2,2
4service,2,2
4site,2,2
4th quarter,2,2
4voice,2,2
4x,2,2
5am,2,2
5com,2,2
5flow,2,2
5g,2,2
5nines,2,2
5s,2,2
5x,2,2
650,2,2
68,2,2
6d,2,2
6k,2,2
7it,2,2
7tech,2,2
7th level,2,2
82,2,2
8bit,2,2
8bitstudio,2,2
8th element,2,2
911,2,2
913,2,2
99,2,2
99999 informatika,2,2
9am,2,2
9b,2,2
9bits,2,2
9m,2,2
9t,2,2
a10 networks,2,2
a23,2,2
a2b,2,2
a4,2,2
a42,2,2
aa,2,2
aaa,2,2
aadhocc,2,2
aaha,2,2
aams,2,2
aan,2,2
aarav,2,2
aaro,2,2
aaryan,2,2
aasa,2,2
aasaan,2,2
aatral,2,2
aayu by medcords,2,2
ab3,2,2
aba,2,2
abacum,2,2
abacus consultancy services,2,2
abacus data,2,2
abacus information,2,2
abakion,2,2
abakus,2,2
abalon,2,2
abar,2,2
abatement,2,2
abbey,2,2
abbot,2,2
abbrevia,2,2
abcd,2,2
abcdata,2,2
abclon,2,2
abd,2,2
abeja,2,2
abelian,2,2
abex,2,2
abide,2,2
abile,2,2
ab international,2,2
abintra,2,2
abit,2,2
abix,2,2
abj,2,2
ablaze,2,2
abledit,2,2
abloomy,2,2
aboard,2,2
abound,2,2
about it,2,2
about time,2,2
above the fold,2,2
abr,2,2
abraxas,2,2
abre,2,2
abridge,2,2
abroad,2,2
abs india,2,2
ab soft,2,2
absoft,2,2
absolute precision,2,2
abstra,2,2
abtis,2,2
ac3,2,2
acadia,2,2
acadmi,2,2
acadon,2,2
acaf,2,2
acai,2,2
acb,2,2
accede,2,2
accelagen,2,2
accelerated information,2,2
acceleration,2,2
acceleron,2,2
accelpro,2,2
accend,2,2
accenta,2,2
accentuate,2,2
acces,2,2
access control,2,2
access engineering,2,2
accessgate,2,2
accessia,2,2
access mobile,2,2
accessnet,2,2
access point,2,2
access telehealth,2,2
accio,2,2
acciona,2,2
accipio,2,2
accolade,2,2
accomplish,2,2
accountability,2,2
accountable,2,2
accountancy cloud,2,2
accountinghub,2,2
accounts,2,2
accountsportal,2,2
accr,2,2
accretive,2,2
accrue,2,2
accuflow,2,2
accumulate,2,2
accuracy,2,2
accurat,2,2
accurate media,2,2
accurate services,2,2
accurex,2,2
accurx,2,2
ace advisors,2,2
ace business,2,2
ace it,2,2
acel,2,2
acenet,2,2
acentria,2,2
ace research,2,2
acerta,2,2
acesoft,2,2
acet,2,2
acetek,2,2
achieve,2,2
achieveit,2,2
achievers academy,2,2
achievo,2,2
achira,2,2
acin,2,2
acira,2,2
aclarity,2,2
acliv,2,2
ac media,2,2
acommerce,2,2
acoustic,2,2
acquisition,2,2
acquity,2,2
acre,2,2
acritas,2,2
acro,2,2
acronet,2,2
acrovision,2,2
acrylic,2,2
acsg,2,2
act21,2,2
actable,2,2
act digital,2,2
actech,2,2
actinium pharmaceuticals,2,2
actionflow,2,2
action network,2,2
actisoft,2,2
activ8,2,2
activated,2,2
active agent,2,2
active database,2,2
active mind,2,2
active pharma,2,2
activesec,2,2
active storage,2,2
active theory,2,2
activex,2,2
activitypro,2,2
actovis,2,2
actualization,2,2
actuate,2,2
actura,2,2
actv biotechnology,2,2
acty,2,2
acue,2,2
acuitive,2,2
acumino,2,2
acuo,2,2
acx,2,2
adain,2,2
adair,2,2
adamapp,2,2
adamo,2,2
adams consulting,2,2
adappt,2,2
adapted,2,2
adapter,2,2
adaptic,2,2
adaptis,2,2
adaptiva,2,2
adaptive innovations,2,2
adaptive insights,2,2
adaptive it,2,2
adaptive media,2,2
adaptivity,2,2
adaptix,2,2
adapto,2,2
adar,2,2
adara,2,2
adarga,2,2
ada school,2,2
adasoft,2,2
adci,2,2
addiction,2,2
addify,2,2
addison,2,2
addit,2,2
add more,2,2
addo,2,2
addon,2,2
addressable,2,2
addx,2,2
addy,2,2
ade,2,2
adeline,2,2
adelpha,2,2
aden,2,2
adeo,2,2
adept consulting,2,2
adept it,2,2
adero,2,2
adf,2,2
adf engineering,2,2
adfenix,2,2
adfly,2,2
adfy,2,2
adg,2,2
adhara,2,2
adhawk,2,2
adhera,2,2
adhere gear,2,2
adhesive,2,2
adhub,2,2
adia,2,2
adilo,2,2
adin,2,2
adinkra,2,2
adino,2,2
adira,2,2
adisa,2,2
aditive,2,2
aditus,2,2
adix,2,2
adjuvo,2,2
adlabs,2,2
adlib,2,2
adlive,2,2
adly,2,2
admatic,2,2
adme,2,2
admire,2,2
adna,2,2
adni,2,2
adnia,2,2
adn media,2,2
ado additives,2,2
adoc,2,2
adonis,2,2
adoor,2,2
adorn,2,2
adplan,2,2
adplay,2,2
adr engineering,2,2
adrich,2,2
adroit associates,2,2
ad science,2,2
adsi,2,2
adskom,2,2
adsl,2,2
adt,2,2
adtel,2,2
aduna,2,2
adv,2,2
advaita,2,2
advan,2,2
advance business,2,2
advanced analytical,2,2
advanced chromatography,2,2
advanced communication,2,2
advanced composites,2,2
advanced computing,2,2
advanced construction,2,2
advanced consulting,2,2
advanced control,2,2
advanced cyber,2,2
advanced enterprise,2,2
advanced imaging,2,2
advanced information,2,2
advanced infrastructure,2,2
advanced integration,2,2
advanced it services,2,2
advanced manufacturing,2,2
advanced medical billing,2,2
advanced micro,2,2
advanced network consulting,2,2
advanced partners,2,2
advanced powder coating,2,2
advanced research,2,2
advanced technological,2,2
advanced training,2,2
advanceit,2,2
advanceware,2,2
advansys,2,2
advantage computers,2,2
advantage drug testing,2,2
advantage services,2,2
advantek,2,2
advantex,2,2
advantiv,2,2
advantive,2,2
advanto,2,2
advapay,2,2
advatek,2,2
adventec,2,2
adventech,2,2
adventium,2,2
adventos,2,2
advers,2,2
advertis,2,2
advertise me,2,2
advertising advantage,2,2
advetec,2,2
advia,2,2
advik,2,2
advis,2,2
advisio,2,2
advisor,2,2
advmedia,2,2
advocado,2,2
advocat,2,2
advocate,2,2
advocates,2,2
adways,2,2
ae,2,2
aecero,2,2
aeg,2,2
aegis company,2,2
aegis information,2,2
aem,2,2
aeolus engineering,2,2
aeon it,2,2
aequip,2,2
aequor,2,2
aerion,2,2
aero design,2,2
aerogel,2,2
aerohandling,2,2
aero it,2,2
aeronics,2,2
aeropro,2,2
aeroscan,2,2
aerosim,2,2
aerospec,2,2
aero technics,2,2
aesc,2,2
aes dana,2,2
aesir,2,2
aesthetic,2,2
aethero,2,2
aethon aerial,2,2
aethos,2,2
aeto,2,2
aetos,2,2
aeva,2,2
aeye,2,2
afa,2,2
afanti,2,2
afferent,2,2
affiliate,2,2
affinitas,2,2
affinity biosciences,2,2
affirm,2,2
affirmed,2,2
affluent,2,2
affordable,2,2
afkar,2,2
afp digital,2,2
africa,2,2
afsol,2,2
afterdata,2,2
aftershoot,2,2
ag2,2,2
agaetis,2,2
agam,2,2
agap2,2,2
agape,2,2
agasti,2,2
agc,2,2
agct genomics,2,2
agema,2,2
agenda,2,2
agenda consulting,2,2
agente,2,2
agentil,2,2
agents,2,2
agex,2,2
agil,2,2
agilae,2,2
agile automation,2,2
agile boost,2,2
agile consulting,2,2
agiledata,2,2
agile partners,2,2
agile soft,2,2
agileworks,2,2
agilex,2,2
agilicity,2,2
agilitech,2,2
agilitix,2,2
agility marketing,2,2
agilium,2,2
agiliz,2,2
agilos,2,2
agiltech,2,2
agitech,2,2
agl,2,2
agla,2,2
aglaia,2,2
agnitio,2,2
agnos,2,2
agnt,2,2
agon,2,2
agos,2,2
agrichain,2,2
agrid,2,2
agrifood,2,2
agrio,2,2
agri star,2,2
agrivision,2,2
agrix,2,2
agro,2,2
agrohub,2,2
agrosmart,2,2
ags consulting,2,2
agt,2,2
agtech,2,2
agtek,2,2
agtools,2,2
agv,2,2
agw,2,2
ah media,2,2
ahom,2,2
ahura,2,2
aibi,2,2
aibot,2,2
aica,2,2
aicare,2,2
aicenter,2,2
aicoin,2,2
aid,2,2
aidin,2,2
aidoc,2,2
aidos,2,2
aiflow,2,2
aig,2,2
aigent,2,2
aigo,2,2
aigrow,2,2
aihub,2,2
aiknow,2,2
aiko,2,2
aila,2,2
ailiverse,2,2
ailo,2,2
aim consulting,2,2
aimee,2,2
aimex,2,2
aimi,2,2
aiming,2,2
aimm,2,2
aimo,2,2
aimpoint,2,2
aimtech,2,2
ain,2,2
ainnovation,2,2
ainscough industrial services,2,2
ainstein,2,2
aiotcloud,2,2
aip,2,2
aipark,2,2
aiquest,2,2
airavat,2,2
airbase,2,2
airbest,2,2
airboard,2,2
airbook,2,2
airborne,2,2
airbuild,2,2
airbyte,2,2
aircare,2,2
aircart,2,2
airchat,2,2
aircom,2,2
aircraft,2,2
aircraft maintenance,2,2
airdeck,2,2
aire,2,2
airen,2,2
air everywhere,2,2
airfoil,2,2
airgo,2,2
airhub,2,2
airia,2,2
airin,2,2
airix,2,2
airlabs,2,2
airlift,2,2
airloom,2,2
airly,2,2
airnow,2,2
airobot,2,2
air one,2,2
airpaper,2,2
airpay,2,2
airplane,2,2
airpos,2,2
airsoft,2,2
airsquare,2,2
airstage,2,2
airsuite,2,2
airteam,2,2
airtrain,2,2
airware,2,2
airwire,2,2
airwise,2,2
aisaac,2,2
aite,2,2
aitech,2,2
aito,2,2
aitomation,2,2
aiuta,2,2
aiv,2,2
aivar,2,2
aive,2,2
aivy,2,2
aiwell,2,2
aizoon,2,2
aja,2,2
ajar,2,2
ajira,2,2
ajs,2,2
ajust,2,2
aka,2,2
akal,2,2
akari,2,2
akasi,2,2
akema,2,2
akeo,2,2
akeron,2,2
akia,2,2
akila,2,2
akili,2,2
akimbo,2,2
akin,2,2
akina,2,2
akita,2,2
akiva,2,2
aklimate,2,2
akm,2,2
akoova,2,2
akra,2,2
akrivis,2,2
akselos,2,2
akshar,2,2
akshaya,2,2
aktiv,2,2
akto,2,2
akuna,2,2
akuru,2,2
aladdin,2,2
alakazam,2,2
alanis,2,2
alaris,2,2
alaya,2,2
albacore,2,2
alba power,2,2
albatross,2,2
albedo,2,2
albo,2,2
albrecht engineering,2,2
alca,2,2
alcance,2,2
alcatraz,2,2
alchemic,2,2
alchemie,2,2
alchemist,2,2
alchemy global,2,2
alchera,2,2
alcyone,2,2
aldo,2,2
alem,2,2
alembic,2,2
al engineering,2,2
aleno,2,2
alera,2,2
aleri,2,2
alerion,2,2
alerthor,2,2
ales,2,2
alesto,2,2
aleta,2,2
alfabit,2,2
alfa chemical,2,2
alfa engineering,2,2
alfanet,2,2
alfanum,2,2
algebra,2,2
algiz,2,2
algofi,2,2
algolabs,2,2
algoria,2,2
algorit,2,2
algoryx,2,2
algosoft,2,2
algreen,2,2
alguna,2,2
alia,2,2
aliado,2,2
alianza,2,2
alias,2,2
aliatec,2,2
aligne,2,2
aligned business,2,2
alima,2,2
alina,2,2
alinea,2,2
alipes,2,2
alison,2,2
alitec,2,2
alium,2,2
alius,2,2
alkami,2,2
alkemi,2,2
alkemy,2,2
alkira,2,2
all business,2,2
all digital,2,2
allegiance,2,2
allena pharmaceuticals,2,2
allen digital,2,2
alleo,2,2
alles klar,2,2
all hands,2,2
alliance aviation,2,2
alliance engineering,2,2
alliance international,2,2
alliance laboratories,2,2
alliant,2,2
allianz cloud,2,2
allie,2,2
allied consulting,2,2
allied industrial,2,2
allink,2,2
alliot,2,2
allium,2,2
all me,2,2
allot,2,2
allowance,2,2
alloweb,2,2
allpass,2,2
allplayer,2,2
allride,2,2
allset,2,2
allsite,2,2
allsoft,2,2
all star,2,2
allstar,2,2
allta,2,2
alltake,2,2
allure,2,2
alluvia,2,2
alluvial,2,2
alluvium,2,2
all virtual,2,2
ally consulting,2,2
almanac,2,2
almex,2,2
almexoft,2,2
alna business,2,2
alnet,2,2
alo,2,2
alocai,2,2
aloft,2,2
aloi,2,2
alos,2,2
alotech,2,2
alpaca,2,2
alpen,2,2
alphaa,2,2
alphabeta,2,2
alphaboost,2,2
alphabridge,2,2
alpha centauri,2,2
alpha consultants,2,2
alpha consulting,2,2
alphacore,2,2
alpha creative,2,2
alpha digital,2,2
alpha environmental,2,2
alpha financial,2,2
alphafund,2,2
alpha genesis,2,2
alpha intelligence,2,2
alphalink,2,2
alphanet,2,2
alpha network,2,2
alpha networks,2,2
alphanso,2,2
alpha one,2,2
alpha partners,2,2
alphard,2,2
alpha score,2,2
alphashine,2,2
alpha sirius,2,2
alphasoft,2,2
alpha source,2,2
alphaspace,2,2
alphasquad,2,2
alpha therapeutics,2,2
alpha vault,2,2
alphy,2,2
alp ict,2,2
alpis,2,2
alpsoft,2,2
altacom,2,2
alt agency,2,2
altair,2,2
altamont,2,2
altan,2,2
altara,2,2
altec,2,2
alternate,2,2
alternet,2,2
altesa,2,2
alteso,2,2
althea,2,2
althi,2,2
altia,2,2
altido,2,2
altima,2,2
altimus,2,2
altinet,2,2
altitude consulting,2,2
altogen,2,2
altoros,2,2
altra,2,2
altris,2,2
altrix,2,2
altro,2,2
altru,2,2
altwork,2,2
alu,2,2
aluna,2,2
alv,2,2
alvarez,2,2
always on,2,2
aly,2,2
alya,2,2
alyce,2,2
alys,2,2
am2,2,2
ama,2,2
amac,2,2
amalga,2,2
amar,2,2
amaris,2,2
amaro,2,2
amaron,2,2
amaryllo,2,2
amasa,2,2
amax,2,2
amazee,2,2
ambassador,2,2
amberjack,2,2
ambii,2,2
ambix,2,2
ambl,2,2
amboss,2,2
ambr,2,2
amby,2,2
amc aviation,2,2
amcg,2,2
amdt,2,2
amedia,2,2
amen,2,2
am engineering,2,2
ameos,2,2
americana,2,2
american aerospace,2,2
american computer,2,2
american credit,2,2
american engineering,2,2
american logistics,2,2
americas,2,2
amerigo,2,2
ames,2,2
amesto,2,2
amiato,2,2
amici,2,2
amigos,2,2
amini,2,2
aminoanalytica,2,2
amira,2,2
amistad,2,2
amit,2,2
amity,2,2
amix,2,2
amlab,2,2
ammo,2,2
amni,2,2
amodit,2,2
amorphous,2,2
ampcus,2,2
ampersand ampersand,2,2
amphora,2,2
amphy,2,2
ampify,2,2
amplication,2,2
amplifica,2,2
amplifyd,2,2
amplify media,2,2
amplitude,2,2
amply,2,2
amps,2,2
amro,2,2
ams consulting,2,2
ams digital,2,2
amu,2,2
amuse,2,2
amuza,2,2
amuzed,2,2
amw motors,2,2
amy,2,2
an,2,2
anabio,2,2
anacode,2,2
anaconda,2,2
anagha,2,2
analytica consulting,2,2
analytiks,2,2
analytix,2,2
analyze,2,2
anan,2,2
anarchy,2,2
anastasia,2,2
anatech,2,2
anavia,2,2
anax,2,2
anboto,2,2
anchor business,2,2
anchor consultants,2,2
anchor consulting,2,2
anchor health,2,2
anchor point,2,2
ancile,2,2
ancor,2,2
andersen,2,2
andes,2,2
andex,2,2
andgate,2,2
andi,2,2
and more,2,2
andon,2,2
andre,2,2
androidworld,2,2
andromedia,2,2
andy,2,2
anecdote,2,2
anemoi,2,2
anest,2,2
anexia,2,2
ang,2,2
angat,2,2
angyal,2,2
anica,2,2
anigma,2,2
anika,2,2
anitech,2,2
aniwebdesigns,2,2
ankh,2,2
ankyra,2,2
anlan,2,2
annai,2,2
annapurna,2,2
anniecannons,2,2
annotate,2,2
annotation support,2,2
anokha,2,2
anomalous,2,2
anon,2,2
anoud,2,2
anqing,2,2
ansr,2,2
antanet,2,2
antaris,2,2
ant digital,2,2
antek,2,2
antelope,2,2
anteris,2,2
anticipate,2,2
antifragile,2,2
antiloop,2,2
antonym,2,2
ant robotics,2,2
antropy,2,2
antrorse,2,2
anturio,2,2
antworks,2,2
antz,2,2
anuma,2,2
anvaya,2,2
anveo,2,2
anxin,2,2
any,2,2
anycasting,2,2
anykey,2,2
anymind,2,2
anyreach,2,2
anything,2,2
anythink,2,2
anytime,2,2
anytype,2,2
anzu,2,2
ao,2,2
aom,2,2
aori,2,2
aos,2,2
aoshuo,2,2
aot,2,2
apara,2,2
apari,2,2
apeiron,2,2
apeo,2,2
aperia,2,2
aperio,2,2
apero,2,2
aperza,2,2
apex business,2,2
apex it,2,2
apex it services,2,2
apex media,2,2
apex network,2,2
apex services,2,2
apex united,2,2
api,2,2
apiary,2,2
apidel,2,2
apik,2,2
apio,2,2
apitech,2,2
apito,2,2
apiway,2,2
apj,2,2
apli,2,2
aplic,2,2
aplica,2,2
aplomb,2,2
apls,2,2
apls web development,2,2
aplus,2,2
apmosys,2,2
apna,2,2
apog,2,2
apogea,2,2
apogee,2,2
apok,2,2
apollo data,2,2
apollo engineering,2,2
apollo it,2,2
apollomics,2,2
apollon,2,2
apos,2,2
apostle,2,2
apostrophe,2,2
appalachia,2,2
appar,2,2
appbrew,2,2
appcentric,2,2
appcoders,2,2
appcore,2,2
appcraft,2,2
app design,2,2
appello,2,2
apperto,2,2
appetia,2,2
appfactory,2,2
appfinity,2,2
appget,2,2
app haus,2,2
apphub,2,2
appi,2,2
appian,2,2
appic,2,2
appidea,2,2
apping,2,2
app innovation,2,2
appinsight,2,2
app it,2,2
applai,2,2
applause,2,2
appliedai,2,2
applied consulting,2,2
applied genomics,2,2
applied information,2,2
applied integration,2,2
applified,2,2
applify,2,2
applink,2,2
applogics,2,2
applore,2,2
appmagic,2,2
appman,2,2
appmart,2,2
appmotion,2,2
appo,2,2
appoint,2,2
appolo,2,2
appon,2,2
apposite,2,2
apprecio,2,2
apprise,2,2
apprix,2,2
appropo,2,2
approveit,2,2
approxima,2,2
apps4all,2,2
appsec,2,2
appsheet,2,2
appsmart,2,2
appsoft,2,2
appsolutely,2,2
appsolutions,2,2
apps people,2,2
apps plus,2,2
appstek,2,2
appster,2,2
appsure,2,2
apptek,2,2
apptimize,2,2
apptiva,2,2
apptivity,2,2
apptree,2,2
apptunix,2,2
appvalley,2,2
appventure,2,2
appvizer,2,2
app web,2,2
appwise,2,2
appwork,2,2
appworks,2,2
appworx,2,2
appy,2,2
appyourself,2,2
appz,2,2
aprex,2,2
apricode,2,2
apricot,2,2
apriority financial,2,2
aprix,2,2
apro,2,2
apsys,2,2
apta,2,2
aptech,2,2
aptex,2,2
aptive,2,2
aptor,2,2
apty,2,2
apv,2,2
aq engineering,2,2
aquabond,2,2
aquant,2,2
aquaoso,2,2
aquashield,2,2
aquaterra,2,2
aquatrack,2,2
aqua voice,2,2
aquentis,2,2
aquil,2,2
aquilo,2,2
aquobex,2,2
arabella,2,2
arabesque,2,2
arable,2,2
arador,2,2
aragon,2,2
aragorn,2,2
aranea,2,2
arara,2,2
arav,2,2
arbiter,2,2
arbol,2,2
arboreal,2,2
arbor insight,2,2
arbor research,2,2
arbox,2,2
arbunize,2,2
arca information,2,2
arc communications,2,2
arc consulting,2,2
archem,2,2
archers,2,2
arches,2,2
archi,2,2
archii,2,2
archipelago,2,2
architechture,2,2
architect,2,2
architectural engineering consultants,2,2
architecture design,2,2
archon,2,2
arch solution,2,2
archway,2,2
arc media,2,2
arc mobile,2,2
arco,2,2
arcom,2,2
arcon,2,2
arcoro,2,2
arcos,2,2
arcpoint,2,2
arc robotics,2,2
arc services,2,2
arctop,2,2
arcturus,2,2
arcube,2,2
arculus,2,2
arc web,2,2
arcx,2,2
ardent consulting,2,2
ardito,2,2
ardo,2,2
ardour,2,2
arena analytics,2,2
areus,2,2
arfa,2,2
argentum,2,2
argmax,2,2
argo navis,2,2
argos,2,2
arian,2,2
ariel,2,2
ariga,2,2
arigo,2,2
arimo,2,2
arine,2,2
arion,2,2
aris,2,2
arise,2,2
aristech,2,2
ariv,2,2
arival,2,2
arive,2,2
arivo,2,2
arka,2,2
arkanet,2,2
arkangel,2,2
ark consulting,2,2
arkemis,2,2
arkham,2,2
arkit,2,2
arkitec,2,2
arknet,2,2
arkon,2,2
arkona,2,2
arlo,2,2
arm,2,2
arma,2,2
armagedron,2,2
armour,2,2
armr,2,2
arms,2,2
armstrong,2,2
arne,2,2
arni,2,2
arnia,2,2
arnpro,2,2
arobot,2,2
aroha,2,2
aron,2,2
aros,2,2
aroundme,2,2
arox,2,2
arp,2,2
arpa,2,2
arrange,2,2
arris,2,2
arrival,2,2
arro,2,2
arrow ecs,2,2
arrowpoint,2,2
arroyo,2,2
arta,2,2
artal,2,2
art and,2,2
artefact,2,2
artemis vision,2,2
artery,2,2
artesian,2,2
arteva,2,2
artfuse,2,2
articly,2,2
artico,2,2
articon,2,2
artics,2,2
articul8,2,2
artifacts,2,2
artificial intelligence research institute,2,2
artificio,2,2
artionet,2,2
artis consulting,2,2
artory,2,2
artos,2,2
artpro,2,2
artron,2,2
artspace,2,2
artventure,2,2
artware,2,2
artwin,2,2
aruga,2,2
arxis,2,2
arya health,2,2
aryel,2,2
aryon,2,2
aryupay,2,2
asapp,2,2
asat,2,2
asaya,2,2
asbuilt,2,2
ascen,2,2
ascendo,2,2
ascension global,2,2
ascent business,2,2
ascent digital,2,2
ascentech,2,2
ascentek,2,2
ascentiq,2,2
ascii,2,2
asco,2,2
ascom,2,2
ascon,2,2
ascribe,2,2
asdea,2,2
as digital,2,2
asdion,2,2
asema,2,2
asendium,2,2
ases,2,2
asga,2,2
asha24,2,2
ashr,2,2
asia,2,2
asia infotech,2,2
asiana,2,2
asia research institute,2,2
asic,2,2
asimov,2,2
asimov robotics,2,2
asimut,2,2
asio,2,2
askbot,2,2
ask it,2,2
askly,2,2
ask mona,2,2
askr,2,2
asktech,2,2
askvinny,2,2
asn,2,2
asoft,2,2
asone,2,2
asora,2,2
aspa,2,2
asparagus,2,2
aspect,2,2
aspecto,2,2
aspen associates,2,2
asper,2,2
aspera,2,2
aspex,2,2
aspi,2,2
aspira,2,2
aspiration,2,2
aspire consulting,2,2
aspired,2,2
aspiro,2,2
aspl,2,2
aspone,2,2
asqme,2,2
assertion,2,2
assertive business,2,2
assign,2,2
assignment,2,2
assign navi,2,2
assimil8,2,2
assimilate,2,2
assis,2,2
assistant app,2,2
assistech,2,2
assister,2,2
assisterr,2,2
assistive,2,2
associate,2,2
association,2,2
assurance it,2,2
assurant,2,2
assure data,2,2
assured digital,2,2
assure it,2,2
assurity consulting,2,2
astec,2,2
astech,2,2
astemax biotech,2,2
astera,2,2
asterisco,2,2
astha,2,2
astin,2,2
astina,2,2
astir,2,2
astradyne,2,2
astranova,2,2
astrata,2,2
astrea,2,2
astrid,2,2
astron,2,2
astuto,2,2
asu,2,2
asure,2,2
asvin,2,2
asw,2,2
aswa,2,2
asylum entertainment,2,2
asymmetrica,2,2
asys,2,2
ata engineering,2,2
atakama,2,2
atalanta,2,2
atalaya,2,2
atamai,2,2
atayo,2,2
atb,2,2
atec engineering,2,2
atech,2,2
atechy,2,2
atees,2,2
ateliware,2,2
atema,2,2
aten,2,2
atenea,2,2
atero,2,2
atgc,2,2
atgen,2,2
ath,2,2
athelas,2,2
atheln,2,2
athenian,2,2
athina,2,2
athlete,2,2
athlink,2,2
athlon,2,2
athos,2,2
ati,2,2
atipik,2,2
atis,2,2
ative,2,2
atk,2,2
atlantic data,2,2
atlantic institute,2,2
atlantic it,2,2
atlantic studio,2,2
atlas apps,2,2
atlas digital,2,2
atlas dynamics,2,2
atlas inside,2,2
atlas marine,2,2
atlas networks,2,2
atlas one,2,2
atlaspro,2,2
atlatl,2,2
atma,2,2
atmana,2,2
atmata,2,2
atmen,2,2
atmosfera,2,2
atn,2,2
atoma,2,2
atome,2,2
atomic growth,2,2
atomic studio,2,2
atomis,2,2
atomize,2,2
atomo,2,2
atomos,2,2
atom universe,2,2
atomus,2,2
aton,2,2
atoptima,2,2
atorus,2,2
atoz,2,2
atree,2,2
atreides,2,2
ats global,2,2
att,2,2
atta,2,2
attained,2,2
attend,2,2
attender,2,2
attensa,2,2
attentiv,2,2
attentive,2,2
attest,2,2
attify,2,2
attinad,2,2
attitude,2,2
at tokyo,2,2
attribute,2,2
atum,2,2
atutor,2,2
atvise,2,2
atx,2,2
at your service,2,2
au,2,2
aua,2,2
auc,2,2
auction,2,2
auctus,2,2
audacious,2,2
audata,2,2
audatex,2,2
audd,2,2
audere,2,2
audiofocus,2,2
audiogen,2,2
audisoft,2,2
auditech,2,2
auditmap,2,2
auditmate,2,2
auditoria,2,2
audrey,2,2
auger,2,2
augle,2,2
augmedit,2,2
augmental,2,2
augmentastic,2,2
augmentor,2,2
augmentum,2,2
augustine consulting,2,2
aukera,2,2
aument,2,2
aumento,2,2
aumraj,2,2
aunoa,2,2
aupera,2,2
auquan,2,2
aura cloud,2,2
aurea,2,2
aureco,2,2
aureka,2,2
aurelian,2,2
aurelius,2,2
aurify,2,2
auro,2,2
aurora interactive,2,2
aurora solar,2,2
auroratech,2,2
auros,2,2
aurox,2,2
austin,2,2
austin biosciences,2,2
autentic,2,2
autentica,2,2
authentica,2,2
authentico,2,2
authentic web,2,2
autify,2,2
autima,2,2
autoalert,2,2
autobot,2,2
autobrain,2,2
autocore,2,2
autocorp,2,2
autohouse,2,2
automagi,2,2
automai,2,2
automap,2,2
automat,2,2
automated control,2,2
automate it,2,2
automatepro,2,2
automatic,2,2
automatica,2,2
automation controls,2,2
automation of things,2,2
automations,2,2
automation squared,2,2
automatix,2,2
automatize,2,2
automaton,2,2
automators,2,2
autometrics,2,2
autonetics,2,2
autonoma,2,2
autonomic,2,2
autonomy,2,2
autopro,2,2
autopylot,2,2
autovision,2,2
autoweb,2,2
autus digital agency,2,2
aux,2,2
auxilia,2,2
auxilio,2,2
auxilis,2,2
auxilius,2,2
auxo,2,2
avad,2,2
avada,2,2
ava intelligence,2,2
aval,2,2
avalio,2,2
avalo,2,2
avalogix,2,2
avalon services,2,2
avancer,2,2
avanguard,2,2
avansys,2,2
avantguard,2,2
avanti,2,2
avantic,2,2
avantika,2,2
avantis,2,2
avanza,2,2
avara,2,2
avatalk,2,2
avatara,2,2
avc,2,2
avcom,2,2
avec,2,2
avega,2,2
avelia,2,2
avellino,2,2
avelon,2,2
avem,2,2
aveni,2,2
avenna,2,2
avens,2,2
aventec,2,2
av enterprise,2,2
avento,2,2
aventus,2,2
aveo,2,2
aver,2,2
avere,2,2
avert,2,2
avey,2,2
aveyo,2,2
avh,2,2
avi,2,2
avia,2,2
aviacom,2,2
avialdo,2,2
avian,2,2
aviar,2,2
aviate,2,2
aviatech,2,2
aviation repair,2,2
aviato,2,2
aviator,2,2
aviatrix,2,2
avicena,2,2
avicenna,2,2
avidia,2,2
avighna,2,2
avisi,2,2
aviso it,2,2
avium,2,2
avkalan,2,2
avm,2,2
avnir,2,2
avnos,2,2
avoca,2,2
avocado,2,2
avodahmed,2,2
avokado,2,2
avolution,2,2
avp,2,2
avra,2,2
avtech,2,2
awari,2,2
awc,2,2
awear,2,2
awen,2,2
awit,2,2
awm,2,2
awoo,2,2
awork,2,2
aws,2,2
axalon,2,2
axc,2,2
axcess,2,2
axcon,2,2
axellero,2,2
axem,2,2
axenon,2,2
axent biosciences,2,2
axess,2,2
axia,2,2
axians,2,2
axia partners,2,2
axino,2,2
axiology,2,2
axiom consulting,2,2
axiom it,2,2
axiom research,2,2
axios,2,2
axolot,2,2
axross,2,2
axsense,2,2
axtech,2,2
axxun,2,2
ayla,2,2
aym,2,2
ayr,2,2
ays engineering,2,2
ayush,2,2
az,2,2
azara,2,2
azeria,2,2
azimut,2,2
azimuth,2,2
azin,2,2
azine,2,2
azinova,2,2
azion,2,2
azitek,2,2
azri,2,2
aztecs,2,2
aztek,2,2
azteq,2,2
azurengine,2,2
b12,2,2
b12 consulting,2,2
b2bnetwork,2,2
b2b store,2,2
b2r,2,2
b4,2,2
b9,2,2
baaz,2,2
babl,2,2
bace,2,2
back,2,2
backboard,2,2
backbone os,2,2
backbox,2,2
backdrop,2,2
backflip,2,2
backlight,2,2
back office,2,2
backpackr,2,2
backpocket,2,2
backr,2,2
backtick,2,2
backup,2,2
bacula,2,2
bagful,2,2
bahasa,2,2
baker consulting,2,2
bakerfield,2,2
bal,2,2
balaji,2,2
balam,2,2
balandra,2,2
balboa,2,2
ball,2,2
balloon,2,2
balo,2,2
balto,2,2
bamba,2,2
bamboo digital,2,2
bamtech,2,2
banana,2,2
bananas,2,2
banc3,2,2
bancambios,2,2
banking,2,2
bano,2,2
bantu,2,2
banzai,2,2
bao,2,2
baoba,2,2
baobab partners,2,2
bap,2,2
barback,2,2
barca,2,2
barcelona,2,2
bardo,2,2
bark,2,2
barker,2,2
barley,2,2
barme,2,2
barn owl,2,2
baron,2,2
barracuda,2,2
barrel,2,2
barricade,2,2
bary,2,2
basal,2,2
bascom,2,2
base1,2,2
base10,2,2
base58,2,2
base64,2,2
baseconnect,2,2
base consulting,2,2
base it,2,2
baseit,2,2
baselayer,2,2
basemap,2,2
basenet,2,2
base operations,2,2
baseplate,2,2
basha,2,2
basis consulting,2,2
basket,2,2
baton,2,2
baud,2,2
bauer,2,2
baya,2,2
bayo,2,2
bayside,2,2
baystar,2,2
bay street,2,2
bayview,2,2
bazaars,2,2
bbc,2,2
bbit,2,2
bbix,2,2
bbl,2,2
bbo,2,2
bbros,2,2
bbs network,2,2
bc,2,2
bcb,2,2
bc bitcoin,2,2
bcc,2,2
bcd,2,2
bck,2,2
bcm,2,2
bcnc,2,2
bcode,2,2
bcon,2,2
bconnect,2,2
bcv,2,2
bcyber,2,2
bda,2,2
bdata,2,2
bdc,2,2
bdc consulting,2,2
bdh,2,2
bdm,2,2
bdq,2,2
bdsa,2,2
bea,2,2
beachhead,2,2
beachside,2,2
beacon consulting,2,2
beacon healthcare,2,2
beae,2,2
bear,2,2
bearing,2,2
bearit,2,2
bearly,2,2
beat,2,2
beatmatch,2,2
beatpulse,2,2
beatrix,2,2
beauty,2,2
beaver,2,2
bebo,2,2
bebold,2,2
bebook,2,2
beck,2,2
becker,2,2
be creative,2,2
becs,2,2
beda,2,2
bedigital,2,2
beeapp,2,2
beecee,2,2
beech tree,2,2
beecloud,2,2
beedigital,2,2
bee interactive,2,2
bee it,2,2
beek,2,2
bee media,2,2
beeping,2,2
beepnow,2,2
beetle,2,2
beewell,2,2
beewise,2,2
beex,2,2
beez,2,2
beezee,2,2
befree,2,2
bego,2,2
behappy,2,2
behold,2,2
beit,2,2
bekey,2,2
belco,2,2
belive,2,2
bella,2,2
bellboy,2,2
bellwether,2,2
belocal,2,2
belt,2,2
beltech,2,2
bem,2,2
bemo,2,2
bemobile,2,2
bemycar,2,2
bemyguest,2,2
benben,2,2
bench,2,2
benchmark digital,2,2
benefex,2,2
benelux,2,2
benext,2,2
bengal,2,2
benji,2,2
bennu,2,2
benny,2,2
bentec,2,2
be-on,2,2
beone,2,2
beorg,2,2
bequant,2,2
be rebel,2,2
beremote,2,2
berg,2,2
berkman,2,2
berries,2,2
bert,2,2
bespoke engineering,2,2
bespoke it,2,2
bespoken,2,2
besteam,2,2
bestel,2,2
best execution,2,2
bestfitme,2,2
besti,2,2
bestit,2,2
best of,2,2
bestow,2,2
bestpay,2,2
bestplace,2,2
besync,2,2
bet,2,2
beta byte,2,2
beth,2,2
bethink,2,2
bettergy,2,2
betterlabs,2,2
betterment,2,2
betternet,2,2
betterpay,2,2
betterspace,2,2
bettertech,2,2
betteru,2,2
betterweb,2,2
between,2,2
beu,2,2
beu delivery,2,2
bevertec,2,2
bevi,2,2
bevsense,2,2
beweb,2,2
bewell,2,2
bewo,2,2
beyond aero,2,2
beyondata,2,2
beyond computer,2,2
beyond media,2,2
beyond mobile,2,2
beyond robotics,2,2
beyond the box,2,2
bezant,2,2
bft,2,2
bfw,2,2
bg,2,2
bgi,2,2
bgl,2,2
bh,2,2
bharat,2,2
bharti,2,2
bhave,2,2
bhi,2,2
bhk,2,2
bi3,2,2
bia consulting,2,2
bial,2,2
biart,2,2
bias,2,2
biber,2,2
bibox,2,2
bicycle,2,2
bido,2,2
bidvine,2,2
biena,2,2
bi experts,2,2
big bear,2,2
big box,2,2
big brain,2,2
big data,2,2
big data consulting,2,2
bigfish,2,2
bighub,2,2
bigid,2,2
big industries,2,2
big it,2,2
bigradar,2,2
bigspark,2,2
bigspoon,2,2
bigtime,2,2
bigup,2,2
bika,2,2
bike doctor,2,2
biko,2,2
bilink,2,2
bill,2,2
billennium,2,2
billflow,2,2
billion,2,2
billit,2,2
bilmed,2,2
bilog,2,2
bilot,2,2
biltech,2,2
bima,2,2
bim works,2,2
bin,2,2
binah,2,2
binaria,2,2
binarybros,2,2
binary code,2,2
binarycube,2,2
binary mango,2,2
binate digital,2,2
binera,2,2
binge,2,2
binit,2,2
bink,2,2
binnovation,2,2
binocs,2,2
bint,2,2
bintech,2,2
bintel,2,2
bioai,2,2
bioanalysis,2,2
bioanalytics,2,2
bioatlas,2,2
biobank,2,2
biobetter,2,2
biobiz,2,2
biobrew,2,2
biocells,2,2
biochem,2,2
biocode,2,2
bioconnect,2,2
bioconnection,2,2
biocore,2,2
biocube,2,2
biod,2,2
bioform,2,2
biofortis,2,2
biohub,2,2
bioleap,2,2
biologics,2,2
biologix,2,2
bioma,2,2
biomap,2,2
biomarker,2,2
biomass research,2,2
biomex,2,2
bio natural,2,2
bionews,2,2
biopharma,2,2
biophenolics,2,2
biorev,2,2
biosa,2,2
bioscience,2,2
biosens,2,2
bioservices,2,2
bios health,2,2
biosphere,2,2
biostar,2,2
biostock,2,2
biotec,2,2
biotics,2,2
biotools,2,2
biotwin,2,2
bioview,2,2
bioworld,2,2
biox,2,2
bipa,2,2
bi plus,2,2
birdeye,2,2
birdhouse,2,2
bird rock,2,2
birds company,2,2
birdseye,2,2
birdview,2,2
birth,2,2
bis consulting,2,2
bison,2,2
bisontec,2,2
bi strategy,2,2
bisu,2,2
bitacora,2,2
bitapp,2,2
bitbase,2,2
bitblaze,2,2
bitbull,2,2
bitbybit,2,2
bitcode,2,2
bitcoin,2,2
bitconnect,2,2
bitcore,2,2
bitcrew,2,2
bitcube,2,2
bitec,2,2
bitech,2,2
bitesight,2,2
bitgrip,2,2
bithuman,2,2
bitline,2,2
bit link,2,2
bitlogic,2,2
bitmanagement,2,2
bitmap,2,2
bit media,2,2
bitmeister,2,2
bitmetric,2,2
bitmetrics,2,2
bitninja,2,2
bitnord,2,2
bitnova,2,2
bito,2,2
bitpanda,2,2
bit plus,2,2
bitsave,2,2
bitsol,2,2
bitspot,2,2
bits to atoms,2,2
bitswift,2,2
bittrust,2,2
bitua,2,2
bitwage,2,2
bitworks,2,2
biyond,2,2
biyou,2,2
bizapp,2,2
bizarre,2,2
bizcare,2,2
bizconnect,2,2
bizfocus,2,2
bizframe,2,2
bizify,2,2
bizkey,2,2
bizly,2,2
bizmate,2,2
bizplan,2,2
bizplay,2,2
bizq,2,2
bizsol,2,2
bizstats,2,2
bizsys,2,2
biztech consulting,2,2
bizwise,2,2
bizwize,2,2
bjit,2,2
black bear,2,2
black box,2,2
blackburn,2,2
blackcrystal,2,2
black diamond,2,2
blackdice,2,2
blackdoor security,2,2
blackdot,2,2
black eagle,2,2
blackfish,2,2
blackhawk,2,2
black ink,2,2
blackiron,2,2
blackjet,2,2
black kite,2,2
blackleaf,2,2
blackline,2,2
black lion,2,2
black media,2,2
black mesa,2,2
black opal,2,2
blackout,2,2
black owl,2,2
black pearl,2,2
blackshark,2,2
black studio,2,2
black swan,2,2
blackthorn,2,2
blackwater,2,2
blackwell,2,2
blade,2,2
blaize,2,2
bland,2,2
blanket,2,2
blank page,2,2
blank slate,2,2
blare,2,2
blaster,2,2
blastoff,2,2
bld,2,2
bleed,2,2
blees,2,2
blend media,2,2
blent,2,2
bleu,2,2
blinc,2,2
blind,2,2
blindata,2,2
blindspot,2,2
blinkai,2,2
blinker,2,2
blinklink,2,2
blip,2,2
bliq,2,2
blisstech,2,2
blitzen,2,2
blixt,2,2
blizz,2,2
blkbox,2,2
block42,2,2
blockaid,2,2
blockchain association,2,2
blockchain company,2,2
blockchain factory,2,2
blockchain innovation,2,2
blockchain italia,2,2
blockchain news,2,2
blockchain ventures,2,2
blockee,2,2
blockhive,2,2
blockproof,2,2
blocksense,2,2
blocksmith,2,2
blockstars,2,2
blockx,2,2
blockzero,2,2
bloodhound,2,2
bloomerang,2,2
bloom intelligence,2,2
bloqs,2,2
blowfish,2,2
bluberry,2,2
blubridge,2,2
blue bean,2,2
blue bear,2,2
bluebear,2,2
blue bird,2,2
bluebird it,2,2
bluebiz,2,2
blue boat,2,2
bluebox,2,2
bluebridge,2,2
blue capsule,2,2
bluecard,2,2
bluechip,2,2
blue cloud,2,2
bluecode,2,2
blue compass,2,2
blue consulting,2,2
blue crystal,2,2
blue earth,2,2
blue energy,2,2
blue engineering,2,2
blue eye,2,2
blue flag,2,2
bluefox,2,2
bluefrog,2,2
bluegate consulting,2,2
blue giraffe,2,2
blue gold,2,2
bluehill payments,2,2
bluehive,2,2
blue ink,2,2
blue intelligence,2,2
blueit,2,2
bluejay,2,2
bluelab,2,2
blue level,2,2
blue life,2,2
blue line,2,2
blueline,2,2
bluelink,2,2
bluemetric,2,2
blue mobility,2,2
blue moon,2,2
bluemoon,2,2
blue nano,2,2
blue nile,2,2
blue node,2,2
blue note,2,2
bluent,2,2
blue oak,2,2
blueone,2,2
blue onion,2,2
bluepartner,2,2
bluepay,2,2
bluepi,2,2
bluepond,2,2
bluepower,2,2
blueprint consulting,2,2
bluequartz,2,2
blueridge,2,2
blue robot,2,2
blue rock,2,2
bluerock,2,2
bluesafe,2,2
bluescale,2,2
blue sigma,2,2
blue sky robotics,2,2
bluesmart,2,2
blue solution,2,2
blue space,2,2
bluesquare,2,2
blue star,2,2
bluestreak,2,2
blue stream,2,2
blue street,2,2
bluesun,2,2
blue surf,2,2
blue trail,2,2
bluetree,2,2
blue umbrella,2,2
blueup,2,2
blue vision,2,2
blue water,2,2
bluewater control,2,2
blue wave,2,2
blueweb,2,2
blue whale,2,2
bluewire,2,2
bluey,2,2
blur,2,2
blurgs,2,2
blusapphire,2,2
bluu,2,2
bluwhale,2,2
blynk,2,2
bmc,2,2
bmf,2,2
bmi,2,2
bmit,2,2
bmk,2,2
bmll,2,2
bmt,2,2
bmtech,2,2
bmti,2,2
bnet,2,2
bnf,2,2
bnt,2,2
boardroom,2,2
boards,2,2
boardx,2,2
boast,2,2
boaz,2,2
bobidi,2,2
boco,2,2
bode,2,2
bodega,2,2
boh,2,2
bokeh,2,2
boks,2,2
boku,2,2
bold commerce,2,2
bolden,2,2
boldheart,2,2
bolide,2,2
bollwerk,2,2
bolt consulting,2,2
boltzmann,2,2
bome,2,2
bonafi,2,2
bonanza,2,2
bonapp,2,2
bonder,2,2
bondi,2,2
bondit,2,2
bondy,2,2
bonefish,2,2
bonfire studios,2,2
bongo,2,2
boni,2,2
bonobo,2,2
bonomi,2,2
bonus,2,2
booka,2,2
bookable,2,2
booke,2,2
bookend,2,2
bookkeep,2,2
bookly,2,2
bookmark,2,2
booky,2,2
bool,2,2
boole,2,2
boolean it,2,2
boomcloud,2,2
boomerang,2,2
boomer commerce,2,2
boone,2,2
booost,2,2
boop,2,2
booster digital,2,2
boostify,2,2
boost it,2,2
boostup,2,2
booth,2,2
bootstrap,2,2
boraq,2,2
boray data,2,2
borderpass,2,2
borg,2,2
bosonic,2,2
boss controls,2,2
boston,2,2
boston networks,2,2
boston services,2,2
botanical,2,2
botany,2,2
botika,2,2
botler,2,2
botmaker,2,2
boton,2,2
bot shreyasi,2,2
bottle,2,2
bottleneck,2,2
bottomline,2,2
botworks,2,2
bouncer,2,2
bounti,2,2
bouquet,2,2
bourn,2,2
bout,2,2
boutiq,2,2
bow,2,2
bowerbird,2,2
bowery,2,2
bowman,2,2
boxed,2,2
boxpay,2,2
boxs,2,2
boxter,2,2
boxtree,2,2
boxxtech,2,2
boxygen,2,2
bp,2,2
bpm bi,2,2
bpm consulting,2,2
bpx,2,2
brace,2,2
brace digital,2,2
brady,2,2
bragi,2,2
brahma,2,2
brainbase,2,2
brainberry,2,2
brainbit,2,2
brain capital,2,2
brainchain,2,2
brainchild,2,2
brainchip,2,2
braincube,2,2
braindance,2,2
brainer,2,2
braingrid,2,2
brainhub,2,2
brainiacs,2,2
brainify,2,2
brainlogic,2,2
brain network,2,2
brain power,2,2
brainscape,2,2
brainstorm digital,2,2
braintap,2,2
braintec,2,2
braintesting,2,2
brain trust,2,2
braintrust,2,2
brainverse,2,2
brain vision,2,2
brainwave,2,2
brainwise,2,2
brainwork,2,2
brainworks,2,2
brandbridge,2,2
brandcloud,2,2
brand com,2,2
brandguard,2,2
brand health,2,2
branditt,2,2
brand label,2,2
brandlink,2,2
brandloyal,2,2
brandmates,2,2
brandmonkey,2,2
brandpal,2,2
brands,2,2
brane,2,2
brash,2,2
bratech,2,2
bravely,2,2
braver,2,2
bravo company,2,2
bravonet,2,2
bravo zulu,2,2
brayn,2,2
brazen,2,2
breach,2,2
breadcrumbs,2,2
break,2,2
breaker,2,2
breakout,2,2
breakout experiences,2,2
breakthru,2,2
bree,2,2
breez,2,2
breeze marketing,2,2
breeze media,2,2
breezetech,2,2
breezeway,2,2
brew,2,2
bric,2,2
brickit,2,2
bricoleur,2,2
bridge21,2,2
bridge consulting,2,2
bridgeflow,2,2
bridge global,2,2
bridge international,2,2
bridgenet,2,2
bridgepoint,2,2
bridges,2,2
bridge services,2,2
bridgesoft,2,2
bridgespace,2,2
bridgetek,2,2
bridgit,2,2
briefer,2,2
brieff,2,2
brien,2,2
brigadoon,2,2
brightblue,2,2
brighten,2,2
bright engineering,2,2
brightest,2,2
brightfield,2,2
brightfire,2,2
brightflow,2,2
brightfox,2,2
bright it,2,2
bright learning,2,2
brightlink,2,2
brightmind,2,2
bright moments,2,2
brightsign,2,2
brightspot,2,2
bright star,2,2
brightvine,2,2
brightway,2,2
brightways,2,2
brightworks,2,2
briisk,2,2
brik,2,2
briks,2,2
brim,2,2
brique,2,2
britannia,2,2
brivia,2,2
brizo,2,2
brizy,2,2
broadgate,2,2
broadnet,2,2
broadrange,2,2
broadtec,2,2
broadway,2,2
broca,2,2
brocali,2,2
brod,2,2
brokenglass designs,2,2
brolly,2,2
bro media,2,2
brookman,2,2
bros,2,2
broughton,2,2
brownie points,2,2
browser,2,2
brp,2,2
bruce,2,2
bruin,2,2
bruteforce,2,2
bryt,2,2
bryter,2,2
bsc,2,2
bsense,2,2
bsl,2,2
bsoft,2,2
bstow,2,2
bsure,2,2
bthere,2,2
btp,2,2
btree,2,2
bubbl,2,2
bubblefish,2,2
budge,2,2
budgets,2,2
budy,2,2
buff,2,2
buffl,2,2
bugle,2,2
buildee,2,2
buildie,2,2
buildigo,2,2
building block,2,2
buildink,2,2
build one,2,2
buildup,2,2
bukit,2,2
bull bear,2,2
bulletin,2,2
bulltech,2,2
bulson,2,2
bulwark,2,2
bumblebee,2,2
bunches,2,2
bundlar,2,2
bundlr,2,2
bungee,2,2
bunkai,2,2
bunt,2,2
buo,2,2
buoyant,2,2
bureau,2,2
burgundy,2,2
burk consulting,2,2
burner,2,2
burro,2,2
burt,2,2
burt intelligence,2,2
busch,2,2
business alliance,2,2
business analytics,2,2
business architect,2,2
business associates,2,2
business automation,2,2
business cloud,2,2
business communication,2,2
business elements,2,2
business finance,2,2
business fitness,2,2
business insight,2,2
business one,2,2
business partner,2,2
business solution,2,2
business strategy,2,2
busybox,2,2
butter,2,2
butternut,2,2
buya,2,2
buyco,2,2
buy the way,2,2
buzz consulting,2,2
buzz interactive,2,2
buzzr,2,2
buzzup,2,2
bvi,2,2
bwi,2,2
bwired,2,2
by connect,2,2
by design,2,2
byme,2,2
bypeople,2,2
bytebase,2,2
bytebridge,2,2
bytedge,2,2
bytek,2,2
bytelab,2,2
bytepark,2,2
bytesize,2,2
bytetree,2,2
byteworks,2,2
bytex,2,2
bytize,2,2
bytt,2,2
byzance,2,2
c2h,2,2
c2it,2,2
c2m,2,2
c2o,2,2
c3d,2,2
c3m,2,2
c3s,2,2
c4u,2,2
c8,2,2
c9 digital,2,2
cabana,2,2
cabinet,2,2
caboodle,2,2
cac,2,2
cachet,2,2
caddie,2,2
caddy,2,2
cade,2,2
cadentic,2,2
cadmos,2,2
cadre,2,2
cadxpert,2,2
caelum,2,2
caelus,2,2
cafca,2,2
cahill,2,2
caire,2,2
caisson,2,2
caja,2,2
caju,2,2
calcom,2,2
caldera,2,2
caleido,2,2
caleidos,2,2
calenda,2,2
calendar,2,2
caleo,2,2
calibr,2,2
calibrate,2,2
calibre,2,2
calibrex,2,2
calidad,2,2
calif,2,2
calima,2,2
calinda,2,2
calk,2,2
callens,2,2
callgate,2,2
calliope,2,2
calliper,2,2
callis,2,2
calm computing,2,2
calvium,2,2
calx,2,2
calyptus,2,2
cambio consulting,2,2
cambioml,2,2
cambridge,2,2
cambridge engineering,2,2
camel engineering,2,2
cameo,2,2
campai,2,2
campify,2,2
camptek,2,2
camtrack,2,2
camvision,2,2
canadian health,2,2
canary health,2,2
can automotion,2,2
cancan,2,2
cancri,2,2
candela,2,2
candidate,2,2
candide,2,2
candidly,2,2
can do,2,2
candoo,2,2
candr,2,2
candu,2,2
canei,2,2
cann,2,2
cannon aviation,2,2
canopi,2,2
cansoft,2,2
cantaloupe,2,2
cantek,2,2
cantina,2,2
cantoo,2,2
canvas digital,2,2
canvis,2,2
canwin,2,2
canyon,2,2
cap10,2,2
cap3,2,2
capa,2,2
capcon,2,2
capecom,2,2
capex,2,2
capi,2,2
capillary,2,2
capital alliance,2,2
capital brand,2,2
capital info,2,2
capital media,2,2
capital strategies,2,2
capitas,2,2
caprica,2,2
capsicum,2,2
capstone consulting,2,2
capstone it,2,2
capsula,2,2
capsule media,2,2
capteur,2,2
capti,2,2
captic,2,2
caption,2,2
captiva,2,2
captivation,2,2
captura,2,2
cap web,2,2
carat,2,2
carbn,2,2
carbon america,2,2
carbon analytics,2,2
carbonchain,2,2
carbon counts,2,2
carbonno,2,2
carbon web,2,2
carbonzero,2,2
carbrain,2,2
cardboard,2,2
cardigan,2,2
cardinality,2,2
cardrop,2,2
care analytics,2,2
carebot,2,2
carechain,2,2
carechoice,2,2
carecode,2,2
careconnect,2,2
carecube,2,2
careergenie,2,2
care for,2,2
care medical,2,2
care mentor,2,2
carepoint,2,2
careright,2,2
carespace,2,2
caretaker,2,2
caretek,2,2
caretel,2,2
caretta,2,2
careview,2,2
cargolink,2,2
cargomate,2,2
cargonet,2,2
cargox,2,2
cariad,2,2
carillon,2,2
carina,2,2
cario,2,2
carisma,2,2
caritas,2,2
carlife,2,2
carmichael consulting,2,2
carmmunity,2,2
carna,2,2
carnac,2,2
carnevale,2,2
carnot,2,2
carry,2,2
carserv,2,2
carson,2,2
carsync,2,2
cartage,2,2
cartel,2,2
cartful,2,2
cartology,2,2
cartpanda,2,2
cartrack,2,2
caruso,2,2
carv,2,2
carve,2,2
carvi,2,2
carving,2,2
caseflow,2,2
casenine,2,2
cashbackapp,2,2
cashbag,2,2
cashboard,2,2
cashbook,2,2
cashbox,2,2
cashcow,2,2
cashdrop,2,2
cashforce,2,2
cashoff,2,2
cask,2,2
casky,2,2
cassandra,2,2
casta,2,2
castalia,2,2
castello,2,2
caster,2,2
casting,2,2
castlerock,2,2
castr,2,2
catalant,2,2
catalisa,2,2
catalist,2,2
catalog,2,2
catalyser,2,2
catalyst marketing,2,2
catalyst partners,2,2
catalysts,2,2
catalyx,2,2
catamount,2,2
catch media,2,2
cate,2,2
catena,2,2
cateno,2,2
cat eye,2,2
cathie,2,2
causal,2,2
cautio,2,2
cavallo,2,2
caveo,2,2
caveon,2,2
caviar,2,2
cayuse,2,2
cbase,2,2
cbc,2,2
cbg,2,2
cbi,2,2
cbio,2,2
cbis,2,2
cbit,2,2
cbl,2,2
cbo,2,2
cbt,2,2
cca,2,2
cce,2,2
ccl,2,2
cco,2,2
cda,2,2
cdata,2,2
cdf,2,2
cdi,2,2
cdn,2,2
cdots,2,2
cdp,2,2
cdq,2,2
cds sistemas,2,2
ced,2,2
cee,2,2
ceek,2,2
ceem,2,2
ceemo,2,2
ceenex,2,2
cel,2,2
celebal,2,2
celer,2,2
celera,2,2
celeris,2,2
celeritas,2,2
celest,2,2
celestech,2,2
cellar door,2,2
cellbank,2,2
cellbox,2,2
cellco,2,2
cellecta,2,2
cellex,2,2
cellfish,2,2
cellid,2,2
cellivate,2,2
cellix,2,2
cell matters,2,2
cellomics,2,2
cellx,2,2
celo,2,2
celsus,2,2
celula,2,2
cengen,2,2
cenia,2,2
cenote,2,2
cens,2,2
censornet,2,2
census,2,2
centaurus,2,2
centerboard,2,2
center for clinical research,2,2
centerline,2,2
centernet,2,2
centerpiece,2,2
centersoft,2,2
centex,2,2
centic,2,2
centrality,2,2
centralize,2,2
central system,2,2
centrex,2,2
centrical,2,2
centrics,2,2
centrifugal,2,2
centrifuge media,2,2
centro,2,2
centurion,2,2
ceo,2,2
cephas,2,2
cept,2,2
cerca,2,2
cerebel,2,2
cerebra,2,2
cerium,2,2
cerno,2,2
cero,2,2
cerra,2,2
cers,2,2
certero,2,2
certex,2,2
certia,2,2
certifi,2,2
certified,2,2
certsys,2,2
cervello,2,2
cervis,2,2
cetera,2,2
ceteris,2,2
cetic,2,2
ceva,2,2
cezar,2,2
cfc,2,2
cfi,2,2
cfms,2,2
cfo,2,2
cfx,2,2
cga,2,2
cgit,2,2
cgk,2,2
cgs it,2,2
cgx,2,2
chaching,2,2
chainapp,2,2
chainbase,2,2
chalo,2,2
chameleon consulting,2,2
champ it,2,2
chance,2,2
chandra,2,2
changetech,2,2
change vision,2,2
chango,2,2
changyang,2,2
channel digital,2,2
channels,2,2
chaos theory,2,2
chaperone,2,2
chapter,2,2
char,2,2
chara,2,2
charge anywhere,2,2
chargespot,2,2
charioteer,2,2
charis,2,2
charisma,2,2
charitable,2,2
charles,2,2
charlie,2,2
charlie oscar,2,2
charlotte,2,2
charmed,2,2
charta,2,2
charter services,2,2
charterx,2,2
chase analytics,2,2
chase consulting,2,2
chatgpt online,2,2
chatler,2,2
chattermill,2,2
chatty,2,2
chatwith,2,2
chaty,2,2
checkapp,2,2
checkin,2,2
checkme,2,2
checksum,2,2
checkware,2,2
cheesecake,2,2
chef,2,2
cheme,2,2
chemical services,2,2
chemistry,2,2
chemitek,2,2
chemix,2,2
chemsource,2,2
chemtech,2,2
cheqs,2,2
cherri,2,2
chiller,2,2
chimera,2,2
chimp,2,2
china,2,2
chinascope,2,2
chippit,2,2
chips,2,2
chirag,2,2
chisel,2,2
choosy,2,2
chora,2,2
chris,2,2
chroma,2,2
chromatic,2,2
chromis,2,2
chrysalis,2,2
chuck,2,2
chuva,2,2
cic,2,2
cicla 3d,2,2
ciclo,2,2
cider consulting,2,2
cied,2,2
ciel,2,2
cielum,2,2
cien,2,2
cig,2,2
cigen,2,2
ciit,2,2
cima,2,2
cimp,2,2
cims,2,2
cin,2,2
cinco,2,2
cind,2,2
cinema,2,2
cinemacraft,2,2
cintel,2,2
cipe,2,2
circadia,2,2
circadian,2,2
circl,2,2
circle cloud,2,2
circle it,2,2
ciro,2,2
cirq,2,2
cirra,2,2
cirrus,2,2
cirrus it,2,2
cirrus services,2,2
cirv,2,2
cis consulting,2,2
ciso,2,2
ci-tec,2,2
citech,2,2
citera,2,2
citex,2,2
citg,2,2
citi,2,2
citify,2,2
citipost,2,2
citizen health,2,2
citnow,2,2
cito medical,2,2
citra,2,2
citron,2,2
citrus consulting,2,2
citycom,2,2
citydrive,2,2
cityscape,2,2
cityway,2,2
cityzen,2,2
civil associates,2,2
civilcode,2,2
civil design,2,2
civil engineering,2,2
civo,2,2
civtech,2,2
cix,2,2
ciya,2,2
cizzle biotech,2,2
cjc,2,2
cjd,2,2
ck,2,2
ckc,2,2
cl,2,2
clade,2,2
claim,2,2
claimable,2,2
clair,2,2
claire,2,2
clak,2,2
clapps,2,2
clarendon,2,2
clarice,2,2
clarinet,2,2
clarion,2,2
claritas,2,2
claritee,2,2
clariti,2,2
clarity creative,2,2
claro,2,2
claros,2,2
classi,2,2
classic,2,2
classmate,2,2
classroom,2,2
clavis,2,2
clavo,2,2
cld,2,2
clean,2,2
cleanslate,2,2
clearbridge,2,2
clearcom,2,2
clearconnect,2,2
cleardox,2,2
cleared,2,2
cleared4,2,2
clear environmental,2,2
clearing,2,2
clear intelligence,2,2
clearis,2,2
clear it,2,2
clearmark,2,2
clearmedia,2,2
clearpoint,2,2
clearquote,2,2
clear sky,2,2
clearsky,2,2
clearstream,2,2
cleartrace,2,2
clear view,2,2
clearwater,2,2
cleary,2,2
cledge,2,2
cleerly,2,2
clef,2,2
clematis,2,2
clerisy,2,2
clerky,2,2
cleverdata,2,2
cleverence,2,2
cleverit,2,2
clever marketing,2,2
clevero,2,2
clever offsets,2,2
cleverpet,2,2
clevertouch,2,2
clevy,2,2
clevyr,2,2
clew,2,2
clic,2,2
click digital,2,2
clickhelp,2,2
clickhouse,2,2
clickon,2,2
clickplus,2,2
clicks,2,2
clicks and mortar,2,2
clickworks,2,2
clics,2,2
clientell,2,2
cliento,2,2
clifty,2,2
climate vault,2,2
climb,2,2
clinia,2,2
clinica,2,2
clinical,2,2
clinical practice,2,2
clino,2,2
clion,2,2
clipboard,2,2
clipper,2,2
clipr,2,2
clique edge,2,2
clique studios,2,2
clm,2,2
clockedin,2,2
clockit,2,2
clockout,2,2
clodo,2,2
cloe,2,2
clonar,2,2
close,2,2
closr,2,2
clotech,2,2
cloud10,2,2
cloud4u,2,2
cloud8,2,2
cloud ace,2,2
cloudadmin,2,2
cloudatlas,2,2
cloudbear,2,2
cloudbit,2,2
cloudbrain,2,2
cloudbric,2,2
cloud bridge,2,2
cloudburst,2,2
cloudcast,2,2
cloud central,2,2
cloud cfo,2,2
cloud city,2,2
cloud clinic,2,2
cloudco,2,2
cloud code,2,2
cloud compliance,2,2
cloud computing,2,2
cloud construct,2,2
cloud consulting services,2,2
cloudcontrol,2,2
cloud core,2,2
cloudcover,2,2
cloud creative,2,2
cloud distribution,2,2
cloudedge,2,2
clouder,2,2
cloudev,2,2
cloudexis,2,2
cloudfish,2,2
cloudforce,2,2
cloudguide,2,2
cloud gurus,2,2
cloudhost,2,2
cloudhq,2,2
cloudica,2,2
cloudimpact,2,2
cloudin,2,2
cloud industry,2,2
cloudinfo,2,2
cloudinit,2,2
cloud insights,2,2
cloud iq,2,2
cloudit,2,2
cloudius,2,2
cloudland,2,2
cloudline,2,2
cloudlink,2,2
cloud maker,2,2
cloudmatic,2,2
cloudmed,2,2
cloudmenu,2,2
cloud network,2,2
cloud networks,2,2
cloud nexus,2,2
cloudnexus,2,2
cloudnova,2,2
cloud optics,2,2
cloud people,2,2
cloudport,2,2
cloudpos,2,2
cloud primero,2,2
cloudroute,2,2
cloud services,2,2
cloudset,2,2
cloudshape,2,2
cloudsight,2,2
cloud solution,2,2
cloudspace,2,2
cloudspark,2,2
cloudsphere,2,2
cloudstar,2,2
cloudstock,2,2
cloudstream,2,2
cloudstreet,2,2
cloud ten,2,2
cloudtrack,2,2
cloudv,2,2
cloud vision,2,2
cloudway,2,2
cloudwise,2,2
cloudwize,2,2
cloudworks,2,2
clous,2,2
clout,2,2
clove,2,2
clover system,2,2
clozer,2,2
clubby,2,2
clude,2,2
cludo,2,2
cluster one,2,2
clustr,2,2
clyde biosciences,2,2
clymb,2,2
cm2,2,2
cm3,2,2
cmb,2,2
cmcg,2,2
cmdc,2,2
cme,2,2
cmh,2,2
cml,2,2
cmlabs,2,2
cmo,2,2
cmr,2,2
cmtech,2,2
cmw consulting,2,2
cn,2,2
cn2,2,2
cnai,2,2
cnm,2,2
cnp,2,2
cnr,2,2
cnt,2,2
cntech,2,2
co2,2,2
coaching,2,2
coachr,2,2
coal,2,2
coalesce,2,2
coastal manufacturing,2,2
coastview,2,2
coax,2,2
coaxis international,2,2
cobalt intelligence,2,2
cobit,2,2
cobra,2,2
cobrand,2,2
cobra softwares,2,2
cobuild,2,2
cocoa,2,2
cocomply,2,2
cocon,2,2
cocone,2,2
cocos,2,2
cocreate,2,2
codavel,2,2
coddy,2,2
code19,2,2
code360,2,2
codeable,2,2
codeac,2,2
code academy,2,2
codeace,2,2
codeacious,2,2
codeage,2,2
codeball,2,2
codebar,2,2
codebird,2,2
code blue,2,2
codeblue,2,2
codebot,2,2
codebright,2,2
codecare,2,2
codecave,2,2
code central,2,2
code collective,2,2
codecomplete,2,2
codecraft,2,2
codecrafters,2,2
codecrew,2,2
codecue,2,2
codecycle,2,2
codedata,2,2
codefactory,2,2
codefox,2,2
codefree,2,2
codegen,2,2
code hub,2,2
codein,2,2
code it,2,2
codekunst,2,2
codelab,2,2
codelabs,2,2
codeless,2,2
codelex,2,2
codelight,2,2
codely,2,2
codem,2,2
codemaker,2,2
codemakers,2,2
codemarket,2,2
codemasters,2,2
codemate,2,2
codemax,2,2
code me,2,2
codemen,2,2
code monkeys,2,2
codeninja,2,2
codenow,2,2
code on,2,2
codeon,2,2
codeone,2,2
codeparrot,2,2
code plus,2,2
codepoint,2,2
codeq,2,2
coder,2,2
coderdojo,2,2
codered,2,2
coderlab,2,2
coderspace,2,2
coderwall,2,2
codesigned,2,2
codesk,2,2
code space,2,2
codesquad,2,2
code square,2,2
codestory,2,2
codestream,2,2
codesync,2,2
code tecnologia,2,2
codetree,2,2
codeucate,2,2
codeum,2,2
codevalue,2,2
codevision,2,2
codewave,2,2
codewerx,2,2
code works,2,2
codeworks,2,2
codezone,2,2
codice,2,2
codifi,2,2
codified,2,2
codility,2,2
codingo,2,2
codist,2,2
codium,2,2
codix,2,2
codmon,2,2
codoc,2,2
codons,2,2
coefficient,2,2
coeo,2,2
coeus,2,2
cofenster,2,2
coffee,2,2
cofi,2,2
coflow,2,2
cogency,2,2
cogent automation,2,2
cogent consulting,2,2
cognida,2,2
cognisync,2,2
cognisys,2,2
cognitech,2,2
cognitee,2,2
cognitic,2,2
cognitiv,2,2
cognitive design,2,2
cognitum,2,2
cognity,2,2
cognius,2,2
cognosys,2,2
cogny,2,2
cogs,2,2
cogwear,2,2
cogworks,2,2
cohabit,2,2
cohost,2,2
coiled,2,2
coinfeeds,2,2
coinflip,2,2
coinflow,2,2
coinlive,2,2
coinpal,2,2
cojective,2,2
cold chain,2,2
cold creek,2,2
coldstart,2,2
colearn,2,2
colibrix,2,2
colife,2,2
collabify,2,2
collabit,2,2
collabo,2,2
collabo japan,2,2
collabos,2,2
collabra,2,2
collage,2,2
colleco,2,2
collective mind,2,2
collective shift,2,2
collider,2,2
collie,2,2
collo,2,2
collov,2,2
colmeia,2,2
colony digital,2,2
color card administrator,2,2
colorful,2,2
color intelligence,2,2
colormagic,2,2
colors,2,2
colossal,2,2
columba,2,2
comanage,2,2
comark,2,2
comb,2,2
combo,2,2
combustion,2,2
comcentric,2,2
comea,2,2
comex,2,2
comfort pro,2,2
comgate,2,2
comma,2,2
commando,2,2
commbox,2,2
commet,2,2
comm-it,2,2
committed,2,2
commlinq,2,2
commodore consulting,2,2
common ground,2,2
common knowledge,2,2
comms,2,2
commtech,2,2
commune,2,2
communicate,2,2
communitas,2,2
comodo,2,2
com-one,2,2
comoo,2,2
comp,2,2
compaas,2,2
companies,2,2
companymood,2,2
compass education,2,2
compass japan,2,2
compent,2,2
compete,2,2
complete business,2,2
complete computer,2,2
complex it,2,2
compliance management,2,2
compliance online,2,2
composio,2,2
compound,2,2
comprendo,2,2
comptech,2,2
compumat,2,2
compusoft,2,2
computech services,2,2
computelify,2,2
computer care,2,2
computer consulting,2,2
computer forensics,2,2
computer link,2,2
computer plus,2,2
computer science,2,2
computer service,2,2
computer system,2,2
computex,2,2
comradery,2,2
comsec,2,2
comserve,2,2
comsi,2,2
comstar,2,2
comtek,2,2
comtel,2,2
comunica,2,2
conan,2,2
conation,2,2
concat,2,2
concent,2,2
concentris,2,2
conception,2,2
concept it,2,2
concirrus,2,2
concise,2,2
conclude,2,2
concore,2,2
concourse,2,2
concurrent,2,2
condor,2,2
conducco,2,2
conductiv,2,2
conecti,2,2
conecto,2,2
conet,2,2
conexed,2,2
conexxion,2,2
confetti,2,2
confident,2,2
confido,2,2
config,2,2
confinet,2,2
confirma,2,2
confirmed,2,2
confirm it,2,2
confirmo,2,2
confluent,2,2
congenius,2,2
congrid,2,2
conjecto,2,2
conjura,2,2
conjure,2,2
conker,2,2
connec,2,2
connect4,2,2
connectai,2,2
connectdata,2,2
connecteam,2,2
connect financial,2,2
connectica,2,2
connecting,2,2
connectit,2,2
connectium,2,2
connectiv,2,2
connectivia,2,2
connectix,2,2
connect japan,2,2
connectly,2,2
connect me,2,2
connecto,2,2
connect plus,2,2
connectpoint,2,2
connectra,2,2
connects,2,2
connect services,2,2
connect the dots,2,2
connectworks,2,2
connecty,2,2
connekt,2,2
connektica,2,2
connet,2,2
connexa,2,2
connexis,2,2
connexus,2,2
conomy,2,2
conroy consulting,2,2
conscient,2,2
conscio,2,2
conscious,2,2
consciously,2,2
conseguir,2,2
consenso,2,2
consept,2,2
consign,2,2
consistent,2,2
console,2,2
consono,2,2
consortium,2,2
construction engineering,2,2
consul,2,2
consultech,2,2
consultis,2,2
consultive,2,2
consultnet,2,2
consumer insights,2,2
consumer intelligence,2,2
consware,2,2
contactability,2,2
contactone,2,2
contactus,2,2
contentflow,2,2
contents,2,2
contentwise,2,2
conterra,2,2
contexto,2,2
contextual,2,2
contexture,2,2
contexxt,2,2
continu,2,2
continuous,2,2
contora,2,2
contra,2,2
contractor,2,2
contrail,2,2
contrend,2,2
contrib,2,2
contribe,2,2
contrivance,2,2
controlbox,2,2
control f5,2,2
control it,2,2
controller,2,2
controlnet,2,2
controlsoft,2,2
contxt,2,2
convead,2,2
convergence consulting,2,2
converger,2,2
conversa,2,2
conversation,2,2
conversational,2,2
conversion digital,2,2
conversion marketing,2,2
conversis,2,2
converta,2,2
convertix,2,2
convolytics,2,2
convore,2,2
convoy,2,2
cookable,2,2
cookbook,2,2
cookie,2,2
cookoo,2,2
cool digital,2,2
coolminds,2,2
cool planet,2,2
coolr,2,2
coolsis,2,2
coomeet,2,2
cooperative,2,2
cooperative society,2,2
coover,2,2
copark,2,2
copia,2,2
copper,2,2
coppertree,2,2
copro,2,2
copula,2,2
copy,2,2
copygen,2,2
copyleft,2,2
coral digital,2,2
cordelia,2,2
cordic,2,2
core4,2,2
coreai,2,2
corebridge,2,2
corebyte,2,2
core communications,2,2
core concept,2,2
core consultants,2,2
coredata,2,2
core energy,2,2
core engineering,2,2
corefin,2,2
core focus,2,2
coregen,2,2
core innovation,2,2
core it,2,2
core japan,2,2
corelogic,2,2
corelogix,2,2
core media,2,2
corepartners,2,2
coreshell,2,2
coresight,2,2
core system,2,2
coreworks,2,2
corigin,2,2
corigine,2,2
coris,2,2
cormac,2,2
cornea,2,2
corner stone,2,2
cornerstone data,2,2
cornerstone engineering,2,2
cornerstone marketing,2,2
corotec,2,2
corpora,2,2
corporate it,2,2
corptek,2,2
corpus,2,2
correlate,2,2
corron,2,2
corros,2,2
corsair,2,2
corsi,2,2
cortado,2,2
cortec,2,2
cortexa,2,2
cortico,2,2
cortus,2,2
corva,2,2
corventive health,2,2
corvita,2,2
cosaint,2,2
cosm,2,2
cosmosoft,2,2
cospa,2,2
cost,2,2
costec,2,2
cosy,2,2
cosyne therapeutics,2,2
cotech,2,2
cottage,2,2
council exchange board of trade,2,2
count5,2,2
counter,2,2
counterpart,2,2
countly,2,2
countr,2,2
couple,2,2
couture,2,2
covalent,2,2
covariance,2,2
covenant,2,2
covenant engineering,2,2
coverme,2,2
covest,2,2
covey,2,2
covi,2,2
covis,2,2
covision,2,2
covline,2,2
cowin,2,2
coyote,2,2
coze,2,2
cozmic,2,2
cpa exchange,2,2
cpc,2,2
cpg,2,2
cpi,2,2
cqc,2,2
cqs,2,2
cquent,2,2
cradl,2,2
craft logic,2,2
craft music,2,2
craftsmen,2,2
craftt,2,2
crane,2,2
craneworks,2,2
cranium,2,2
crash,2,2
cratos,2,2
crazy host,2,2
crbit,2,2
crbn,2,2
crc,2,2
cre8,2,2
creact,2,2
creactives,2,2
crealo,2,2
cream,2,2
creamos,2,2
creart,2,2
created,2,2
createsoft,2,2
creatic,2,2
creatica,2,2
creation crate,2,2
creation hub,2,2
creatis,2,2
creatit,2,2
creative brains,2,2
creative bugs,2,2
creative computer,2,2
creative intelligence,2,2
creative learning,2,2
creative one,2,2
creative partner,2,2
creatives,2,2
creative studios,2,2
creative works,2,2
creatix,2,2
creator studio,2,2
creature,2,2
crebit,2,2
crecemas,2,2
credas,2,2
credible,2,2
credify,2,2
credio,2,2
credo consulting,2,2
credo infotech,2,2
credz,2,2
crescendo consulting,2,2
crescent consulting,2,2
crg,2,2
crimewatch,2,2
crion,2,2
crisp studio,2,2
crispy,2,2
cristie,2,2
criterion,2,2
crm online,2,2
crms,2,2
crm-service,2,2
crm services,2,2
cro,2,2
crocodile,2,2
crocodile digital,2,2
croft,2,2
croissant,2,2
croma,2,2
cronex,2,2
crono,2,2
cronos,2,2
crop,2,2
cropsafe,2,2
croptix,2,2
cross border,2,2
crossbow,2,2
crosscode,2,2
cross communication,2,2
crossconcept,2,2
crossfire,2,2
cross media,2,2
crossnet,2,2
crossover,2,2
crossroad,2,2
crosstech,2,2
crosstek,2,2
cross timbers consulting,2,2
crowdbotics,2,2
crowdchat,2,2
crowd consulting,2,2
crowdworks,2,2
crownit,2,2
crown point,2,2
crows nest,2,2
crowsnest,2,2
crowther,2,2
crs consulting,2,2
crumb,2,2
crunchr,2,2
cryolab,2,2
cryos,2,2
crypt,2,2
cryptalk,2,2
cryptex,2,2
cryptocurrency,2,2
cryptodaily,2,2
cryptohub,2,2
cryptomate,2,2
crypton,2,2
cryptonite,2,2
crypto pro,2,2
cryptouniverse,2,2
cryptoverse,2,2
crysp,2,2
cs consulting,2,2
cshark,2,2
csit,2,2
csm,2,2
csm consulting,2,2
cso,2,2
cssi,2,2
csti,2,2
cta,2,2
ctap,2,2
ctec,2,2
ctech,2,2
ctgt,2,2
ctms,2,2
cubbi,2,2
cube development,2,2
cubee,2,2
cube intelligence,2,2
cubera,2,2
cubesoft,2,2
cubesys,2,2
cube web,2,2
cubexlab,2,2
cubix,2,2
cubo,2,2
cu-bx,2,2
cudos,2,2
cudo ventures,2,2
cuepath innovation,2,2
cula,2,2
culdesac,2,2
culturetech,2,2
culturex,2,2
cumberland,2,2
cumulus digital,2,2
cuneo,2,2
cup carrier media,2,2
cuppa,2,2
cups,2,2
cur8,2,2
curago,2,2
curated content,2,2
curebase,2,2
curecall,2,2
curieous,2,2
curious company,2,2
curious minds,2,2
curious minds media,2,2
curis,2,2
curiscope,2,2
curotec,2,2
currency,2,2
currency hub,2,2
currently,2,2
cursive,2,2
cursum,2,2
curu,2,2
curvo,2,2
cusp,2,2
custimy,2,2
custodia,2,2
custodian,2,2
custom chemical services,2,2
custom controls,2,2
custom electrical services,2,2
custom electronics,2,2
customer,2,2
customer experience,2,2
customer first,2,2
customerlabs,2,2
customerx,2,2
customfit,2,2
customsoft,2,2
customweb,2,2
cutstruct,2,2
cux,2,2
cv,2,2
cva,2,2
cvm,2,2
cwc,2,2
cwe,2,2
cwg,2,2
cwit,2,2
cxg,2,2
cxo,2,2
cy2,2,2
cyb3r,2,2
cybear,2,2
cyber age,2,2
cyberarmor,2,2
cyberbee,2,2
cyberco,2,2
cyber command,2,2
cyberdesk,2,2
cyberdyne,2,2
cyber experts,2,2
cyberfortress,2,2
cyberfox,2,2
cyberfy,2,2
cyberg,2,2
cyber info,2,2
cyberknight,2,2
cyber matrix,2,2
cybermed,2,2
cybernetic,2,2
cybernex,2,2
cybernite,2,2
cybernorth,2,2
cyberoi,2,2
cyber partners,2,2
cyber security academy,2,2
cybersmart,2,2
cybersolutions,2,2
cyberspace,2,2
cyber synergy,2,2
cybertech,2,2
cybertix,2,2
cyberus,2,2
cybex security,2,2
cybo,2,2
cybot,2,2
cybr,2,2
cybrain,2,2
cybus,2,2
cyclopes,2,2
cycore,2,2
cydas,2,2
cyft,2,2
cygna,2,2
cygnet digital,2,2
cygnus it,2,2
cykel,2,2
cykod,2,2
cyma,2,2
cyper,2,2
cyph,2,2
cypro,2,2
cyqiq,2,2
cyrano video,2,2
cyrius consulting,2,2
cyrus,2,2
cysec,2,2
cytix,2,2
cytk,2,2
cyverse,2,2
cyvision,2,2
czero,2,2
d1 networks,2,2
d2c,2,2
d2d it services,2,2
d2i,2,2
d2k,2,2
d2v,2,2
daas,2,2
daat,2,2
dabbl,2,2
dabi,2,2
dabl,2,2
dacon,2,2
dacs,2,2
dactyl,2,2
dad,2,2
dada consulting,2,2
daf,2,2
daft,2,2
daiichi,2,2
daiko,2,2
dailypay,2,2
dais,2,2
daisi,2,2
daizy,2,2
dakai,2,2
daki,2,2
dala,2,2
dalta,2,2
dam creative,2,2
dan,2,2
danbi,2,2
dandelion,2,2
dango,2,2
dank,2,2
danka,2,2
dano,2,2
dantech,2,2
daohub,2,2
daon,2,2
dapps,2,2
dapt,2,2
dapta,2,2
dari,2,2
darien,2,2
dark blue,2,2
darkhorse,2,2
dark matter,2,2
dars,2,2
daruma,2,2
das consulting,2,2
dashboard,2,2
dash consulting,2,2
dashly,2,2
dash media,2,2
dashr,2,2
dass,2,2
dat,2,2
data access,2,2
data acuity,2,2
data agility,2,2
databank,2,2
database,2,2
databean,2,2
databee,2,2
datability,2,2
databit,2,2
databiz,2,2
datablast,2,2
datable,2,2
databoard,2,2
databook,2,2
databoom,2,2
databot,2,2
data bridge,2,2
data business intelligence,2,2
datacanvas,2,2
data care,2,2
datacare,2,2
dataclue,2,2
dataco,2,2
data connect,2,2
datacook,2,2
datacore,2,2
datacorp,2,2
datacue,2,2
data decisions,2,2
data discovery,2,2
datadna,2,2
data-driven,2,2
data engineering,2,2
data engines,2,2
data equity,2,2
dataexpert,2,2
data expertise,2,2
data factory,2,2
datafocus,2,2
data force,2,2
dataforge,2,2
data for good,2,2
datafox,2,2
dataframe,2,2
datafree,2,2
datafuel,2,2
datafusion,2,2
data geeks,2,2
datagems,2,2
datagenix,2,2
datago,2,2
datagram,2,2
datagrid,2,2
data guardian,2,2
datahax,2,2
dataheroes,2,2
data innovation,2,2
data innovations,2,2
data insights,2,2
datait,2,2
datakey,2,2
datalake,2,2
dataland,2,2
dataleap,2,2
dataline,2,2
datalink,2,2
datalore,2,2
datalynx,2,2
datalytics,2,2
data machines,2,2
datamaker,2,2
data management,2,2
datamatics,2,2
datamatrix,2,2
datami,2,2
datamine,2,2
datamip,2,2
data monsters,2,2
datamotive,2,2
dataneo,2,2
data network,2,2
data ninjas,2,2
data on demand,2,2
data one,2,2
dataone,2,2
data outsource,2,2
dataoxy,2,2
datapark,2,2
dataplex,2,2
dataplus,2,2
datapoint,2,2
datapoints,2,2
dataport,2,2
datapower,2,2
data protection,2,2
datarecover,2,2
dataroot,2,2
datasafe,2,2
datascience,2,2
data sciences,2,2
datasense consulting,2,2
data services,2,2
dataset,2,2
datashield,2,2
datashift,2,2
datasign,2,2
dataspace,2,2
dataspin,2,2
dataspot,2,2
dataspring,2,2
datasquad,2,2
datasquare,2,2
data storage,2,2
datastory,2,2
datasync,2,2
datasys,2,2
data system,2,2
datatera,2,2
data to value,2,2
datatrue,2,2
datavalue,2,2
datavault,2,2
data ventures,2,2
datavibes,2,2
data view,2,2
datavis,2,2
datavisual,2,2
data voice,2,2
datavoice,2,2
dataway,2,2
datawings,2,2
datawiz,2,2
dataworks,2,2
dataworkz,2,2
datazone,2,2
datcom,2,2
datek,2,2
datera,2,2
dati,2,2
datia,2,2
datio,2,2
datitude,2,2
datlab,2,2
datomize,2,2
datos,2,2
datrix,2,2
datum consulting,2,2
datumo,2,2
datura,2,2
datus,2,2
dav,2,2
davenport,2,2
davidson consulting,2,2
davies,2,2
da vinci studio,2,2
davista,2,2
daxta,2,2
day1,2,2
day by day,2,2
daycare,2,2
dayhoff,2,2
dayou,2,2
daystar,2,2
daytwo,2,2
dbaas,2,2
dbb,2,2
dbf,2,2
dbg,2,2
db services,2,2
dbvision,2,2
dbx,2,2
dc building,2,2
dcc,2,2
dc media,2,2
dcom,2,2
dcore,2,2
dct,2,2
dctech,2,2
dct japan,2,2
dd,2,2
ddi,2,2
ddm,2,2
ddr,2,2
ddtech,2,2
de3,2,2
deaf,2,2
dealflow,2,2
dealpoint,2,2
dealroom,2,2
dealstart,2,2
dearest,2,2
deasyl,2,2
debbie,2,2
deben,2,2
debox,2,2
decagon,2,2
deccan,2,2
decens,2,2
decentral,2,2
decide,2,2
decisional,2,2
decision diagnostics,2,2
decision focus,2,2
decision innovation,2,2
decision point,2,2
decision tree,2,2
decisive,2,2
deck,2,2
deck4,2,2
deckard,2,2
declaration,2,2
declarative,2,2
decom,2,2
decorte future industries,2,2
decorus,2,2
decoverai,2,2
decube,2,2
dedication,2,2
deed,2,2
deedy,2,2
deeli,2,2
deepai,2,2
deep analytics,2,2
deepbits,2,2
deep black,2,2
deep blue,2,2
deepblue,2,2
deepcare,2,2
deepcloud,2,2
deepcube,2,2
deep digital,2,2
deep dive,2,2
deepdive,2,2
deepit,2,2
deeplab,2,2
deeplogix,2,2
deeploy,2,2
deep media,2,2
deepneuron,2,2
deepnews,2,2
deepq,2,2
deepr,2,2
deepscale,2,2
deepscribe,2,2
deepsee,2,2
deepstream,2,2
deeptale,2,2
deeptech,2,2
deepthink,2,2
deepverse,2,2
deets,2,2
defcon,2,2
defence,2,2
defenders,2,2
defense,2,2
defense engineering,2,2
defensible,2,2
defi,2,2
defined,2,2
definit,2,2
definiti,2,2
definitive,2,2
defix,2,2
defrag,2,2
defsys,2,2
deft,2,2
deft digital,2,2
deftec,2,2
defy,2,2
dega,2,2
degirum,2,2
degree six,2,2
delcom,2,2
delcorp data,2,2
delega,2,2
delete,2,2
deli,2,2
delic,2,2
delicious,2,2
delio,2,2
delium,2,2
delivered,2,2
delivery center,2,2
delixus,2,2
delonix,2,2
delphi consulting,2,2
delphinium,2,2
delt,2,2
delta3,2,2
delta informatica,2,2
delta it,2,2
delta one,2,2
delta robotics,2,2
deltatech,2,2
deltax,2,2
deltree,2,2
delux,2,2
delv,2,2
delving,2,2
dem,2,2
dema,2,2
demand analytics,2,2
demand chain,2,2
demco,2,2
demetrix,2,2
demi,2,2
demia,2,2
dems,2,2
demtec,2,2
demystify,2,2
denali,2,2
dench,2,2
dendrite,2,2
dendron,2,2
denox,2,2
densitas,2,2
density,2,2
dent,2,2
dental,2,2
dentech,2,2
dentli,2,2
denver,2,2
deon,2,2
dep,2,2
departure,2,2
depay,2,2
dephy,2,2
depict,2,2
deploy,2,2
deployment,2,2
deployr,2,2
derisk,2,2
deriva,2,2
des,2,2
descript,2,2
desh,2,2
design associates,2,2
design city,2,2
design cloud,2,2
designed,2,2
designers,2,2
designing,2,2
design mania,2,2
design master,2,2
designo,2,2
designpro,2,2
design shift,2,2
design shop,2,2
designthink,2,2
design thinking,2,2
deskhero,2,2
desmo,2,2
deso,2,2
destin,2,2
destination,2,2
deta,2,2
detail,2,2
determined,2,2
devbox,2,2
devco,2,2
devcore,2,2
devel,2,2
develite,2,2
develo,2,2
develoop,2,2
developmate,2,2
development services,2,2
develup,2,2
deveo,2,2
devere,2,2
deveritec,2,2
devfactory,2,2
devgrid,2,2
devhaus,2,2
devi,2,2
device,2,2
device doctor,2,2
dev-id,2,2
dev infotech,2,2
devion,2,2
devkit,2,2
devlab,2,2
devlabs,2,2
devlix,2,2
devman,2,2
devmedia,2,2
devnet,2,2
devo,2,2
devobal,2,2
devon,2,2
devout,2,2
devrock,2,2
devs,2,2
devsquad,2,2
devtools,2,2
devup,2,2
devy,2,2
dewitec,2,2
dewitt,2,2
dewy,2,2
dexer,2,2
dext,2,2
dextera,2,2
dexterous,2,2
dextra,2,2
dfc,2,2
dffrnt,2,2
dflux,2,2
dfnd,2,2
dfocus,2,2
dforce,2,2
dg1,2,2
dgtl,2,2
dh consulting,2,2
dhe,2,2
dhh,2,2
di,2,2
diabetech,2,2
diabsolut,2,2
diadem,2,2
diagon,2,2
diagrams,2,2
diagu,2,2
dialoga,2,2
dialogue,2,2
dialpad,2,2
diamantea,2,2
diametric,2,2
diamond age,2,2
diamond vision,2,2
diandian,2,2
dianjia,2,2
dianxin,2,2
dias,2,2
diax,2,2
dibtec,2,2
dibz,2,2
dicetek,2,2
dicode,2,2
dida,2,2
didata,2,2
didcom,2,2
didi,2,2
didimo,2,2
didit,2,2
diffco,2,2
difference,2,2
diffusely,2,2
difinity,2,2
diges,2,2
digest,2,2
digex,2,2
digibee,2,2
digibiz,2,2
digicall,2,2
digiclick,2,2
digicloud,2,2
digicon,2,2
digicraft,2,2
digid,2,2
digidoc,2,2
digidot,2,2
digifi,2,2
digiform,2,2
digifox,2,2
digihive,2,2
digihome,2,2
digihost,2,2
digika,2,2
digilab,2,2
digilence,2,2
digilog,2,2
digilogix,2,2
digimark,2,2
digimatic,2,2
digime,2,2
digimet,2,2
digimind,2,2
digimix,2,2
digimonk,2,2
digination,2,2
diginius,2,2
digion,2,2
digipal,2,2
digiplus,2,2
digipower,2,2
digisap,2,2
digisat,2,2
digisec,2,2
digisense,2,2
digisign,2,2
digispot,2,2
digita,2,2
digitag,2,2
digitai,2,2
digital advantage,2,2
digital advice,2,2
digital advisory,2,2
digital age,2,2
digital agency,2,2
digital architect,2,2
digital assets,2,2
digital automotive,2,2
digital base,2,2
digitalbits,2,2
digital blue,2,2
digital butter,2,2
digital buzz,2,2
digital cloud,2,2
digital concepts,2,2
digital connect,2,2
digital consult,2,2
digital content,2,2
digital control,2,2
digital creative,2,2
digital depot,2,2
digital design,2,2
digitaldesk,2,2
digital dock,2,2
digital dominance,2,2
digital dot,2,2
digital drop,2,2
digitale,2,2
digital education,2,2
digitalent,2,2
digitale opsporing,2,2
digital essence,2,2
digital evolution,2,2
digital excellence,2,2
digital experience,2,2
digital facilities,2,2
digital farm,2,2
digital fire,2,2
digital force,2,2
digital forensics,2,2
digital fortress,2,2
digital frontier,2,2
digital fuel,2,2
digital future,2,2
digital geeks,2,2
digitalglue,2,2
digital golf,2,2
digital hands,2,2
digital home,2,2
digitalia,2,2
digital innovation,2,2
digital institute,2,2
digitalised,2,2
digitall,2,2
digital leaders,2,2
digital living,2,2
digital magic,2,2
digitalmaker,2,2
digital mantra,2,2
digital marketing agency,2,2
digital marketing company,2,2
digital mart,2,2
digital mass,2,2
digital material,2,2
digital matter,2,2
digital me,2,2
digital mechanics,2,2
digital mind,2,2
digital mountain,2,2
digitalog,2,2
digital one,2,2
digitalone,2,2
digital pixel,2,2
digital practice,2,2
digitalq,2,2
digital quarter,2,2
digital rain,2,2
digital reach,2,2
digital realty,2,2
digital revolution,2,2
digital science,2,2
digital security,2,2
digital services,2,2
digitalsign,2,2
digital smart,2,2
digitalsoft,2,2
digitalspace,2,2
digital sphere,2,2
digital square,2,2
digital talents,2,2
digital target,2,2
digital team,2,2
digital tribe,2,2
digitaltrust,2,2
digital twin,2,2
digital wallet,2,2
digital web,2,2
digitalwerk,2,2
digital winds,2,2
digital work,2,2
digital works,2,2
digitalworks,2,2
digitar,2,2
digitay,2,2
digitec,2,2
digited,2,2
digiterra,2,2
digitex,2,2
digitics,2,2
digitium,2,2
digitopia,2,2
digitrix,2,2
digits,2,2
digitwin,2,2
digiup,2,2
digiverse,2,2
digiweb,2,2
digiwest,2,2
dignitas,2,2
digsy,2,2
dilato,2,2
dillo,2,2
dimely,2,2
dimoco payments,2,2
dinamica,2,2
dinamo,2,2
dinesafe,2,2
dingdong,2,2
dinghy,2,2
dingo,2,2
dinify,2,2
dink,2,2
dinmo,2,2
dino,2,2
dino digital,2,2
dio,2,2
diode,2,2
dip,2,2
dippy,2,2
direct business,2,2
direct consulting,2,2
direct focus,2,2
directo,2,2
direk,2,2
diro,2,2
dis,2,2
disa,2,2
discourse,2,2
discover,2,2
discovery partners,2,2
dispatcher,2,2
disruptiv,2,2
disruptive consulting,2,2
disruptive innovations,2,2
dista,2,2
distil,2,2
distillery,2,2
distro,2,2
ditch,2,2
ditel,2,2
ditio,2,2
dito,2,2
div,2,2
diva,2,2
divco,2,2
diverge,2,2
divergent insights,2,2
diverse,2,2
diverse it,2,2
diversifi,2,2
diversified business,2,2
diversus,2,2
divide,2,2
divide by zero,2,2
divine it,2,2
divinely,2,2
division,2,2
division zero,2,2
divox,2,2
divvy,2,2
divy,2,2
diwo,2,2
dixon,2,2
djinni,2,2
dkdo,2,2
dk innovation,2,2
dl,2,2
dlg consulting,2,2
dlh,2,2
dlk,2,2
dlo,2,2
dls,2,2
dltx,2,2
dmac,2,2
dmail,2,2
dmc,2,2
dm consulting,2,2
dmsg,2,2
dmtel,2,2
dna digital,2,2
dna it,2,2
dng,2,2
dnk,2,2
dns check,2,2
doa,2,2
doble,2,2
docbot,2,2
docbox,2,2
docco,2,2
doccontrol,2,2
doc-it,2,2
docmatic,2,2
docnexus,2,2
docone,2,2
docs,2,2
docsinbox,2,2
docstream,2,2
doctome,2,2
doctorapp,2,2
doctornow,2,2
doctors,2,2
doctorsoft,2,2
doctronic,2,2
doctus,2,2
doctype,2,2
docufi,2,2
document data,2,2
docus,2,2
docuscan,2,2
docwise,2,2
doe,2,2
doers,2,2
dofollow,2,2
do global,2,2
dogma,2,2
dogtooth,2,2
dogu,2,2
dokit,2,2
dolon,2,2
dolphin consulting,2,2
dome,2,2
domec,2,2
domeo,2,2
dominion aesthetic,2,2
domus,2,2
domy,2,2
donaco,2,2
donato,2,2
donuts,2,2
dood,2,2
doodle,2,2
doohickey,2,2
doople,2,2
doppl,2,2
dorado,2,2
dori,2,2
dorik,2,2
dormy,2,2
dorsal,2,2
dose,2,2
dossier,2,2
dossy,2,2
dot compliance,2,2
dotdata,2,2
dot digital,2,2
dotdot,2,2
dotech,2,2
dotfusion,2,2
dotit,2,2
dotline,2,2
dotline infotech,2,2
dotnet,2,2
dotsmart,2,2
dotted,2,2
dot world,2,2
double consulting,2,2
doublezero,2,2
dov,2,2
dovetailed,2,2
dow,2,2
dowhile,2,2
doyen,2,2
doyen business,2,2
doyen infosolutions,2,2
dpl,2,2
dploy,2,2
dpr,2,2
dpt,2,2
dq,2,2
draco,2,2
drafter,2,2
drafting,2,2
drag,2,2
drakewell,2,2
drawbridge,2,2
drb,2,2
dreambits,2,2
dreambox,2,2
dreamcast,2,2
dreamcatcher,2,2
dreamcommerce,2,2
dreamfactory,2,2
dream ink,2,2
dreamline,2,2
dreamly,2,2
dreammaker,2,2
dreamnet,2,2
dreamone,2,2
dreamscape,2,2
dreamsite,2,2
dreamware,2,2
dressx,2,2
drg,2,2
drifter,2,2
drillbit,2,2
dripify,2,2
drishti,2,2
drisk,2,2
drive assist,2,2
drivendata,2,2
driven digital,2,2
driver,2,2
drivetech,2,2
drivetime,2,2
drivex,2,2
driving school,2,2
drivio,2,2
droid,2,2
drone design,2,2
dronehive,2,2
dronelab,2,2
drone pros,2,2
drones,2,2
droneview,2,2
drops,2,2
dropteam,2,2
drover,2,2
drpocket,2,2
drum,2,2
drundo,2,2
drvn,2,2
dryice,2,2
dsd,2,2
dsg,2,2
dsi services,2,2
dsplus,2,2
dssi,2,2
dst,2,2
dstny,2,2
dsx,2,2
dtg,2,2
dual,2,2
dubme,2,2
duck,2,2
duckling,2,2
duffel,2,2
duke city,2,2
duku,2,2
duly,2,2
dumka,2,2
dumont aviation,2,2
dunamis,2,2
dune,2,2
dune analytics,2,2
dune security,2,2
dunzo,2,2
duplo,2,2
dv,2,2
dv8,2,2
dv8 infosystems,2,2
dvg,2,2
dvhb,2,2
dvi,2,2
dvlp,2,2
dvm,2,2
dvore,2,2
dvs technosoft,2,2
dvw,2,2
dwelly,2,2
dwg,2,2
dxlab,2,2
dxs,2,2
dxterity,2,2
dxtr,2,2
dybuster,2,2
dycode,2,2
dydx,2,2
dymaxion,2,2
dymon,2,2
dyna,2,2
dynado,2,2
dynamate,2,2
dynamia,2,2
dynamica,2,2
dynamic business,2,2
dynamic cyber,2,2
dynamic flow,2,2
dynamic green products,2,2
dynamic networks,2,2
dynamic perspective,2,2
dynamic pricing,2,2
dynamics international,2,2
dynamis,2,2
dynamite network,2,2
dynamore,2,2
dynapt,2,2
dyna robotics,2,2
dynastic,2,2
dynasys,2,2
dynasystems,2,2
dynatronic,2,2
dynos,2,2
dype,2,2
e1,2,2
e2b,2,2
e2c,2,2
e2m,2,2
e7,2,2
e8,2,2
eactive,2,2
eagle it,2,2
eagle nest,2,2
eagle network,2,2
eagle point,2,2
eagles,2,2
ea global,2,2
eapps,2,2
eaps,2,2
ear,2,2
early warning,2,2
earos,2,2
earthly,2,2
earthsense,2,2
earthwave,2,2
earthwork,2,2
ease learning,2,2
easi,2,2
easol,2,2
eass,2,2
eastdawn,2,2
eastgate,2,2
eastpoint,2,2
eastside,2,2
easyapp,2,2
easycall,2,2
easycode,2,2
easyconsult,2,2
easyeats,2,2
easygo,2,2
easykost,2,2
easylog,2,2
easym2m,2,2
easymed,2,2
easy pay,2,2
easysec,2,2
easysend,2,2
easysoft,2,2
easy storage,2,2
easytrade,2,2
easyware,2,2
easywork,2,2
eatsy,2,2
eavision,2,2
ebc,2,2
eb consulting,2,2
ebers,2,2
ebid,2,2
ebisu,2,2
ebit,2,2
ebm,2,2
ebox,2,2
ebrand,2,2
ebrandz,2,2
ebridge,2,2
ebroker,2,2
ebyte,2,2
ec3,2,2
ecare,2,2
ecat,2,2
eccentric,2,2
ec-cube,2,2
ec development,2,2
echo3d,2,2
echoes,2,2
echolink,2,2
echo ridge,2,2
echotech,2,2
ecit,2,2
ecko,2,2
eclass,2,2
eclat,2,2
eclipse media,2,2
eclo,2,2
ecochain,2,2
ecochem,2,2
ecocode,2,2
eco fusion,2,2
ecofy,2,2
ecoguard,2,2
eco india,2,2
ecolibrium,2,2
ecoline,2,2
ecomatic,2,2
ecometric,2,2
ecomi,2,2
ecommerce,2,2
ecommerce business,2,2
ecomobi,2,2
ecomsoft,2,2
econ,2,2
econcepts,2,2
econda,2,2
econnect,2,2
ecopilot,2,2
ecora,2,2
ecotone,2,2
ecovery,2,2
ecowell,2,2
ecoworks,2,2
ecr,2,2
ecreate,2,2
ecs biztech,2,2
ecsoft,2,2
eda,2,2
edapt,2,2
edaura,2,2
eddi,2,2
eddie,2,2
edesia,2,2
edesk,2,2
edexia,2,2
edge360,2,2
edge automation,2,2
edgecase,2,2
edge consulting engineers,2,2
edgehog,2,2
edge plus,2,2
edge services,2,2
edgeworx,2,2
edgy,2,2
edii,2,2
ediphi,2,2
editmate,2,2
edms,2,2
edmund,2,2
edn,2,2
edoc,2,2
edora,2,2
edp,2,2
edra,2,2
edsi,2,2
edt,2,2
edu,2,2
edubox,2,2
educate,2,2
educatio,2,2
educato,2,2
educator,2,2
educloud,2,2
educo,2,2
eduhub,2,2
edumedia,2,2
edura,2,2
edutive,2,2
edvance,2,2
edventures,2,2
edvize,2,2
edwin,2,2
eeve,2,2
eezylife,2,2
efact,2,2
efcom,2,2
efekt,2,2
effe,2,2
effectio,2,2
effective project,2,2
effecto,2,2
effectus,2,2
effektiv,2,2
effi,2,2
efficacious,2,2
efficacy,2,2
efficience,2,2
efficient computer,2,2
efficient energy,2,2
effivity,2,2
effra,2,2
effy,2,2
efinity,2,2
eflame hosting,2,2
efleet,2,2
eflux,2,2
eform,2,2
efs,2,2
efx,2,2
egain,2,2
egao,2,2
egeo,2,2
egerie,2,2
egger,2,2
eglobe,2,2
egress,2,2
egret,2,2
ehealthcare,2,2
ehl,2,2
eicon,2,2
eidos,2,2
eifer,2,2
eighty20,2,2
eighty6,2,2
eikona,2,2
eikon consulting,2,2
eikonikos,2,2
einfach,2,2
eins,2,2
einstein,2,2
eip,2,2
eis,2,2
eits,2,2
eit services,2,2
ej,2,2
ejad,2,2
ejamerica,2,2
ek,2,2
ekatra,2,2
ekeeper,2,2
ekho,2,2
ekklesia,2,2
ekko media,2,2
eksper,2,2
ekvi,2,2
el,2,2
elaine,2,2
elando,2,2
elastic suite,2,2
elastify,2,2
elastique,2,2
elate,2,2
elatech,2,2
elatus,2,2
elav,2,2
elca,2,2
elderberry,2,2
eldo,2,2
eldr,2,2
elearning,2,2
elearning marketplace,2,2
elective,2,2
electrical,2,2
electric power,2,2
electronic,2,2
electronica,2,2
electrum,2,2
elefant,2,2
elegant,2,2
elegis,2,2
elektronik,2,2
elemental,2,2
element engineering,2,2
element games,2,2
elemento,2,2
eleva brasil,2,2
elevar,2,2
elevare,2,2
elevate consulting,2,2
elevatex,2,2
eleven it,2,2
elevent,2,2
elevon,2,2
elfin,2,2
elfio,2,2
elia,2,2
elice,2,2
elif,2,2
elify,2,2
eligible,2,2
eliis,2,2
elink,2,2
elint,2,2
elio,2,2
elion,2,2
elire,2,2
elis,2,2
elisium,2,2
elitech,2,2
elite digital,2,2
elite it,2,2
elite networks,2,2
elitepath,2,2
elite telecom,2,2
elitex,2,2
elitser,2,2
elium,2,2
elix,2,2
ellie,2,2
ellii,2,2
ellis,2,2
ello,2,2
elly,2,2
elmec,2,2
elocker,2,2
eloquant,2,2
elos,2,2
els,2,2
elsie,2,2
eltronic,2,2
elum,2,2
elvan,2,2
elven,2,2
elves,2,2
elwave,2,2
elwood,2,2
elxr,2,2
elynx,2,2
emag,2,2
emage,2,2
email,2,2
ematic,2,2
ematters,2,2
emax,2,2
emax digital,2,2
emazing,2,2
embark,2,2
emblem,2,2
emblock,2,2
embodied,2,2
embolden,2,2
embtel,2,2
emdash,2,2
em data,2,2
emedia,2,2
emedlogix,2,2
emerge digital,2,2
emerge it,2,2
emeritus,2,2
emg,2,2
emh,2,2
eminent it,2,2
eminenture,2,2
emirates,2,2
emitek,2,2
emo,2,2
emojo digital marketing,2,2
emori,2,2
emote,2,2
emotiv,2,2
emp,2,2
empala,2,2
empat,2,2
empatix,2,2
empay,2,2
empire it,2,2
empiric,2,2
empirica,2,2
empisto,2,2
emplo,2,2
emply,2,2
emporio,2,2
emporis,2,2
empower it,2,2
empowerment,2,2
empress digital,2,2
emptyspace,2,2
emq,2,2
emreach,2,2
emsol,2,2
emt distribution,2,2
emun,2,2
en,2,2
enable it,2,2
enaible,2,2
encharge,2,2
encite,2,2
encloud,2,2
enconta,2,2
encored,2,2
encos,2,2
encounter,2,2
encripto,2,2
end,2,2
endex,2,2
endian,2,2
endora,2,2
endpoint consulting,2,2
endra,2,2
ene,2,2
eneida,2,2
energize,2,2
energized media,2,2
energo,2,2
energyiq,2,2
energy sistem,2,2
energyx,2,2
enerjoy,2,2
enermeter,2,2
enf,2,2
enflux,2,2
enfocus,2,2
eng,2,2
engaging,2,2
engaze,2,2
engen,2,2
engenuity,2,2
engie,2,2
engim,2,2
engineered equipment,2,2
engineered intelligence,2,2
engineered lifting,2,2
engineering consultants,2,2
engineering design,2,2
engineering innovation,2,2
engineering service,2,2
engine room,2,2
engineroom,2,2
engines,2,2
enginet,2,2
enginium,2,2
enginius,2,2
engintec,2,2
engrotec,2,2
engsoft,2,2
engtech,2,2
enhance it,2,2
eniac,2,2
enifer,2,2
enigma soft,2,2
enisa,2,2
enisco,2,2
enitech,2,2
enix,2,2
enjay,2,2
enke,2,2
enkel,2,2
enkelt,2,2
enkrypt,2,2
enlightened,2,2
enliten it,2,2
ennovative,2,2
eno,2,2
enoki,2,2
enola,2,2
enorm,2,2
enormous it services,2,2
enosis,2,2
enov8,2,2
enovation,2,2
enovative,2,2
enowa,2,2
enra,2,2
enrich,2,2
enroller,2,2
ensa,2,2
ensar,2,2
ens consultants,2,2
ensis,2,2
ensoft,2,2
enspark,2,2
ensphere,2,2
enstruct,2,2
enta,2,2
entail,2,2
entangl,2,2
entangled,2,2
entanglement,2,2
entec,2,2
entegration,2,2
entek,2,2
entelect,2,2
entelyst,2,2
enterjet,2,2
entero,2,2
enterprise communications,2,2
enterprise computing,2,2
enterprise data,2,2
enterprise digital,2,2
enterprise payment,2,2
enterprise performance,2,2
enterprise vision,2,2
entertainment intelligence,2,2
entertech,2,2
enthralltech,2,2
enthu,2,2
entre,2,2
entrée,2,2
entrega,2,2
entro,2,2
entron,2,2
entropica,2,2
entropix,2,2
entrust,2,2
entrust it,2,2
entry,2,2
ents,2,2
entuitive,2,2
entwined,2,2
enty,2,2
enuma,2,2
enurture,2,2
enuve,2,2
enve,2,2
envelop,2,2
envelope,2,2
envest enerji ve su teknolojileri,2,2
envichem,2,2
envigreen,2,2
envio,2,2
environmental innovations,2,2
envirotech,2,2
envision consulting,2,2
envision digital,2,2
envision it,2,2
envisionit,2,2
envision mobile,2,2
envision web,2,2
envista,2,2
envite,2,2
envivo,2,2
enviz,2,2
envoice,2,2
envoke,2,2
envolved,2,2
enwenta,2,2
enzai,2,2
enzymaster,2,2
enzyme design,2,2
eod,2,2
eolas,2,2
eole,2,2
eonix,2,2
eonum,2,2
eox,2,2
ep,2,2
epesi,2,2
epg,2,2
epiance,2,2
epical,2,2
epic it,2,2
epicon,2,2
epic optix,2,2
epidosi,2,2
epigene,2,2
epilogue,2,2
epinet,2,2
epinion,2,2
epiphyte,2,2
epiq,2,2
episode,2,2
epitech,2,2
epoch,2,2
epoint,2,2
epop,2,2
epos,2,2
epro,2,2
eps,2,2
epum,2,2
eqa,2,2
eqcell,2,2
eql,2,2
eqo,2,2
equally,2,2
equals,2,2
equest,2,2
equilibre,2,2
equinity,2,2
equip,2,2
equipment connect,2,2
equitec,2,2
equota,2,2
eras,2,2
eraser,2,2
erb,2,2
erequest,2,2
eresto,2,2
eresult,2,2
ergolabs,2,2
eric,2,2
eridan,2,2
eridu,2,2
erisk,2,2
erium,2,2
erly,2,2
ermes,2,2
eroad,2,2
erp365,2,2
erp cloud,2,2
erp consulting,2,2
erp experts,2,2
ersatz,2,2
es3,2,2
esa,2,2
esacom,2,2
escala,2,2
escape,2,2
escent,2,2
escience,2,2
esco,2,2
escola,2,2
escolaweb,2,2
es consulting,2,2
ese,2,2
esecure,2,2
esecurity,2,2
esend,2,2
esentio,2,2
eser,2,2
eserv,2,2
esi,2,2
esn,2,2
eso,2,2
esourcing,2,2
esp,2,2
espace,2,2
esper,2,2
esperanto,2,2
espero,2,2
espiral,2,2
espresso,2,2
esps,2,2
esq,2,2
essedi,2,2
essen,2,2
estar,2,2
estec,2,2
estratek,2,2
esuite,2,2
esw,2,2
esx,2,2
esya,2,2
esynergy,2,2
etailpet,2,2
et al,2,2
etap,2,2
eteam,2,2
etech,2,2
etech solution,2,2
etelligence,2,2
eterna,2,2
eternity,2,2
eteros,2,2
etha,2,2
ethan,2,2
ethena,2,2
ether,2,2
ethermind,2,2
ethic,2,2
ethical,2,2
ethical it,2,2
ethinking,2,2
ethosx,2,2
etico,2,2
etna research,2,2
etopia,2,2
etracker,2,2
etrain,2,2
etree,2,2
etrix,2,2
etsc,2,2
etudes,2,2
euclide,2,2
euclidean,2,2
eudaemon,2,2
eugene,2,2
euler,2,2
eunite,2,2
eureka it,2,2
eurisko,2,2
euro,2,2
eurobyte,2,2
euro digital,2,2
euro it,2,2
europos,2,2
eurus,2,2
eusoft,2,2
evad,2,2
evado,2,2
evalus,2,2
evam,2,2
evc,2,2
eventbuddy,2,2
eventhq,2,2
event hub,2,2
eventify,2,2
eventmate,2,2
evento,2,2
eventon,2,2
event planner,2,2
eventsoft,2,2
evenue,2,2
everblue,2,2
everconnect,2,2
everest automation,2,2
everex,2,2
everix,2,2
everlink,2,2
evermore,2,2
evers,2,2
eversa,2,2
everspin,2,2
everspring,2,2
eversun,2,2
everworks,2,2
everybill,2,2
everyday,2,2
evie,2,2
evince,2,2
evisit,2,2
evobee,2,2
evocorp,2,2
evoke,2,2
evologic,2,2
evologics,2,2
evolt,2,2
evolutia,2,2
evolution networks,2,2
evolution security,2,2
evolve creative,2,2
evolve digital,2,2
evolve media,2,2
evolve medical,2,2
evolver,2,2
evolvit,2,2
evolvus,2,2
evomedia,2,2
evon,2,2
evora,2,2
evotek,2,2
evove,2,2
evr,2,2
evreka,2,2
evren,2,2
ewater,2,2
ewave,2,2
ewbm,2,2
ewd,2,2
ewebdesign,2,2
ewings,2,2
ewm,2,2
eworkforce,2,2
eworks,2,2
eworx,2,2
ews,2,2
ex,2,2
exabyte,2,2
exact it,2,2
exactly,2,2
exactus,2,2
exagen,2,2
exakt health,2,2
examedi,2,2
examedia,2,2
exaro,2,2
exasol,2,2
exasys,2,2
exatec,2,2
exatech,2,2
exatek,2,2
exato,2,2
excavo,2,2
exceed digital,2,2
exceeding,2,2
excel,2,2
excelacom,2,2
excelencia,2,2
excelerate,2,2
excell,2,2
excellence academy,2,2
excellence it,2,2
excello,2,2
excel services,2,2
excite,2,2
execo,2,2
execon,2,2
executives,2,2
exedos,2,2
exe engineering,2,2
exela,2,2
exeliq,2,2
exemplar,2,2
exeo,2,2
exeq,2,2
exhale,2,2
exigen,2,2
exile,2,2
eximium,2,2
eximius,2,2
exist,2,2
exlabs,2,2
exnovation,2,2
exocortex,2,2
exodus,2,2
exodus space,2,2
exosphere,2,2
exovibe,2,2
expai,2,2
expander,2,2
expand my business,2,2
expanse,2,2
expansive,2,2
expeed,2,2
experience design,2,2
experio,2,2
experis,2,2
experta,2,2
expert data,2,2
expertis,2,2
expertize,2,2
experto,2,2
expert outsource,2,2
expert solution,2,2
expinn,2,2
explain,2,2
explico,2,2
explo,2,2
explora consulting,2,2
exploration,2,2
exploratory,2,2
explorer,2,2
exploretech,2,2
explosion,2,2
exponentia,2,2
express computers,2,2
express engineering,2,2
expressive,2,2
expro,2,2
exr,2,2
ext,2,2
extel,2,2
extend it,2,2
extensible,2,2
extern,2,2
extol,2,2
extreme engineering,2,2
exum,2,2
exyte,2,2
exzatech,2,2
eye4future,2,2
eyecam,2,2
eyecheck,2,2
eyecloud,2,2
eyedo,2,2
eyelevel,2,2
eyemail,2,2
eyra,2,2
ez3d,2,2
ez apps,2,2
ez blockchain,2,2
ezcom,2,2
ezdisplay,2,2
eze,2,2
ezetech,2,2
eznetwork,2,2
ezra,2,2
ezspeech,2,2
ezulix,2,2
ezze,2,2
f1 it,2,2
f2it,2,2
f4,2,2
faar,2,2
faateh,2,2
fabbi,2,2
fabheads automation,2,2
fab it,2,2
fabit,2,2
fabius,2,2
fable studio,2,2
fabricated,2,2
fabrication,2,2
fabrx,2,2
face,2,2
facelift,2,2
facere,2,2
faceup,2,2
facil,2,2
facilis,2,2
facility,2,2
facilityone,2,2
facio,2,2
factbase,2,2
factech,2,2
facto,2,2
factor it,2,2
factorit,2,2
factors,2,2
factotum,2,2
factr,2,2
faculty,2,2
fade,2,2
fadel,2,2
fae,2,2
fahamu,2,2
fahrenheit,2,2
fai,2,2
fair,2,2
fairbanks,2,2
faircode,2,2
faire,2,2
fairfleet,2,2
fairmat,2,2
fairmont consulting,2,2
fairsoftware,2,2
faktor consulting,2,2
fala,2,2
falcon consulting,2,2
falkon,2,2
fam,2,2
famic,2,2
familia,2,2
familytech,2,2
fanatic,2,2
fang,2,2
fanly,2,2
fantastec,2,2
fantastic,2,2
fantasy sports,2,2
fanzee,2,2
fapro,2,2
faqtory,2,2
fare,2,2
fareye,2,2
farmair,2,2
farmbee,2,2
farmblox,2,2
farmbot,2,2
farmwise,2,2
faros,2,2
fasal,2,2
fashion,2,2
fastcall,2,2
fastco,2,2
fastcode,2,2
fastcomet,2,2
fast computer,2,2
fastdev,2,2
faster,2,2
fastera,2,2
fastfocus,2,2
fastforward,2,2
fastloop,2,2
fastmap,2,2
fastr,2,2
fasttrack,2,2
fatfish,2,2
fathom5,2,2
favion,2,2
favy,2,2
faxx,2,2
fb,2,2
fci,2,2
fdc,2,2
feast creative,2,2
featurebyte,2,2
featurist,2,2
fec,2,2
federal,2,2
fedpoint,2,2
feedback networks,2,2
feelit,2,2
feels,2,2
feld,2,2
fellowship,2,2
felz,2,2
femtosense,2,2
femtosoft,2,2
fenghua,2,2
fennec,2,2
fennel,2,2
fennex,2,2
fentech,2,2
fenyx,2,2
feralco,2,2
ferly,2,2
fern,2,2
ferret,2,2
ferrum,2,2
fervent,2,2
festivo,2,2
fetch feedback,2,2
fetchr,2,2
feynman,2,2
ffs,2,2
fg,2,2
fgc,2,2
fgs,2,2
fh,2,2
fi,2,2
fiado,2,2
fiare,2,2
fiberland,2,2
fiberplane,2,2
fibersense,2,2
fiberwave,2,2
fibo,2,2
fibr,2,2
ficra,2,2
fidelis,2,2
fidelo,2,2
fides,2,2
fidu,2,2
fiduciary,2,2
fieldcomm,2,2
fieldday,2,2
fieldforce,2,2
fieldlink,2,2
fieldscope,2,2
field services,2,2
fieldshare,2,2
fieldy,2,2
fierce,2,2
fifo,2,2
fifteen,2,2
fifth dimension,2,2
fifty,2,2
fiftyfive,2,2
figo,2,2
fiit,2,2
fiix,2,2
fileflow,2,2
filipay,2,2
film,2,2
filos,2,2
filosoft,2,2
filter,2,2
filtered,2,2
fim,2,2
fimble,2,2
finally,2,2
financegpt,2,2
finanz,2,2
finao,2,2
finchat,2,2
fincheck,2,2
fincore,2,2
fincrm,2,2
findair,2,2
findings,2,2
findly,2,2
findme,2,2
finds,2,2
finer,2,2
finesoft,2,2
finesse,2,2
finetic,2,2
finetunedb,2,2
finex,2,2
finexus,2,2
finfra,2,2
fing,2,2
fingertip,2,2
fini,2,2
finish,2,2
finite,2,2
fink,2,2
finland,2,2
finley,2,2
finnchat,2,2
fino digital,2,2
finos,2,2
finovo,2,2
finport,2,2
finqore,2,2
finrock,2,2
finscale,2,2
finta,2,2
fintechx,2,2
fintek digital,2,2
finteq,2,2
finto,2,2
fintz,2,2
finvest,2,2
finvoice,2,2
finwave,2,2
finwin,2,2
finworks,2,2
fiona,2,2
fiora,2,2
fire,2,2
firebolt,2,2
firedrop,2,2
firefish,2,2
firegroup,2,2
fireside,2,2
firesky,2,2
firework,2,2
fireworks,2,2
firia,2,2
firm,2,2
firms,2,2
first ascent biomedical,2,2
firstbit,2,2
first bridge,2,2
first choice,2,2
first choice it,2,2
first contact,2,2
first data,2,2
first degree,2,2
firsthand,2,2
first in,2,2
first light,2,2
first option,2,2
first page,2,2
firstparty,2,2
first principles,2,2
first security,2,2
firstwatch,2,2
firsty,2,2
firtech,2,2
fischer,2,2
fischer it,2,2
fish,2,2
fishermen,2,2
fisk,2,2
fission,2,2
fit design,2,2
fithub,2,2
fitit,2,2
fitme,2,2
fitness,2,2
fitos,2,2
fits,2,2
fitsys,2,2
fitter,2,2
five elements,2,2
five nines,2,2
fixe,2,2
fixi,2,2
fixie,2,2
fixit,2,2
fixxi,2,2
fizen,2,2
fizix,2,2
fizzy,2,2
fjord,2,2
flagstone,2,2
flai,2,2
flam,2,2
flashnet,2,2
flashy,2,2
flatlight,2,2
flat rock,2,2
flatworld,2,2
fleek,2,2
fleethub,2,2
fleetops,2,2
fleet service,2,2
fleetworks,2,2
fletch,2,2
flexable,2,2
flexbit,2,2
flex consulting,2,2
flexdata,2,2
flexday,2,2
flexgen,2,2
flexi,2,2
flexicode,2,2
flexidata,2,2
flexigo,2,2
flexile,2,2
flexinet,2,2
flexio,2,2
flexip,2,2
flexis,2,2
flexit,2,2
flexitec,2,2
flexitime,2,2
flexity,2,2
flexmind,2,2
flexnode,2,2
flex smart,2,2
flexspace,2,2
flexsys,2,2
flextech,2,2
flexware,2,2
flexwork,2,2
fliegen,2,2
flinkit,2,2
flint studio,2,2
flippar,2,2
flippay,2,2
flipped,2,2
flipswitch,2,2
fliq,2,2
flitch,2,2
flix,2,2
flixit,2,2
float health,2,2
floatpays,2,2
floc,2,2
flod,2,2
flokk,2,2
flood,2,2
florence,2,2
floret,2,2
florida engineering,2,2
flory,2,2
flowbase,2,2
flowbird,2,2
flowbuilders,2,2
flowcast,2,2
flow communications,2,2
flow digital,2,2
flow engineering,2,2
flowhub,2,2
flowing,2,2
flowit,2,2
flowpoint,2,2
flow robotics,2,2
flowstate,2,2
flowstep,2,2
flowster,2,2
flow studio,2,2
floww,2,2
fluenty,2,2
fluidata,2,2
fluid finance,2,2
fluid handling,2,2
flume,2,2
fluunt,2,2
fluxart,2,2
flux auto,2,2
fluxio,2,2
flux it,2,2
flyby,2,2
flycode,2,2
flycoin,2,2
flyde,2,2
flye,2,2
flying cape,2,2
flypay,2,2
flysoft,2,2
flyt,2,2
flywallet,2,2
flywire,2,2
flyy,2,2
fmcg,2,2
fmk,2,2
fms,2,2
fmt,2,2
fmx,2,2
fna,2,2
fobo,2,2
focalize,2,2
focal point,2,2
focus data,2,2
focus digital,2,2
focused it,2,2
focus engineering,2,2
focus games,2,2
focusnet,2,2
focus network,2,2
foghorn,2,2
fol,2,2
folderr,2,2
foley,2,2
folia,2,2
folio3,2,2
folium,2,2
folk,2,2
follicum,2,2
follow,2,2
folyo,2,2
fond,2,2
fonda,2,2
fond design,2,2
fondy,2,2
fonk,2,2
food,2,2
foodback,2,2
foodie,2,2
food intelligence,2,2
foodio,2,2
foodism,2,2
foodlog,2,2
foodly,2,2
foodnerd,2,2
foodoo,2,2
foodsafe,2,2
footpath,2,2
foqus,2,2
fora,2,2
forager,2,2
force it,2,2
forceone,2,2
forebrain,2,2
forecast it,2,2
forekast,2,2
forem,2,2
foremost,2,2
forequest,2,2
foreseer,2,2
foresight data,2,2
foresoft,2,2
foresta,2,2
forest park,2,2
foresys,2,2
forget me not,2,2
for good,2,2
forj,2,2
formac,2,2
formal,2,2
formant,2,2
format,2,2
formic,2,2
formica,2,2
formio,2,2
formulator,2,2
fornax,2,2
foro,2,2
forscher,2,2
forseti,2,2
forsys,2,2
forte consulting,2,2
forte it,2,2
forth,2,2
fort hill,2,2
fortify it,2,2
fortior,2,2
fortius,2,2
fortop,2,2
forty,2,2
forty two,2,2
forus,2,2
forvision,2,2
forward digital,2,2
forward edge,2,2
forward engineering,2,2
forward eye,2,2
forward thinking,2,2
for you,2,2
fosbury,2,2
foss,2,2
fototerra,2,2
foto visura,2,2
fountain digital,2,2
fountainhead,2,2
fournet,2,2
foxhole,2,2
foxie,2,2
foxio,2,2
foxnet,2,2
foxo,2,2
foxon,2,2
fox robotics,2,2
foxtail,2,2
fox web,2,2
foxy,2,2
foyer,2,2
fpc,2,2
fps,2,2
fractal marketing,2,2
fractional cmo,2,2
fractl,2,2
fragcolor,2,2
fram,2,2
frameshift,2,2
framework consulting,2,2
framework design,2,2
frameworks,2,2
franc,2,2
france,2,2
francium,2,2
frankie,2,2
franz,2,2
frati,2,2
fred,2,2
freebird,2,2
freebox,2,2
freedo,2,2
freee,2,2
free field,2,2
freehand,2,2
freeing returns,2,2
freeman clarke,2,2
freemind,2,2
freestyle,2,2
freethink,2,2
freeup,2,2
freeway,2,2
frens,2,2
frenzy,2,2
frequency,2,2
frequenz,2,2
freshlime,2,2
freshminds,2,2
freshportal,2,2
freshr,2,2
freshx,2,2
frest,2,2
frey,2,2
frida,2,2
fridge,2,2
friendly,2,2
friendz,2,2
frima,2,2
frog,2,2
from the future,2,2
frontdesk,2,2
frontier consulting,2,2
frontline services,2,2
frontoffice,2,2
front row,2,2
frontside,2,2
froogal,2,2
froogalpay,2,2
frostbyte,2,2
frugal,2,2
fruition,2,2
fruto,2,2
fsa,2,2
fsc,2,2
fsd,2,2
fsi,2,2
fsk,2,2
fsm,2,2
ft,2,2
ftech,2,2
ftl,2,2
ftnet,2,2
ftn network,2,2
ftp,2,2
ftrans,2,2
ftts,2,2
fuco,2,2
fueld,2,2
fueled,2,2
fuell,2,2
fuel studios,2,2
fugenx,2,2
fugu,2,2
fuji,2,2
fuji business,2,2
fulcra,2,2
fulcrum global,2,2
fulfil,2,2
fullcast,2,2
full circle,2,2
full circle design,2,2
fuller,2,2
full force,2,2
fullpath,2,2
fullpower,2,2
full profile,2,2
full spectrum,2,2
fullsteam,2,2
fullthrottle,2,2
fullview,2,2
fulmo,2,2
fulton,2,2
fume,2,2
function,2,2
function4,2,2
fund,2,2
funding,2,2
fundo,2,2
fura,2,2
furtim,2,2
fuse data,2,2
fuse digital,2,2
fuseworks,2,2
fusic,2,2
fusion engineering,2,2
fusion networks,2,2
fusiontek,2,2
futr,2,2
futur,2,2
future fields,2,2
future fit,2,2
future forward,2,2
futuregen,2,2
future it,2,2
future laboratory,2,2
futurelink,2,2
futurenow,2,2
futurepath,2,2
future proof,2,2
futurescape,2,2
future state,2,2
futuretel,2,2
futurice,2,2
futuring,2,2
futuru,2,2
futurum,2,2
futy,2,2
fuud,2,2
fuze design,2,2
fuzion,2,2
fuzzy,2,2
fvt,2,2
fwd,2,2
fy,2,2
fyi,2,2
fyld,2,2
fynd,2,2
fynn,2,2
g1,2,2
g2g,2,2
g2i,2,2
g3,2,2
g3 engineering,2,2
gab,2,2
gabriel,2,2
gac,2,2
gada,2,2
gaea,2,2
gaia consulting,2,2
gaia emprise,2,2
gaiago,2,2
gaia japan,2,2
gaian,2,2
gaine,2,2
galatea,2,2
galaxies,2,2
galaxy consulting,2,2
galaxy energy,2,2
galaxy infotech,2,2
galaxy mobile,2,2
galaxyweb,2,2
galena,2,2
gallant digital,2,2
gallop,2,2
galore,2,2
galvanic,2,2
gam,2,2
gamalon,2,2
game,2,2
gamedex,2,2
gameface,2,2
game factory,2,2
gameit,2,2
gameloop,2,2
game on,2,2
gameplan,2,2
gamercoach,2,2
game studio,2,2
gamic,2,2
gamify,2,2
gamma interactive,2,2
ganaz,2,2
gander,2,2
ganesh,2,2
gannet,2,2
gantry,2,2
gap engineering,2,2
gapp,2,2
gapps,2,2
garbo,2,2
garland,2,2
garmtech,2,2
gaston,2,2
gat,2,2
gates,2,2
gateways,2,2
gateweb,2,2
gati,2,2
gatsby,2,2
gauss,2,2
gaussian,2,2
gavia,2,2
gbb,2,2
gbr,2,2
gc network,2,2
gcr,2,2
gda,2,2
gdpr,2,2
gdx,2,2
geant,2,2
gearup,2,2
geb,2,2
geckotech,2,2
geecon,2,2
geek girl,2,2
geek it,2,2
geek it core,2,2
geeks online,2,2
geg,2,2
geia,2,2
gel,2,2
gelo,2,2
gelt,2,2
geme,2,2
gemelo,2,2
geminus,2,2
gemius,2,2
gen5,2,2
gen8,2,2
gena,2,2
genai,2,2
genda,2,2
gendo,2,2
genel,2,2
geneo,2,2
geneon,2,2
genera,2,2
general automation,2,2
general it,2,2
generative,2,2
generators,2,2
generix,2,2
generosity,2,2
genery,2,2
genesis it,2,2
genial,2,2
genico,2,2
genicore,2,2
genid,2,2
genius business,2,2
genius hub,2,2
geniusweb,2,2
geniusx,2,2
genme,2,2
gennext,2,2
genome,2,2
genomed,2,2
genos,2,2
genova,2,2
genscript,2,2
gentarget,2,2
gentec,2,2
gentian,2,2
gentis,2,2
genuin,2,2
genx,2,2
geocloud,2,2
geoedge,2,2
geo-it,2,2
geolab,2,2
geolearn,2,2
geolys,2,2
geolytics,2,2
geomatrix,2,2
geomind,2,2
geonexus,2,2
geopipe,2,2
georeach,2,2
georisk,2,2
geosafe,2,2
geoserve,2,2
geoshield,2,2
geosmart,2,2
geosurf,2,2
geosurvey,2,2
geosys,2,2
geotech,2,2
geotop,2,2
geoview,2,2
geovision,2,2
geovista,2,2
geoworks,2,2
gepcom,2,2
geras,2,2
gero,2,2
gertech,2,2
gest,2,2
gestalt,2,2
getback,2,2
getconnect,2,2
getdone,2,2
getech,2,2
getein biotech,2,2
get found,2,2
get in,2,2
get it done,2,2
getsocial,2,2
getvocal,2,2
getway,2,2
geveo,2,2
gexin,2,2
gfa,2,2
gfac engineering,2,2
gfe,2,2
gfg,2,2
ggnet,2,2
ggt,2,2
ghosting,2,2
giants,2,2
gibson,2,2
gid,2,2
giddy,2,2
gif,2,2
giftease,2,2
gifty,2,2
gigahertz,2,2
gigaom,2,2
gigbee,2,2
gigged,2,2
giggle,2,2
gigit,2,2
gigl,2,2
gigmo,2,2
gigs,2,2
giks,2,2
gilly,2,2
ginco,2,2
ginee,2,2
ginkgo,2,2
ginko,2,2
gio,2,2
gios,2,2
giotech,2,2
gira,2,2
giraffe studio,2,2
girbil,2,2
git,2,2
gitg,2,2
gits,2,2
git services,2,2
givers health,2,2
givme,2,2
gkb,2,2
gk media,2,2
glacier peak,2,2
glacis,2,2
glade,2,2
gladiator,2,2
gladly,2,2
gladys,2,2
glambook,2,2
glas,2,2
glass box,2,2
glassbox,2,2
glassfrog,2,2
glasshouse,2,2
glasskube,2,2
gleaming,2,2
gleensite,2,2
gli,2,2
glidr,2,2
glim,2,2
glimps,2,2
glint solar,2,2
glitch,2,2
globacom,2,2
globalbit,2,2
global broadband,2,2
global business consulting,2,2
global business it,2,2
globalcom,2,2
global commerce,2,2
global concept,2,2
global consulting,2,2
global data management,2,2
global digital agency,2,2
globaldyne,2,2
global energy,2,2
global ethics,2,2
global future,2,2
global health,2,2
global hub,2,2
global information,2,2
global infrastructure,2,2
global intelligence,2,2
global itech,2,2
global link,2,2
global listings,2,2
global market,2,2
global monitor,2,2
global net,2,2
global partners,2,2
global personals,2,2
global power,2,2
global power consulting,2,2
global precision industries,2,2
global resources,2,2
global scanning,2,2
global scientific,2,2
global smart,2,2
globalstep,2,2
globaltec,2,2
globaltech,2,2
globaltek,2,2
global telecom,2,2
global thinking,2,2
global tracking,2,2
global view,2,2
global virtual,2,2
global voip,2,2
global water,2,2
global web,2,2
global websoft,2,2
global wings,2,2
globalxperts,2,2
globital,2,2
glocal,2,2
glomacs,2,2
glorify,2,2
glorious,2,2
glou,2,2
gloud,2,2
glovent,2,2
glowing,2,2
glr,2,2
gls,2,2
glu,2,2
gluu,2,2
glyde,2,2
glyphic,2,2
glyphs,2,2
gm,2,2
gma consulting,2,2
gmb,2,2
gm engenharia,2,2
gmtech,2,2
gnarus,2,2
gnb,2,2
gnd,2,2
gnh,2,2
gnosis,2,2
go1,2,2
go2,2,2
go360,2,2
go4it,2,2
goa,2,2
go agency,2,2
goagile,2,2
goally,2,2
goaltech,2,2
goapp,2,2
goapps,2,2
goblin,2,2
goc,2,2
gocad,2,2
gocharge,2,2
gocreate,2,2
godot,2,2
goemon,2,2
go-erp,2,2
gofact,2,2
gofind,2,2
goforit,2,2
gogi,2,2
gogo,2,2
gogrow,2,2
goi,2,2
goinformatics,2,2
go insurance,2,2
go-it,2,2
goit,2,2
gojom,2,2
golabs,2,2
gold,2,2
golden orb,2,2
golden owl,2,2
golden services,2,2
goldentech,2,2
goldfish,2,2
goldie,2,2
goldmine,2,2
golem,2,2
goliathdata,2,2
gomanda,2,2
gome,2,2
gomedia,2,2
gomingo,2,2
gomining,2,2
go mobile,2,2
gomobile,2,2
gonghui,2,2
goo,2,2
goobit,2,2
good agency,2,2
goodbit,2,2
goodblock,2,2
good chain,2,2
goodday,2,2
good effect,2,2
goodfire,2,2
good gaming,2,2
goodjob,2,2
goodly,2,2
good money,2,2
goods,2,2
goodware,2,2
goodwill,2,2
goofy,2,2
go one,2,2
gooru,2,2
go pharma,2,2
gora,2,2
gosaas,2,2
goscale,2,2
gosecure,2,2
goshare,2,2
go smart,2,2
gosoft,2,2
gosource,2,2
gospel,2,2
gosstech,2,2
gostudy,2,2
gotcha,2,2
goteam,2,2
gotech,2,2
go telecom,2,2
gotem,2,2
goto10,2,2
gov,2,2
gove,2,2
go viral,2,2
govrn,2,2
goweb,2,2
gpas,2,2
gps,2,2
gps it,2,2
gpsl,2,2
gpt,2,2
gr,2,2
grade,2,2
gradiant,2,2
gradient health,2,2
gradual,2,2
graffity,2,2
graffle,2,2
graffo,2,2
grafiti,2,2
graft,2,2
graham,2,2
grail,2,2
granatum,2,2
grand design,2,2
grandstage,2,2
granite,2,2
granite consulting,2,2
granta,2,2
granularity,2,2
grapevine marketing,2,2
graphem,2,2
graphics,2,2
graphlogic,2,2
grapl,2,2
gravastar,2,2
gravel,2,2
gravis,2,2
gravit,2,2
gravl,2,2
gravy,2,2
graycell,2,2
grayhats,2,2
gray matter,2,2
grea,2,2
greaseboss,2,2
great,2,2
greater,2,2
greater minds,2,2
greater than,2,2
great escape,2,2
great idea,2,2
great place to work,2,2
greatsoft,2,2
greenbar,2,2
green bee,2,2
greenbee,2,2
green box,2,2
greenbox,2,2
greenbyte,2,2
green chemical,2,2
green code,2,2
greencorp,2,2
green digital,2,2
greenet,2,2
greenex,2,2
greenext,2,2
green fields,2,2
greenfly,2,2
greenhope,2,2
greenhost,2,2
green house,2,2
greenit,2,2
greenlab,2,2
greenlink,2,2
greenlite,2,2
green lizard,2,2
green marine,2,2
green network,2,2
greenology,2,2
green planet,2,2
greenpost,2,2
green power,2,2
greenqube,2,2
greenrobot,2,2
greensight,2,2
greensoft,2,2
greensol,2,2
greenstar,2,2
greenstone,2,2
green stream,2,2
greensys,2,2
green tea,2,2
green tree,2,2
greenware,2,2
green web,2,2
greet,2,2
gregario,2,2
grep,2,2
gretel,2,2
greybox,2,2
grey matter,2,2
greymatter,2,2
grid energy,2,2
gridlink,2,2
gridmetrics,2,2
gridspace,2,2
gridware,2,2
gridworld,2,2
gripon,2,2
grizzly,2,2
grm,2,2
groop,2,2
groot,2,2
groots,2,2
ground control,2,2
groundfloor,2,2
grounding,2,2
groundtruth,2,2
grouper,2,2
groupnet,2,2
groupon,2,2
groups,2,2
growapp,2,2
grow better,2,2
grower,2,2
growing,2,2
growl,2,2
growth accelerators,2,2
growthfactor,2,2
growth japan,2,2
growth kitchen,2,2
growthmode,2,2
growthops,2,2
growth panel,2,2
groww,2,2
grt,2,2
grunt,2,2
grupo,2,2
grupo mass,2,2
grupo tecno,2,2
grüv,2,2
gryd,2,2
gryphon digital mining,2,2
gs2,2,2
gsa,2,2
gsg,2,2
gsk,2,2
gsm,2,2
gss,2,2
gst,2,2
gsti,2,2
gstn,2,2
gt energy,2,2
gtg network,2,2
gti digital,2,2
gtl,2,2
gtss,2,2
gtx,2,2
guanxi,2,2
guardhouse,2,2
guardians,2,2
guardrails,2,2
guava,2,2
gudu,2,2
güeno,2,2
guep,2,2
guerrilla mail,2,2
guess,2,2
guideme,2,2
guidepoint,2,2
gula,2,2
gulliver,2,2
gumbo,2,2
gun,2,2
gunosy,2,2
gunpowder,2,2
guroo,2,2
gus,2,2
gusto,2,2
guzo,2,2
gv,2,2
gwic,2,2
gx,2,2
gyan,2,2
gybe,2,2
gyfted,2,2
gym,2,2
gyrus,2,2
h1,2,2
h2k,2,2
h2l,2,2
h2m,2,2
h2v,2,2
h4,2,2
h5 colo,2,2
ha,2,2
habanero,2,2
haber,2,2
habilis,2,2
hackademy,2,2
hackajob,2,2
hackerbay,2,2
hackerpulse,2,2
hackeru,2,2
haip,2,2
haive,2,2
haks,2,2
halen,2,2
hales,2,2
hall,2,2
hallow,2,2
hallway,2,2
halolife,2,2
haloo,2,2
halter,2,2
hamelin,2,2
hamsa,2,2
hana,2,2
hanatech,2,2
handcrafted,2,2
handit,2,2
handl,2,2
handle,2,2
handmade interactive,2,2
hands in,2,2
handsome,2,2
hang,2,2
hangar,2,2
hank,2,2
hannu,2,2
hans,2,2
hansa,2,2
hanz,2,2
hapily,2,2
happier,2,2
happily,2,2
happy,2,2
happy brain,2,2
happyco,2,2
happydesk,2,2
happy home,2,2
happymeter,2,2
happy monday,2,2
happyspace,2,2
haptic,2,2
hapto,2,2
harbinger,2,2
harbor it,2,2
harbr,2,2
hardskills,2,2
hard soft,2,2
hardtech,2,2
harmo,2,2
harmonee,2,2
harmoney,2,2
harmonize,2,2
harmony plus,2,2
harp,2,2
harplabs,2,2
harpoon,2,2
harris services,2,2
hartmann,2,2
hashbang,2,2
hashboard,2,2
hash dash,2,2
hashi,2,2
hashout,2,2
hashtrack,2,2
hasten,2,2
hasya,2,2
hatchers,2,2
hatchet,2,2
hatio,2,2
hatom,2,2
hatrio,2,2
hava,2,2
havik,2,2
havona,2,2
haxor,2,2
hayabusa,2,2
hayden,2,2
hayden consulting,2,2
haywire,2,2
haz,2,2
hazelnut,2,2
hazlo,2,2
haztech,2,2
hb,2,2
hbi,2,2
hbit,2,2
hbm,2,2
hc,2,2
hcc,2,2
hck,2,2
hct,2,2
hd,2,2
hdata,2,2
hdb,2,2
hd telecom,2,2
headless,2,2
headset,2,2
headspace,2,2
headstream,2,2
headsup,2,2
headtrip,2,2
heady,2,2
heali,2,2
healr,2,2
healthblocks,2,2
healthcare it experts,2,2
health chain,2,2
healthcode,2,2
health connect,2,2
healthee,2,2
healthmap,2,2
healthmetrix,2,2
healthy workers,2,2
healx,2,2
hearoes,2,2
heart,2,2
heartcount,2,2
hearth,2,2
heartvista,2,2
heartworks,2,2
heat,2,2
heatable,2,2
hebbia,2,2
heco,2,2
hector,2,2
hedera,2,2
heero,2,2
heights,2,2
heirloom,2,2
heka,2,2
heli,2,2
helicom,2,2
heliguy,2,2
helion,2,2
helios global,2,2
helis,2,2
helix digital,2,2
helix hub,2,2
hellobill,2,2
hellodata,2,2
helloverify,2,2
helpa,2,2
helper,2,2
helpful,2,2
helping hand,2,2
helpix,2,2
helply,2,2
help scout,2,2
helt,2,2
hemi,2,2
hemingway,2,2
hemisphere,2,2
hendrix,2,2
hengyuan,2,2
heno,2,2
henri,2,2
hepta,2,2
heptagon,2,2
herald,2,2
hercule,2,2
hereafter,2,2
heretic,2,2
heritage,2,2
hero innovation,2,2
herotech,2,2
hershey,2,2
heru,2,2
heu,2,2
heureka,2,2
hexagon,2,2
hexar,2,2
hexo,2,2
hexon,2,2
hex security,2,2
heyan,2,2
heylama,2,2
heyoo,2,2
hgl,2,2
hgt,2,2
hibou,2,2
hibox,2,2
hidden door,2,2
hifive,2,2
higher ground consulting,2,2
highfi,2,2
highflyer,2,2
high impact,2,2
highland engineering,2,2
highlyte,2,2
high peak,2,2
highpoint,2,2
highscore,2,2
high side,2,2
high sierra,2,2
highstep,2,2
high street,2,2
high tide,2,2
hightide,2,2
hightouch,2,2
highview,2,2
high vision,2,2
highwater,2,2
hilink,2,2
hillmak,2,2
hill technical,2,2
hilltop,2,2
hilos,2,2
hilton,2,2
him,2,2
hims,2,2
hinata,2,2
hinge,2,2
hinote,2,2
hinterland,2,2
hints,2,2
hip,2,2
hiper,2,2
hippocampus,2,2
hippocratic,2,2
hire laravel developer,2,2
hireup,2,2
hi- smart,2,2
hitachi,2,2
hitalent,2,2
hitec,2,2
hitech health,2,2
hitiq,2,2
hitori,2,2
hits,2,2
hive collective,2,2
hivelab,2,2
hivemind,2,2
hiven,2,2
hivetech,2,2
hiveware,2,2
hiway,2,2
hj,2,2
hjb,2,2
hl,2,2
hlab,2,2
hlabs,2,2
hls,2,2
hlx,2,2
hm,2,2
hmc,2,2
hms consulting,2,2
hn,2,2
hnm,2,2
hns,2,2
hoard,2,2
hobnob,2,2
hobu,2,2
hoch,2,2
hodl,2,2
hodo,2,2
hok,2,2
hokan,2,2
holistics,2,2
holix,2,2
holla,2,2
holler,2,2
hollo,2,2
holly,2,2
holly health,2,2
holocron,2,2
holotech,2,2
holovision,2,2
holycode,2,2
homeboy,2,2
homee,2,2
homegrown,2,2
homeland,2,2
homeland security,2,2
homely,2,2
homeme,2,2
homeroom,2,2
homescore,2,2
homestory,2,2
homie,2,2
hone,2,2
honestly,2,2
honey badger,2,2
honeybee,2,2
hong sheng,2,2
honor,2,2
honta,2,2
hoods,2,2
hooked,2,2
hooli,2,2
hoop,2,2
hoopla,2,2
hoozin,2,2
hoperun,2,2
hopi,2,2
hoplite,2,2
hopon,2,2
hopp,2,2
hopps,2,2
horizen,2,2
horizon automation,2,2
horizon business,2,2
horizone,2,2
horizon performance,2,2
horizon studios,2,2
horizontal,2,2
horizonx,2,2
horse power,2,2
horsepower,2,2
horyzn,2,2
hos,2,2
hoss,2,2
host,2,2
hosta,2,2
hostai,2,2
hostaway,2,2
hostify,2,2
hostnet,2,2
host one,2,2
hostus,2,2
hotbed,2,2
hotbot,2,2
hotdesk,2,2
hotel,2,2
hoteltime,2,2
hot foot,2,2
hotfoot,2,2
hotkey,2,2
hotline,2,2
houm,2,2
hounddog,2,2
hourly,2,2
house of code,2,2
housing,2,2
housing market,2,2
hoverboard,2,2
hovi,2,2
howler,2,2
hoye,2,2
hpc dual,2,2
hp concept,2,2
hp engineering,2,2
hpm,2,2
hr cloud,2,2
hrd,2,2
hrk,2,2
hrms,2,2
hrone,2,2
hr service,2,2
hrweb,2,2
hsb,2,2
hs consulting,2,2
hsg,2,2
hsk,2,2
hsr health,2,2
hstar,2,2
hta consulting,2,2
htec,2,2
htech,2,2
html studio,2,2
htsm,2,2
hu,2,2
huachuang,2,2
huami,2,2
huatian,2,2
huaxin intelligent,2,2
hub9,2,2
hubb,2,2
hubber,2,2
hubbox,2,2
hubchain,2,2
hublo,2,2
hubmatrix,2,2
hubone,2,2
huckleberry,2,2
hud,2,2
huddle up,2,2
hudhud,2,2
hudson data,2,2
hugg,2,2
hui,2,2
hull,2,2
humanage,2,2
humanativa,2,2
humance,2,2
humancloud,2,2
human design,2,2
humani,2,2
human intelligence,2,2
humanis,2,2
humanit,2,2
humanitarian,2,2
humanitru,2,2
humanity,2,2
humanizing,2,2
human japan,2,2
humanly,2,2
human media,2,2
human resources intelligence,2,2
humans,2,2
humantic,2,2
humanx,2,2
humanz,2,2
humbl,2,2
humble,2,2
hume,2,2
humen,2,2
humit,2,2
humly,2,2
hummingbirds,2,2
hump,2,2
huna,2,2
hundun,2,2
hunter,2,2
huntr,2,2
hunty,2,2
hupp,2,2
hupper,2,2
hurl,2,2
hurrah,2,2
hurricane,2,2
hurry,2,2
huru,2,2
husk,2,2
hustle,2,2
hut,2,2
hutsy,2,2
hutt,2,2
huudle,2,2
huum,2,2
hvantage,2,2
hvn,2,2
hx,2,2
hxs,2,2
hybe,2,2
hybrid it,2,2
hydralab,2,2
hydra research,2,2
hydroterra,2,2
hyer,2,2
hyfen,2,2
hygge,2,2
hyke,2,2
hyku,2,2
hyped,2,2
hyperactive,2,2
hyperbeam,2,2
hyperbolic,2,2
hypercontext,2,2
hypercurrent,2,2
hyperdrive,2,2
hyperflow,2,2
hyperion robotics,2,2
hyperlab,2,2
hyperlane,2,2
hyperlight,2,2
hyperline,2,2
hyperlink,2,2
hypermedia,2,2
hypermode,2,2
hyper networks,2,2
hypernova,2,2
hyperplane,2,2
hyperreal,2,2
hypershift,2,2
hypersign,2,2
hypertext,2,2
hyperthink,2,2
hypertunnel,2,2
hypervision,2,2
hyperweb,2,2
hyppe,2,2
hyra,2,2
hyrex,2,2
hystar,2,2
i2a,2,2
i2b,2,2
i2c,2,2
i2r,2,2
i2v,2,2
i2x,2,2
i360,2,2
i4,2,2
i4e,2,2
i6,2,2
iaccess,2,2
iage,2,2
iai,2,2
iambic,2,2
iam experts,2,2
iamus,2,2
iara,2,2
iatec,2,2
iband,2,2
ibase,2,2
ibd,2,2
ibi,2,2
ibiixo,2,2
ibiz,2,2
ibms,2,2
ibo,2,2
ibrain,2,2
ibroker,2,2
ibsc,2,2
ibusiness,2,2
icad,2,2
icam,2,2
icampus,2,2
icap,2,2
icares,2,2
icaros,2,2
icast,2,2
icb,2,2
icc,2,2
icds,2,2
icea,2,2
iceberg,2,2
iceberg data,2,2
iceblue,2,2
iced,2,2
icekredit,2,2
icelab,2,2
icell,2,2
iceni,2,2
iceq,2,2
icesoft,2,2
icetana,2,2
icharts,2,2
ichi,2,2
ichigo,2,2
icis,2,2
icit,2,2
icita,2,2
iclick,2,2
icms,2,2
icog,2,2
icollect,2,2
icom,2,2
icommunity,2,2
icon consulting,2,2
icon engineers,2,2
iconics,2,2
iconix,2,2
icontrol,2,2
icon uk,2,2
icp,2,2
icp consulting,2,2
icra,2,2
icreate,2,2
icrx,2,2
icsd,2,2
ic services,2,2
ictech,2,2
ict health,2,2
ict international,2,2
ictinus,2,2
icts,2,2
icubes,2,2
icue,2,2
icz,2,2
id3d,2,2
id8 media,2,2
id advice,2,2
idatase,2,2
idb,2,2
id company,2,2
id design,2,2
idea07,2,2
ideabox,2,2
idea consulting,2,2
ideacto,2,2
ideaflow,2,2
ideal data,2,2
idealnet,2,2
idea maker,2,2
ideate,2,2
ideatech,2,2
ideavate,2,2
ideen,2,2
ident,2,2
identifai,2,2
identify security,2,2
identitech,2,2
identity digital,2,2
ideodigital,2,2
ideogram,2,2
idev,2,2
ideveloper,2,2
idia,2,2
idid,2,2
idis,2,2
idkey,2,2
id mobile,2,2
idna,2,2
idoc,2,2
idocs,2,2
idox,2,2
idr,2,2
idreams,2,2
idss,2,2
idtek,2,2
idyam,2,2
ie,2,2
iec,2,2
iex,2,2
iexec,2,2
ifact,2,2
ifactory,2,2
ifcon,2,2
iff,2,2
ifit,2,2
iflex,2,2
ifm,2,2
iforce,2,2
iframe,2,2
if you can,2,2
igate,2,2
igc,2,2
igen networks,2,2
igi,2,2
ignitec,2,2
ignite marketing,2,2
ignus,2,2
ignyte,2,2
igolf,2,2
igor,2,2
igrow,2,2
igsa,2,2
igs international,2,2
iguazu,2,2
iguru,2,2
ihl consulting,2,2
ihm,2,2
ihorse,2,2
ihub,2,2
iia,2,2
iib,2,2
iincore,2,2
iip,2,2
iis,2,2
iisolutions,2,2
iit,2,2
ika,2,2
ikan,2,2
ikas,2,2
iki,2,2
ikido,2,2
iknow,2,2
ikonik digital,2,2
ilabservice,2,2
ilc,2,2
ilead,2,2
ileo,2,2
ilex,2,2
iliad,2,2
ilife,2,2
ilios,2,2
ilios digital,2,2
illuma,2,2
illumia,2,2
illumin,2,2
illumina,2,2
illusions,2,2
ilo,2,2
ilobby,2,2
ilog,2,2
imagene,2,2
imagi,2,2
imagic,2,2
imaginative,2,2
imagine apps,2,2
imagine interactive,2,2
imaging,2,2
imagino,2,2
imai,2,2
imani,2,2
imark,2,2
imarketing,2,2
imas,2,2
imatrix,2,2
imbee,2,2
imbibe,2,2
imc,2,2
imdt,2,2
imedia it,2,2
imedical,2,2
imeta,2,2
imgn,2,2
imgt,2,2
imin,2,2
imina,2,2
imind,2,2
imitec,2,2
imlabs,2,2
iml robot,2,2
immaculate,2,2
immensive,2,2
immergo,2,2
immersed,2,2
immersely,2,2
immersio,2,2
immersion,2,2
immersiv,2,2
immersive fox,2,2
immersive reality,2,2
immersive robotics,2,2
immerss,2,2
immix,2,2
immunis,2,2
immunomind,2,2
imnext,2,2
imo,2,2
imonitor,2,2
imotion,2,2
imove,2,2
imp,2,2
impact alliance,2,2
impact education,2,2
impact engineering,2,2
impactful,2,2
impact innovations,2,2
impactive,2,2
impactly,2,2
impact makers,2,2
impact payments,2,2
impact plus,2,2
impacx,2,2
impala,2,2
impart security,2,2
impel,2,2
imperative,2,2
imperia,2,2
imperial services,2,2
impervious,2,2
impianti,2,2
impli,2,2
implicit,2,2
implify,2,2
important,2,2
impossible,2,2
impossible things,2,2
impres,2,2
impression,2,2
impresso,2,2
imprimis,2,2
imprint analytics,2,2
impro,2,2
impronta,2,2
improveit,2,2
imptech,2,2
impulse digital,2,2
impulso digital,2,2
imr,2,2
imrsv data,2,2
imsight,2,2
imsolutions,2,2
imtc,2,2
imu,2,2
imv,2,2
imx,2,2
in2it,2,2
in3d,2,2
in8,2,2
inavant,2,2
inbalance,2,2
inbay,2,2
inbiogen,2,2
inbook,2,2
in box,2,2
inbusiness,2,2
inca,2,2
incal,2,2
incarnet,2,2
incedo,2,2
incend,2,2
incentives,2,2
incharge,2,2
inchem,2,2
incident management,2,2
incisive,2,2
inclined,2,2
incling,2,2
inclusio,2,2
inclusion,2,2
inco,2,2
incognito,2,2
incompass,2,2
incontrol,2,2
in creative,2,2
incremental,2,2
incubator,2,2
incyte,2,2
indaba,2,2
indac,2,2
indaflow,2,2
indas,2,2
indato,2,2
inde,2,2
indee,2,2
indeed,2,2
inden,2,2
independent forensics,2,2
indepth,2,2
indev,2,2
indic,2,2
indica,2,2
indicate,2,2
indicio,2,2
indicon,2,2
indicus,2,2
indigenous,2,2
indigit,2,2
indis,2,2
individual,2,2
indoor environmental,2,2
indorse,2,2
indpro,2,2
indsys,2,2
induction,2,2
indupro,2,2
industrial intelligence,2,2
industrial iot,2,2
industrial process,2,2
industrie,2,2
industrious,2,2
industrium,2,2
indutech,2,2
indx,2,2
indyco,2,2
ineat,2,2
ineffable,2,2
inetwork,2,2
inevitable,2,2
inevo,2,2
inex,2,2
inf,2,2
infarm,2,2
infection prevention,2,2
infeedo,2,2
infer,2,2
inference analytics,2,2
inficare,2,2
infigo,2,2
infima,2,2
infind,2,2
infine,2,2
infinigence,2,2
infinigon,2,2
infinite consulting,2,2
infinite options,2,2
infinite power,2,2
infinitive,2,2
infinito,2,2
infinity business,2,2
infinity digital,2,2
infinity games,2,2
infinity integrated,2,2
infinity it,2,2
infinity loop,2,2
infinity services,2,2
infinyon,2,2
infis,2,2
infitech,2,2
infix,2,2
inflexion,2,2
influencer,2,2
infobiz,2,2
infoboss,2,2
infobot,2,2
infobuild,2,2
infobuilder,2,2
infocar,2,2
infocepts,2,2
infocon,2,2
infocouncil,2,2
infocrunch,2,2
infodata,2,2
infodrive,2,2
infogami,2,2
infogest,2,2
infoguard,2,2
infoline,2,2
infologix,2,2
infomatics,2,2
infomedia,2,2
infomind,2,2
infominds,2,2
infomine,2,2
infonex,2,2
info next,2,2
infopad,2,2
infopoint,2,2
infopolis,2,2
infoq,2,2
inforce,2,2
inform,2,2
informatech,2,2
informatik,2,2
information factory,2,2
information management institute,2,2
information management services,2,2
information workers,2,2
informatiques,2,2
informed k12,2,2
infosense,2,2
infoser,2,2
infoserv,2,2
infoset,2,2
infosmart,2,2
infosol,2,2
info solution,2,2
infosourcing,2,2
infospan,2,2
infosquare,2,2
infostellar,2,2
infostrategy,2,2
info-sys,2,2
infosystem,2,2
infotic,2,2
infotopics,2,2
infovision,2,2
infpro it,2,2
infrablok,2,2
infracloud,2,2
infranet,2,2
infraplus,2,2
infrared,2,2
infrascan,2,2
infrasight,2,2
infrastack,2,2
infrastructure services,2,2
infrasys,2,2
infrazone,2,2
infron,2,2
ing,2,2
ingate,2,2
ingen,2,2
ingen dynamics,2,2
ingenieria,2,2
ingenieros,2,2
ingenious it,2,2
ingenis consulting,2,2
ingenium education,2,2
ingenuous,2,2
ingeo,2,2
inginia,2,2
ingot,2,2
ingrain,2,2
ingram,2,2
ingress it,2,2
inhabit,2,2
inhands,2,2
inherent,2,2
in-house health,2,2
ini,2,2
inicia,2,2
inicio,2,2
inilabs,2,2
inin,2,2
initial it,2,2
initium,2,2
inits,2,2
inix,2,2
inizio,2,2
ink agency,2,2
inkah,2,2
inka marketing,2,2
ink cloud,2,2
inkdrop,2,2
inklusion,2,2
inkrement,2,2
ink web,2,2
inkwire,2,2
inlab,2,2
inletware,2,2
inlevel,2,2
inlike,2,2
inlinks,2,2
inlogic,2,2
inloop,2,2
inmed,2,2
inmedia,2,2
inmold,2,2
inmotion,2,2
innate,2,2
inner,2,2
inner circle,2,2
innercircle,2,2
innerview,2,2
innoactive,2,2
inno bioscience,2,2
innobox,2,2
innocore,2,2
innofactory,2,2
innoforce,2,2
innogration,2,2
innologic,2,2
innolution,2,2
innonation,2,2
innophase,2,2
innoppl,2,2
innos,2,2
innoscale,2,2
innoscience,2,2
innosec,2,2
innosense,2,2
innosphere,2,2
innotix,2,2
innov,2,2
innov8,2,2
innova digital,2,2
innovae,2,2
innova health,2,2
innovanet,2,2
innovant,2,2
innova partners,2,2
innovar,2,2
innovary,2,2
innovasoft,2,2
innovatecno,2,2
innovati,2,2
innovating,2,2
innovation360,2,2
innovation city,2,2
innovation farm,2,2
innovation it,2,2
innovation works,2,2
innovatiq,2,2
innovatis,2,2
innovative advanced,2,2
innovative billing,2,2
innovative card,2,2
innovative design,2,2
innovative digital,2,2
innovative healthcare,2,2
innovative india,2,2
innovative integration,2,2
innovative international,2,2
innovative tool,2,2
innovative web,2,2
innovature,2,2
innovatus,2,2
innove,2,2
innoventa,2,2
innovic,2,2
innoview,2,2
innoviz,2,2
innovo consulting,2,2
innovo tecnologia,2,2
innovo therapeutics,2,2
innovum,2,2
innovus,2,2
innoware,2,2
innowate,2,2
innoweb,2,2
inoa,2,2
inochem,2,2
inode,2,2
inodev,2,2
inopla,2,2
inorbit,2,2
inossem,2,2
inotech,2,2
in out,2,2
inov,2,2
inova,2,2
inovar,2,2
inovex,2,2
inovi,2,2
inpass,2,2
inpay,2,2
inphlu,2,2
inproject,2,2
inpulse,2,2
input,2,2
inq,2,2
inrange,2,2
inreach,2,2
inscribe,2,2
inscripta,2,2
inshorts,2,2
inside app,2,2
insider,2,2
insiders,2,2
insight360,2,2
insight automation,2,2
insight data science,2,2
insight environmental,2,2
insighter,2,2
insighting,2,2
insight it,2,2
insight marketing,2,2
insightt,2,2
insiteful,2,2
insites,2,2
insomnia,2,2
insotec,2,2
insource,2,2
inspari,2,2
inspark,2,2
inspectify,2,2
inspection,2,2
inspector,2,2
inspectral,2,2
insphere,2,2
inspir,2,2
inspiration,2,2
inspirion operation,2,2
inspirit,2,2
insquad,2,2
insrv,2,2
instacare,2,2
instacash,2,2
instacom,2,2
instadata,2,2
instant access,2,2
instant biologics,2,2
instar,2,2
instatech,2,2
instawash,2,2
instech,2,2
instep,2,2
instigo,2,2
instil,2,2
instill,2,2
instituto marketing,2,2
instnt,2,2
insto,2,2
instruct,2,2
insultec,2,2
insupport,2,2
insurex,2,2
insurgo,2,2
intac,2,2
intake,2,2
intale,2,2
intalk,2,2
intap,2,2
intech international,2,2
intect,2,2
integr8ed,2,2
integra global,2,2
integrait,2,2
integral consulting,2,2
integral media,2,2
integra micro services,2,2
integranet,2,2
integratech,2,2
integrated computer,2,2
integrated control,2,2
integrated health,2,2
integrated information,2,2
integrated international,2,2
integrated monitoring,2,2
integrated networks,2,2
integrated project management,2,2
integrate it,2,2
integre,2,2
integrisys,2,2
integrity business,2,2
integrity consultants,2,2
integrity diagnostics,2,2
integrity first,2,2
integrity it,2,2
integrity networks,2,2
integrity partners,2,2
integrity services,2,2
integro,2,2
intek,2,2
intel,2,2
intela,2,2
inteldata,2,2
intelics,2,2
intelis,2,2
intelix,2,2
intella,2,2
intellectia,2,2
intellection,2,2
intellekt,2,2
intellica,2,2
intellicom,2,2
intellicore,2,2
intellidata,2,2
intelligems,2,2
intelligent business,2,2
intelligent company,2,2
intelligent data,2,2
intelligent gaming,2,2
intelligenti,2,2
intelligent integration,2,2
intelligent machines,2,2
intelligent material,2,2
intelligent networks,2,2
intelligent retail,2,2
intelligent robotics,2,2
intelligenz,2,2
intelligic,2,2
intelligis,2,2
intellion,2,2
intellique,2,2
intellishift,2,2
intellismart,2,2
intellisolutions,2,2
intellium,2,2
intellytics,2,2
intelpro,2,2
intelup,2,2
intelus,2,2
intempo,2,2
intend,2,2
intenda,2,2
intensel,2,2
intensity,2,2
intensity global,2,2
intentify,2,2
intention,2,2
intento,2,2
inteo,2,2
intera,2,2
interactio,2,2
interaction,2,2
interactiv,2,2
interactive health,2,2
interactive media,2,2
interactive studio,2,2
interad,2,2
interaktiv,2,2
interall,2,2
interceptor,2,2
intercert,2,2
intercloud,2,2
interco,2,2
intercore,2,2
intercraft,2,2
interfast,2,2
interfuze,2,2
interkey,2,2
interlace,2,2
interline,2,2
interlogic,2,2
interlogica,2,2
intermedia,2,2
intermesh,2,2
internal,2,2
international consulting,2,2
international consulting engineers,2,2
international management,2,2
international payment,2,2
international security,2,2
internet alliance,2,2
internet marketing,2,2
internetwork,2,2
interopera,2,2
interpret,2,2
interpro,2,2
intersight,2,2
inter smart,2,2
intersmart,2,2
intersys,2,2
intertec,2,2
intertech,2,2
interview,2,2
intervista,2,2
interzone,2,2
in the cloud,2,2
intic,2,2
intmax,2,2
into,2,2
intoto,2,2
intract,2,2
intradev,2,2
intranet,2,2
intranote,2,2
intrasoft,2,2
intrasys,2,2
intravision,2,2
intrface,2,2
intricare,2,2
introduction,2,2
intros,2,2
introspect,2,2
introtech,2,2
intruder,2,2
intsig,2,2
intterra,2,2
intueri,2,2
intui,2,2
intuio,2,2
intuition,2,2
intuition it,2,2
intuitive it,2,2
intuitive networks,2,2
intuitivo,2,2
intus,2,2
intventures,2,2
inuits,2,2
inunison,2,2
inuru,2,2
invariant,2,2
invector,2,2
invemo,2,2
invenia,2,2
invenio,2,2
inventic,2,2
inventions,2,2
inventit,2,2
inventiv,2,2
inventivo,2,2
inventory,2,2
inventum,2,2
inverness,2,2
inverse,2,2
invert,2,2
inverted,2,2
invest,2,2
investment,2,2
investment casting,2,2
investmind,2,2
investo,2,2
investorai,2,2
investory,2,2
invia,2,2
invicta it,2,2
invio,2,2
invites,2,2
invotec,2,2
inw,2,2
inward,2,2
inware,2,2
inway,2,2
inx,2,2
iob,2,2
iobit,2,2
iol,2,2
iomniscient,2,2
ion center,2,2
ionesoft,2,2
ion information,2,2
ionize,2,2
ionline,2,2
ionsoft,2,2
ionx,2,2
ioon,2,2
iop,2,2
iopen,2,2
iosoft,2,2
iosys,2,2
iotap,2,2
iotec,2,2
iotera,2,2
iot factory,2,2
iotify,2,2
iotiq,2,2
iotix,2,2
iot research,2,2
iox,2,2
ipay ua,2,2
ip communications,2,2
ipd,2,2
ipe,2,2
ipem,2,2
ipex,2,2
ip exchange,2,2
iphouse,2,2
ipin,2,2
ipivot,2,2
ipkol,2,2
iplace,2,2
iplanner,2,2
iplant,2,2
iplogic,2,2
ipm,2,2
ipoint,2,2
ipp,2,2
ippon,2,2
ipr,2,2
iproject,2,2
ipsb,2,2
ipsecure,2,2
ipsg,2,2
ipsi,2,2
ipsofacto,2,2
ipss,2,2
ipsum,2,2
ipsystems,2,2
ipt,2,2
ip telecom,2,2
ip ventures,2,2
ipw,2,2
iqm,2,2
iqra,2,2
iqs,2,2
iqsoft,2,2
iqual,2,2
iquasar,2,2
iqube,2,2
ique,2,2
irent,2,2
ires,2,2
irevu,2,2
iring,2,2
iris automation,2,2
irisiome,2,2
irismed,2,2
iris network,2,2
iroc,2,2
irocket,2,2
irodori,2,2
iroid,2,2
ironbridge,2,2
ironcore,2,2
iron leap,2,2
ironone,2,2
irontek,2,2
ironx,2,2
irun,2,2
irvine,2,2
is3,2,2
is4u,2,2
isabel,2,2
isabl,2,2
isales,2,2
iscape,2,2
isc consulting,2,2
isc development,2,2
is consulting,2,2
iscrip,2,2
iscs,2,2
iseechange,2,2
isense,2,2
isentech,2,2
iservice,2,2
iservices,2,2
ises,2,2
is global,2,2
ishift,2,2
isidore,2,2
isigma,2,2
isip,2,2
isky,2,2
isla,2,2
islay,2,2
ismart,2,2
ismedia,2,2
ismo,2,2
isms,2,2
isn,2,2
isoflex,2,2
isoft,2,2
isol,2,2
isolta,2,2
isomorphic,2,2
isos,2,2
isoskele,2,2
isosoft,2,2
isotope,2,2
isotropic,2,2
ispheres,2,2
istari,2,2
istesso,2,2
istorage,2,2
isys,2,2
it1,2,2
it2s,2,2
it2u,2,2
it3,2,2
it4e,2,2
it4u,2,2
it7,2,2
itac,2,2
itad,2,2
itag,2,2
itago,2,2
italents,2,2
italic,2,2
it anywhere,2,2
itarget,2,2
it automation,2,2
it biz,2,2
itboom,2,2
itbox,2,2
it-brain,2,2
itbs,2,2
itbusiness,2,2
it capital,2,2
it career,2,2
itcares,2,2
itch,2,2
itcomm,2,2
itcompany,2,2
it-connect,2,2
it consortium,2,2
it consulting services,2,2
it core,2,2
itcraft,2,2
itc service,2,2
itcube,2,2
it desk,2,2
it dev,2,2
it direct,2,2
itds,2,2
ite,2,2
itech solution,2,2
itego,2,2
itegrity,2,2
itelligent,2,2
itema,2,2
it engineering,2,2
iterait,2,2
iterativ,2,2
iterators,2,2
iteria,2,2
iternal,2,2
iternity,2,2
iterum,2,2
itesys,2,2
it experts,2,2
it farm,2,2
it focus,2,2
it for business,2,2
itforce,2,2
itfox,2,2
it geek,2,2
itgen,2,2
it genie,2,2
it global,2,2
itgroup,2,2
itguys,2,2
it hero,2,2
ithink,2,2
it horizons,2,2
it hospitality,2,2
it house,2,2
ithree,2,2
itic,2,2
itinera,2,2
itineris,2,2
it institute,2,2
it integrity,2,2
itiology,2,2
itive,2,2
itl,2,2
itlab,2,2
it leaders,2,2
it maker,2,2
it marketing,2,2
itmatic,2,2
itmation,2,2
it matters,2,2
itme,2,2
it medical,2,2
itmind,2,2
it net,2,2
itnet,2,2
itnext,2,2
itnow,2,2
itoi,2,2
it one,2,2
itone,2,2
itool,2,2
itools,2,2
itpa,2,2
it performance,2,2
itplace,2,2
it productivity,2,2
itrack,2,2
itreat,2,2
itrend,2,2
it resource center,2,2
itronix solution,2,2
itsb,2,2
its brasil,2,2
itsc,2,2
it-security,2,2
it sense,2,2
itsense,2,2
itservice,2,2
its global,2,2
itsimple,2,2
it smart,2,2
itsme,2,2
it specialist,2,2
itsupport,2,2
it svit,2,2
it talents,2,2
ittaro,2,2
it team,2,2
ittel,2,2
it telecom,2,2
it to go,2,2
itvantage,2,2
it-venture,2,2
itwerx,2,2
it world,2,2
itz,2,2
iugo,2,2
ium,2,2
iungo,2,2
ivado,2,2
ivaldi,2,2
ivas,2,2
ivec,2,2
iverify,2,2
ivis,2,2
ivisual,2,2
ivm,2,2
ivolution,2,2
ivp,2,2
ivr,2,2
ivry,2,2
ivy works,2,2
iw,2,2
iway,2,2
iwebyou,2,2
iwg,2,2
iwire,2,2
iwos,2,2
ixd,2,2
ixion,2,2
ixon,2,2
ixora,2,2
iy,2,2
izee,2,2
izen,2,2
j2,2,2
j3,2,2
jack,2,2
jadechem,2,2
jadu,2,2
jag,2,2
jago,2,2
jaguar,2,2
jaipur robotics,2,2
jak,2,2
jambo,2,2
jammable,2,2
jampack,2,2
jamzone,2,2
jan,2,2
janta,2,2
janus,2,2
jara,2,2
jas,2,2
jasp,2,2
jasper it,2,2
javelin,2,2
jay,2,2
jayjay,2,2
jb analytics,2,2
jbi,2,2
jbit,2,2
jbs,2,2
jco,2,2
jcs,2,2
jdi,2,2
jdr,2,2
jds,2,2
jd services,2,2
je,2,2
ject,2,2
jeeny,2,2
jeff,2,2
jelou,2,2
jena,2,2
jenesys,2,2
jera,2,2
jet aerospace,2,2
jet engine,2,2
jethro,2,2
jetlearn,2,2
jeton,2,2
jetpack,2,2
jex,2,2
jfactory,2,2
jgp,2,2
ji,2,2
jiatai laser,2,2
jib,2,2
jibble,2,2
jiff,2,2
jig analytics,2,2
jigso,2,2
jikken,2,2
jilt,2,2
jimmy,2,2
jimmyweb,2,2
jimu,2,2
jinjer,2,2
jinn,2,2
jintech,2,2
jisuyun,2,2
jito,2,2
jitsu,2,2
jive,2,2
jk,2,2
jkm,2,2
jlm,2,2
jmarketing,2,2
jmc,2,2
jmg,2,2
jmh,2,2
jmi,2,2
jml,2,2
jmr,2,2
jms,2,2
jmv,2,2
jnc,2,2
jnext,2,2
jnl,2,2
job,2,2
jobcloud,2,2
jobify,2,2
jobis,2,2
jobjob,2,2
jobmap,2,2
jobsquare,2,2
jobtailor,2,2
jobtech,2,2
joey,2,2
joggle,2,2
joho,2,2
joie,2,2
join digital,2,2
joinedapp,2,2
joint,2,2
jollity,2,2
joomla,2,2
joon,2,2
joon health,2,2
jop,2,2
jora,2,2
jordan,2,2
jorson,2,2
jos,2,2
jota,2,2
joule,2,2
journal,2,2
journease,2,2
journee,2,2
journl,2,2
joyme,2,2
joynt,2,2
joyo,2,2
joyous,2,2
joyride,2,2
jpg designs,2,2
jpi,2,2
jq,2,2
jra,2,2
jrny,2,2
jrtec,2,2
jrtech,2,2
jsoft,2,2
jtc,2,2
jtg,2,2
jts,2,2
jubi,2,2
jublo,2,2
juce,2,2
juconn,2,2
judi,2,2
judo,2,2
jugemu,2,2
juggernaut,2,2
juice creative,2,2
juiced media,2,2
juke,2,2
jules,2,2
juliette,2,2
jumble,2,2
jumia,2,2
jumpgate,2,2
jumpr,2,2
jumpstarter,2,2
jumpstartninja,2,2
jumpwire,2,2
juna,2,2
jung,2,2
jungle digital games,2,2
junior consulting,2,2
juniper,2,2
junta,2,2
junto,2,2
junxion,2,2
jupe,2,2
jupiter it,2,2
jura,2,2
jurny,2,2
justaccounts,2,2
just add,2,2
justai,2,2
justcode,2,2
justek,2,2
just engineering,2,2
justgo,2,2
justice,2,2
justicetext,2,2
justly,2,2
just me,2,2
justpaid,2,2
justplay,2,2
just pointblank,2,2
just right,2,2
justsnap,2,2
justus,2,2
justworks,2,2
justy,2,2
juvo,2,2
juxta,2,2
jvj,2,2
jvsoft,2,2
jxj,2,2
jxt,2,2
jzz,2,2
k2b,2,2
k2 communications,2,2
k2x,2,2
k3 business,2,2
kaana,2,2
kaboom,2,2
kace,2,2
kada,2,2
kadabra,2,2
kadam,2,2
kadro,2,2
kagera,2,2
kaha,2,2
kahani,2,2
kahootz,2,2
kaiburr,2,2
kaiju,2,2
kaiku,2,2
kainos,2,2
kaios,2,2
kairios,2,2
kaiser,2,2
kaitong,2,2
kaiyun,2,2
kaizen agency,2,2
kaizen engineering,2,2
kakao,2,2
kaleido,2,2
kaleidos,2,2
kalkul,2,2
kalm,2,2
kameleon,2,2
kami,2,2
kamon,2,2
kamp,2,2
kanari,2,2
kanata,2,2
kanban,2,2
kanda,2,2
kango,2,2
kani,2,2
kano,2,2
kansai paint,2,2
kanso,2,2
kantena,2,2
kanto,2,2
kanu,2,2
kaon,2,2
kap,2,2
kapacity,2,2
kapital,2,2
kapstone,2,2
kar,2,2
karakuri,2,2
karate,2,2
kard,2,2
kardi,2,2
kardinal,2,2
kare,2,2
kare mobile,2,2
kargo,2,2
kariz,2,2
karo,2,2
karoo,2,2
karrot,2,2
karsa,2,2
karuna,2,2
karus,2,2
kas,2,2
kasa,2,2
kasaba,2,2
kash,2,2
kashoo,2,2
kasi,2,2
kassa,2,2
kaster,2,2
katalix,2,2
katana1,2,2
kate,2,2
kava,2,2
kavayah,2,2
kay,2,2
kaya,2,2
kazap,2,2
kbc,2,2
kbd,2,2
kbk,2,2
kc,2,2
kcm consulting,2,2
kdesign,2,2
kdm,2,2
ke,2,2
kedeon,2,2
keel,2,2
keener,2,2
keen games,2,2
keenvision,2,2
keepflying,2,2
keepnet,2,2
keepup,2,2
keepy,2,2
keepz,2,2
keer,2,2
keet,2,2
keia,2,2
kells,2,2
kelpi,2,2
kemsoft,2,2
kemtech,2,2
kena,2,2
kenekt,2,2
kenlo,2,2
kennedy,2,2
kennek,2,2
kenova,2,2
kensai,2,2
kensium,2,2
kent,2,2
kentech,2,2
kentico,2,2
keos,2,2
keraderm,2,2
kerb,2,2
kernl,2,2
kesem,2,2
keshav infotech,2,2
kesi,2,2
keta,2,2
ketch,2,2
kettle,2,2
kevala,2,2
kew,2,2
key4events,2,2
keydata,2,2
