raw_name,canonical_name,domain,ai,sim,exact_after_norm,ai_marker_asymmetry
Apollo.io,Apollo,apollographql.com,True,1.0,True,False
Instant,Instant Labs,instant.ca,,1.0,True,False
Flower,FLOWER CO.,flowercompany.com,True,1.0,True,False
Letter AI,Letter,letter.co,True,1.0,True,True
Vango AI,VanGo,ridevango.com,True,1.0,True,True
Focal,Focal Systems,focal.systems,True,1.0,True,False
Upsolve AI,Upsolve,upsolve.org,True,1.0,True,True
Haystack Software,Haystack,usehaystack.io,True,1.0,True,False
Butter,Butter Systems,buttersystems.com,True,1.0,True,False
Axiom,Axiom.ai,axiom.ai,True,1.0,True,True
Leaping AI,Leaping,leaping.io,True,1.0,True,True
Bizzy AI,Bizzy,bizzy.io,True,1.0,True,True
Autumn,Autumn Labs,autumnlabs.io,True,1.0,True,False
Canary,Canary Technologies,canarytechnologies.com,True,1.0,True,False
Apollo.io,Apollo,apollographql.com,True,1.0,True,False
Zinc Platform,Zinc,zinc.com,True,1.0,True,False
Compose.ai,Compose,mongohq.com,True,1.0,True,True
Uiflow,BitSample,ycombinator.com,,0.2666666666666667,False,False
Squire.ai,Squire Technologies,getsquire.com,True,1.0,True,True
Ziina Inc.,Ziina,ziina.com,,1.0,True,False
Raven,Raven Tech,raventech.com,True,1.0,True,False
Paragon AI,Paragon,useparagon.com,True,1.0,True,True
Instant,Instant Labs,instant.ca,,1.0,True,False
Flower,FLOWER CO.,flowercompany.com,True,1.0,True,False
Cardinal,Leafpress,trycardinal.ai,True,0.23529411764705888,False,False
Vango AI,VanGo,ridevango.com,True,1.0,True,True
K-Scale Labs,Scale AI,scale.com,True,1.0,True,True
Haystack Software,Haystack,usehaystack.io,True,1.0,True,False
Axiom,Axiom.ai,axiom.ai,True,1.0,True,True
Leaping AI,Leaping,leaping.io,True,1.0,True,True
Lilac,Lilac Labs,drive-thru.ai,True,1.0,True,False
Canary,Canary Technologies,canarytechnologies.com,True,1.0,True,False
Remy AI,Remy,startremy.com,True,1.0,True,True
Robby,Robby Technologies,robby.io,True,1.0,True,False
Autumn AI,Autumn Labs,autumnlabs.io,True,1.0,True,True
"Atmo, Inc.",Atmo,atmo.ai,True,1.0,True,False
"HypaHub, Inc.",HypaHub,hypahub.com,True,1.0,True,False
Ocular Technologies,Ocular AI,useocular.com,True,1.0,True,True
Centaur Labs,Centaur,centaur.ai,True,1.0,True,False
Minoca OS,Minoca,minocacorp.com,,0.8,False,False
Bright Labs,Bright,thinkbright.mx,False,1.0,True,False
Blink Last Mile,Blink,blinklastmile.com,True,0.5,False,False
Open Labs,Open,open.cx,True,1.0,True,False
Nautilus Labs,Nautilus,nautilus.co,True,1.0,True,False
Matter.io,Matter,getmatter.app,,1.0,True,False
Koala.,Koala,teachwithkoala.com,True,1.0,True,False
Sweep Inc.,Sweep,sweep.dev,True,1.0,True,False
Daedalus Technologies,Daedalus,daedalus.de,True,1.0,True,False
Canopy,Canopy Labs,canopylabs.com,True,1.0,True,False
Bild.,Bild AI,bild.ai,True,1.0,True,True
Speak Ai,Speak,speak.com,True,1.0,True,True
TARA,Tara AI,tara.ai,True,1.0,True,True
Parker.,Parker,getparker.com,,1.0,True,False
Rally AI,Rally,rally.video,True,1.0,True,True
Poly Platform,Poly,poly.app,True,1.0,True,False
Dev.f,co.dev,co.dev,True,1.0,True,False
Axiom AI,Axiom.ai,axiom.ai,True,1.0,True,False
Type W,Type,type.ai,True,1.0,True,False
Hosta,Hosta a.i.,hosta.ai,True,1.0,True,False
Sync,sync.,sync.so,True,1.0,True,False
Co-Tasker,Tasker AI,tasker.ai,True,1.0,True,True
Lenco Technologies,Lenco,lenco.co,,1.0,True,False
Kura Technologies,Kura AI,trykura.com,True,1.0,True,True
Spiral,Spiral Technology,spiral.technology,True,1.0,True,False
Flow.ai,Flow,enterflow.app,True,1.0,True,True
Mona,Mona Labs,monaventures.co,True,1.0,True,False
Superpowered,Superpowered AI,superpowered.ai,True,1.0,True,True
Prism,Prism Labs,prismmoney.com,False,1.0,True,False
AVENIR TECH,Avenir Labs,joinavenir.com,True,1.0,True,False
Mica,Mica AI,usemica.com,True,1.0,True,True
Pulse Labs,Pulse,getpulse.care,True,1.0,True,False
Mine'd,Mine,usemine.com,True,1.0,True,False
Pillar Technologies,Pillar,pillar.io,True,1.0,True,False
Olive Technologies,Olive,fromolive.com,True,1.0,True,False
Slope Software,Slope,slopepay.com,True,1.0,True,False
Liquid,Liquid.,getliquid.ai,True,1.0,True,False
Bild,Bild AI,bild.ai,True,1.0,True,True
LayUp Technologies,Layup,layuplabs.ai,True,1.0,True,False
Liv,Liv Labs,livlabsfitness.com,,1.0,True,False
Warmly,"Warmly,",warmly.ai,True,1.0,True,False
Vector.ai,Vector,vector.co,True,1.0,True,True
Branch,Branch AI,branch-ai.com,True,1.0,True,True
Twelve,Twelve Labs,twelvelabs.io,True,1.0,True,False
MedTrans Go,Microforge,medtransgo.com,True,0.19047619047619047,False,False
Kinetic,Logos AI,hoplynk.com,True,0.0,False,True
Hoplynk,Logos AI,hoplynk.com,True,0.16666666666666663,False,True
Baku,Bernay,projectbaku.com,True,0.4,False,False
"Virgil Data, Inc.","Virgil Data, Inc. v3",virgildata.com,True,0.88,False,False
"SoranoAI, Inc.",SoranoAI,sorano.co,True,1.0,True,False
Reforge Robotics,Resnovas Therapeutics,reforgerobotics.com,False,0.4864864864864865,False,False
TeachFX,Alease,teachfx.com,True,0.3076923076923077,False,False
Plum Labs,Plum,aplum.com,,1.0,True,False
SafeBeat Rx Inc.,SafeBeat,safebeat.com,True,0.8421052631578947,False,False
AI Camp Incorporated,Camp,nouns.camp,,1.0,True,True
DeepSim,"DeepSim, Inc.",deepsim.io,True,1.0,True,False
Pareto,Pareto Labs,hellopareto.com,True,1.0,True,False
Atomic AI,Atomic,atomicvest.com,True,1.0,True,True
Ora,Ora AI,oraai.com,True,1.0,True,True
Canopy,Canopy Labs,canopylabs.com,True,1.0,True,False
"Optery, Inc.",Optery,optery.com,,1.0,True,False
"FlutterFlow, Inc.",FlutterFlow,flutterflow.io,,1.0,True,False
Index Software,Index,index.io,False,1.0,True,False
Slang.ai,Slang,slang.ai,True,1.0,True,True
Biodock AI,Biodock,biodock.ai,True,1.0,True,True
Clara,Clara Labs,claralabs.com,True,1.0,True,False
Delee Corp,Delee,delee.co,True,1.0,True,False
"GEn1E Lifesciences, Inc.",GEn1E Lifesciences,gen1e.com,True,1.0,True,False
"Clear Gene, Inc.",Clear Gene,cleargene.com,True,1.0,True,False
"Tappity, Inc.",Tappity,tappityapp.com,,1.0,True,False
"Level 5 Labs, Inc.",Level,trylevel.app,False,1.0,True,False
Awair,Bitfinder,getawair.com,,0.2857142857142857,False,False
FEM Inc.,FEM,fem-inc.com,True,1.0,True,False
Hingeto Company,Hingeto,hingeto.com,False,0.6363636363636364,False,False
Hepatx Corporation,Hepatx,hepatx.com,True,1.0,True,False
"Mattermost, Inc.",Mattermost,mattermost.com,,1.0,True,False
Maderight Co.,Maderight,maderight.com,,1.0,True,False
Boosted Boards,Boosted,boostedboards.com,False,0.6666666666666667,False,False
Lark Technologies,Lark,getlark.ai,True,1.0,True,False
Arbo,Arbo Technologies,arbohq.com,,1.0,True,False
Clubfolio,Group B Labs,linkedin.com,True,0.0,False,False
CredKin,InstaKin,instakin.com,False,0.4,False,False
Flair,Flair Labs,flairlabs.ai,True,1.0,True,False
Fractal Technology,Fractal Labs,fractal-labs.gg,True,1.0,True,False
Hero Labs,Hero,herocircle.app,True,1.0,True,False
KARDA,"KARDA, Inc",kardanalytics.com,True,1.0,True,False
SAMMY,SAMMY Labs,sammylabs.com,True,1.0,True,False
Sonar Labs,Sonar,sonar.app,,1.0,True,False
Spruce,Spruce Labs,sprucelabs.ai,True,1.0,True,False
Stairs,Stairs Financial,stairsfinancial.com,,0.5454545454545454,False,False
Sync Technologies,sync.,sync.so,True,1.0,True,False
Tactiq (US),Tactiq,tactiq.io,True,0.8,False,False
TrillionSale (formerly Zealth-AI),Zealth,zealth-ai.com,True,0.3529411764705882,False,False
Zeph Technologies,Zeph,zephbreath.com,True,1.0,True,False
Aware.ai,Aware,awarelabs.xyz,True,1.0,True,True
Axle Technologies,Axle,axle.insure,True,1.0,True,False
Invert Inc.,Invert,invertbio.com,True,1.0,True,False
Kuna,Kuna Systems,getkuna.com,False,1.0,True,False
Kura,Kura AI,trykura.com,True,1.0,True,True
Mona,Mona Labs,monaventures.co,True,1.0,True,False
"Nabla Bio, Inc.",Nabla Bio,nabla.bio,True,1.0,True,False
Omni | X,Omni,addomni.com,True,1.0,True,False
Patient First AI,Patient First.AI,patientfirstai.com,True,1.0,True,False
Promakhos Therapeutics Inc.,Promakhos Therapeutics,promakhos.com,,1.0,True,False
"Refine Technologies, Inc.",refine,refine.dev,True,1.0,True,False
Sole 1,D.Sole,d-sole.com,True,1.0,True,False
R.grid,Grid,buildwithgrid.com,,1.0,True,False
Noah Labs,Noah,patchhomes.com,,1.0,True,False
Untap,Untap Technologies,untapcompete.com,,1.0,True,False
Multiply,Multiply Labs,multiplylabs.com,True,1.0,True,False
Womp Labs,Womp,womp.xyz,,1.0,True,False
Astronome,Astronome AI,astronome.ai,True,1.0,True,True
AI Motion,Motion,usemotion.com,True,1.0,True,True
Observe,Observe.AI,observe.ai,True,1.0,True,True
ATDev,Assistive Technolog...,assistivetech.dev,,0.25,False,False
Flux technology,Flux,paywithflux.com,,1.0,True,False
Forelight.ai (Ween.ai),Forelight.ai (ex-Ween),forelight.ai,True,0.5806451612903225,False,False
HDAX Therapeutics,Group B Labs,linkedin.com,True,0.0,False,False
Hermes Robotics Inc.,Hermes Robotics,hermes-robotics.com,True,1.0,True,False
Hyperspec.ai,Hyperspec AI,hyperspec.ai,True,1.0,True,False
InFLOWS AI,InFLOWS,inflows-ai.com,True,1.0,True,True
Kura Technologies,Kura AI,trykura.com,True,1.0,True,True
Ludwig Computing,HypO2Regen Therapeu...,ludwigcomputing.com,True,0.22857142857142854,False,False
Quasara,Sorted,webflow.io,True,0.3076923076923077,False,False
TeOra Pte Ltd,Teora,teora.life,,1.0,True,False
THEO,Theo AI,theoai.ai,True,1.0,True,True
Titan AI,Titan,titan.com,True,1.0,True,True
Traverse,Suiteness,suiteness.com,,0.3529411764705882,False,False
Waypoint AI,Waypoint,usewaypoint.com,True,1.0,True,True
Pace,Pace AI,paceup.com,True,1.0,True,True
Bloomsbury,Bloomsbury AI,bloomsbury.ai,True,1.0,True,True
DeepStream,DeepStream Technologies,deepstreamtech.com,True,1.0,True,False
NextStep,NextStep.io,nextstephq.com,True,1.0,True,False
Athlete+,Athlete,lifeathlete.co,True,1.0,True,False
"Zage, Inc.",Zage,tryzage.com,,1.0,True,False
"Allosense, Inc.",Allosense,allosense.com,True,1.0,True,False
Orbital Arc Corporation,Orbital Arc,orbitalarc.com,False,1.0,True,False
Persona AI,Persona,personastudios.ai,True,1.0,True,True
PreFix Inc.,Prefix,prefixinc.com,,1.0,True,False
Rhythmm AI,Rhythmm,getrhythmm.com,True,1.0,True,True
"Safer Management, Inc.",Safer Management,safermgmt.com,True,1.0,True,False
ShipShape,Shipshape AI,shipshape.ai,True,1.0,True,True
Sigma Genetics Inc.,Sigma Genetics,sigmagenetics.com,,1.0,True,False
Talisman,Talisman+,gettalisman.com,True,1.0,True,False
Obviously.AI,Obviously,obviously.ai,True,1.0,True,True
Wedy AI,Wedy,wedyapp.com,True,1.0,True,True
Stitch,Stitch Technologies,stitch.tech,,1.0,True,False
wise.io,Wise Systems,wisesystems.com,True,1.0,True,False
"RageOn, Inc.",RageOn,rageon.com,,1.0,True,False
Sonnet Labs,Sonnet,sonnetai.com,True,1.0,True,False
PizzaBox,PizzaTech,pizzabox.ai,True,0.5882352941176471,False,False
Right Hear,Right  Hear,right-hear.com,True,1.0,True,False
Infer.so,Infer,infer.so,True,0.7692307692307692,False,False
Opencall,Opencall.ai,opencall.ai,True,1.0,True,True
allumbra,illumifyDx,illumifydx.com,True,0.4444444444444444,False,False
Elixir,Elixir AI,joinelixir.club,True,1.0,True,True
Harmonic,Harmonic.ai,harmonic.ai,True,1.0,True,True
Kobalt,Kobalt Labs,kobaltlabs.com,True,1.0,True,False
Cinnamon,Cinnamon AI,cinnamon.ai,True,1.0,True,True
Astral,Astral (Business/Productivity Software),astral.sh,False,0.3529411764705882,False,False
Recall,Recall.ai,recall.ai,True,1.0,True,True
Electroflow,Electroflow Technologies,eflowtech.com,False,1.0,True,False
Daybreak,Daybreak Health,daybreakhealth.com,,0.6956521739130435,False,False
Boom Supersonic,Boom,boomsupersonic.com,,0.42105263157894735,False,False
Brainbase,Brainbase Labs,brainbaselabs.com,True,1.0,True,False
Candid Co.,Candid,candidco.com,,1.0,True,False
Fabric Technologies,Fabric,fabric.me,,1.0,True,False
Fal.ai,Fal,fal.ai,True,1.0,True,True
Ginger,GINGER.IO,ginger.com,False,1.0,True,False
Graph AI,Graph,graph.finance,True,1.0,True,True
Life360,Life 360,life360.com,,0.5333333333333333,False,False
Modelcode,Modelcode AI,modelcode.ai,True,1.0,True,True
Newfront Insurance,Newfront,newfront.com,,0.6153846153846154,False,False
Cloud-based GIF editor to augment any video,gifs.com,gifs.com,True,0.23529411764705888,False,False
Oper,Oper Credits,opercredits.com,,0.5,False,False
OvaScience,Bebo,en.wikipedia.org,,0.1428571428571429,False,False
Cardiff NLP,EmpowerU,github.io,True,0.10526315789473684,False,False
Llava Hugging Face,RecordBook,google.com,True,0.0714285714285714,False,False
Red Hat AI,Red Hat,redhat.com,True,1.0,True,True
IBM Research,Storwize,ibm.com,True,0.19999999999999996,False,False
Stanford AIMI,Think Bulbs,stanford.edu,True,0.25,False,False
AI21,AI21 Labs,ai21.com,True,1.0,True,False
Ultravox.ai,Fixie ai,ultravox.ai,True,0.15384615384615385,False,False
ggml-org,Twitter,twitter.com,True,0.1333333333333333,False,False
Sesame,Sesame AI,sesame.com,True,1.0,True,True
NousResearch,Nous Research,nousresearch.com,True,0.96,False,False
Adept AI Labs,Adept,adept.ai,True,1.0,True,True
"ABEJA, Inc.",ABEJA,abejainc.com,True,1.0,True,False
Popapp,popapp.io,popapp.io,,1.0,True,False
superb,Superb AI,superb-ai.com,True,1.0,True,True
Applied-Innovation-Center,Group B Labs,linkedin.com,True,0.0,False,False
Useful Sensors Inc.,Moonshine AI,usefulsensors.com,True,0.26086956521739135,False,True
"Modular, Inc.",Modular,modular.com,True,1.0,True,False
UnfilteredAI,Buy Me a Coffee,buymeacoffee.com,True,0.31999999999999995,False,False
Rendu Biotechnology,Shanghai Rendu Biotechnology,rdbio.com,,0.8085106382978724,False,False
Sequoia DB,SequoiaDB,sequoiadb.com,,0.736842105263158,False,False
Xsky,XSKY Data Technology,xsky.com,,0.6153846153846154,False,False
You'A,"YOU Technology, Inc.",you.net,True,1.0,True,False
Yuanbao,YUANBAO TECH,yuanbaotech.cn,,1.0,True,False
Yunqi Technology,Yunqi,xyunqi.com,,1.0,True,False
ZaiLab,Zai Lab,zailaboratory.com,,0.6666666666666667,False,False
Zencore Biologics,Zhenge Biotech,zgbiotech.com,,0.5806451612903225,False,False
Zhihu Technology,Zhihu,zhihu.com,,1.0,True,False
Zhipu AI,Zhipu,zhipuai.cn,True,1.0,True,True
Drive.ai,Drive Software Solutions,drivesoftwaresolutions.com,True,1.0,True,True
Immune-Onc Therapeutics Inc.,Immune-Onc Therapeutics,immune-onc.com,,1.0,True,False
ZERO&,Zero,zero.app,,1.0,True,False
99.co,99 Technology,99wuxian.com,,1.0,True,False
Find Ai,FIND,myfind.ai,True,1.0,True,True
Perx,Perx Technologies,perxtech.com,True,1.0,True,False
Finverse,Finverse Technologies Limited,finverse.com,,1.0,True,False
Multiplier,Multiplier AI Solutions,multipliersolutions.com,True,1.0,True,True
Dashboard.io,Dashboard Technology,dashboardtechnology.co.uk,,1.0,True,False
The Yield Lab,The Yield,theyield.com,,1.0,True,False
layers,Layers Technology Group,layerstechgroup.com,True,1.0,True,False
Juno,JUNO Software Systems,juno.org.in,True,1.0,True,False
StrongRoom AI,Strongroom Solutions,strongroomsolutions.com,True,1.0,True,True
Inworld,Inworld AI,inworld.ai,True,1.0,True,True
Knox Systems,W&J Knox,wjknox.co.uk,True,1.0,True,False
Aitrasound Medical Group,Scolioscan,scolioscan.com,True,0.3571428571428571,False,False
Area28,Area28 Technologies,area28.io,,1.0,True,False
BioMed Technology Holdings Limited,BioMed Technology Holdings,biomed.hk,,1.0,True,False
Datago Technology,Datago Technology Limited,datago.com.hk,True,1.0,True,False
DayDayCook,DDC Enterprise,daydaycook.com,False,0.25,False,False
EchoX Technology,EchoX,echox.app,,1.0,True,False
Immuno Cure Holding Limited,Immuno Cure,immunocure.hk,,1.0,True,False
NEX Team Inc.,NEX (Entertainment Software),nex.inc,True,0.4,False,False
PanopticAI Limited,PanopticAI,panoptic.ai,True,1.0,True,False
Pokeguide Limited,Pokeguide,pokeguide.com,True,1.0,True,False
Preface,Preface AI,preface.ai,True,1.0,True,True
Quikec International,Quikec,quikec.com,True,0.4615384615384615,False,False
Rice Robotics,Rice Robotics Limited,ricerobotics.com,True,1.0,True,False
Yueshi Robot,Guangdong Shi Robot,ysjiqi.com,True,0.5806451612903225,False,False
C4U,C4U Corporation,crispr4u.jp,,1.0,True,False
SendCutSend,Parallel Web Systems,sequoiacap.com,True,0.17391304347826086,False,False
Blossom Health,Blossom (Clinics/Outpatient Services),joinblossomhealth.com,False,0.40816326530612246,False,False
Bite,Bite Technologies,bite.store,True,1.0,True,False
Hundun Labs,Hundun Technology,cstlcn.com,,1.0,True,False
Lorica,Lorica Solutions,loricasolutions.com,False,1.0,True,False
Perry AI,Perry,heyperry.com,True,1.0,True,True
Revo,Revo I.T.,revo-it.com,True,1.0,True,False
YoboLabs,YOBO,yobo.id,True,0.6666666666666667,False,False
Accolade,Accolade (Managed Care),accolade.com,True,0.5517241379310345,False,False
Air Space Intelligence,Airspace Intelligence,airspace-intelligence.com,,0.7441860465116279,False,False
Meridian,Meridian Lab,meridian-lab.com,,1.0,True,False
Aptos,Aptos Labs,aptoslabs.com,False,1.0,True,False
Aradigm,Aradigm (Enterprise Systems (Healthcare)),aradigmhealth.com,False,0.38888888888888884,False,False
Autograph.io,Autograph (Financial Software),autograph.io,False,0.6428571428571428,False,False
"Automatic Labs, Inc",Automatic,automatic.com,False,1.0,True,False
Babylon,Babylon Technology,babylontechnology.com,,1.0,True,False
Backbone Systems,Backbone,backbone.io,True,1.0,True,False
BBA Inc,Meldium,meldium.com,False,0.0,False,False
Beeps,Beeps (Communications and Networking),beeps.dev,False,0.25,False,False
Believer,The Believer Company,believer.gg,,0.5714285714285714,False,False
Braveheart,Braveheart Bio,braveheart.bio,False,0.8333333333333335,False,False
Flash Hoops,FlashHoops,flashhoops.com,True,0.9523809523809522,False,False
Forta Network,Forta Protocol000,forta.org,,0.5333333333333333,False,False
"Forte Labs, Inc.",Forte (Software Development Applications),forte.io,False,0.2857142857142857,False,False
Forward,Forward Networks,forwardnetworks.com,,0.6086956521739131,False,False
Freenome,Freenome Inc,freenome.com,True,1.0,True,False
Fusion I/O,Fusion,fusiongogo.com,,1.0,True,False
FWB,Friends With Benefits,fwb.help,False,0.16666666666666663,False,False
Gamma.app,Gamma,gamma.app,True,0.7142857142857143,False,False
Gate Bio,Gate Bioscience,gatebio.com,,0.6956521739130435,False,False
Genesis Molecular AI,Genesis Therapeutics,genesis.ml,True,0.5405405405405406,False,True
Infinitus,Infinitus Systems,infinitus.ai,True,1.0,True,False
Intrinsic,Intrinsic (cybersecurity),intrinsic.com,False,0.5625,False,False
Jito,Jito Labs,jito.wtf,,1.0,True,False
Julep,Julep Beauty,julep.com,False,0.5882352941176471,False,False
Kadabra,Kadabra Israel,kadabrainc.com,,0.6666666666666667,False,False
Kaizen Labs,Kaizen Technologies,kaizeninc.co,,1.0,True,False
Keybase.io,Keybase,keybase.io,False,1.0,True,False
Keycard,Keycard Labs,keycard.ai,True,1.0,True,False
Krea,Krea (Multimedia and Design Software),krea.ai,True,0.2666666666666667,False,False
Legend Labs,Legend (Financial Software),legend.xyz,False,0.5454545454545454,False,False
Levels Health,Levels (Monitoring Equipment),levels.com,False,0.44999999999999996,False,False
Lido Finance,Lido (Financial Software),lido.fi,False,0.8461538461538461,False,False
Lio,Lio (formerly askLio),lio.ai,True,0.2727272727272727,False,False
Lowkey.gg,Lowkey,lowkey.gg,False,0.8,False,False
"LTSE Services, Inc.",Long Term Stock Exchange,ltse.com,False,0.2702702702702703,False,False
Lyrebird.ai,Lyrebird,lyrebird.ai,True,1.0,True,True
Mana Bio,Mana.bio,mana.bio,True,1.0,True,False
Marker Learning,Marker (Educational Software),markerlearning.com,False,0.6666666666666667,False,False
Matter Labs,Matter,getmatter.app,,1.0,True,False
MEGA,Mega Software,mega-software.ch,,1.0,True,False
"Merkle Manufactory, Inc.",Farcaster,farcaster.xyz,,0.4444444444444444,False,False
Method,Method Financial,methodfi.com,False,0.5454545454545454,False,False
Mistral AI,Mistral AI_,mistral.ai,True,0.7777777777777779,False,False
Morpho,Morpho AI Solutions,morphoai.com,True,1.0,True,True
"Q Bio, Inc.",Q Bio,q.bio,,1.0,True,False
Rapid,Rapid (Software Development Applications),rapidapi.com,False,0.2857142857142857,False,False
Shizuku AI,Shizuku,shizuku.co.jp,True,1.0,True,True
Singularity 6,Singularity,thesingularity.network,,1.0,True,False
Sky,Sky.money,sky.money,True,0.5,False,False
Solana,Solana Systems,solanasystems.co.jp,,1.0,True,False
Spruce Systems,SpruceID,spruceid.com,,0.8571428571428572,False,False
"Stelo Labs, Inc.",Stelo Labs,stelolabs.com,,1.0,True,False
"SwayBrand, Inc.",SwayBrand,swaybrand.com,True,1.0,True,False
Viggle,Viggle AI,viggle.ai,True,1.0,True,True
Synapse,Synapse (Financial Software),synapsefi.com,False,0.5833333333333333,False,False
"Tally Labs, Inc.",Tally Labs,tallylabs.xyz,,1.0,True,False
Temporal,Temporal Technologies,temporal.io,,1.0,True,False
Tenex AI,TENEX.AI,tenex.ai,True,1.0,True,False
Theorycraft Games,Theorycraft,theorycraftgames.com,False,0.7857142857142857,False,False
Tidemark,Insightsoftware,insightsoftware.com,False,0.26086956521739135,False,False
Tmunity Therapeutics,Tmunity,tmunity.com,False,0.5185185185185186,False,False
Zinc Platform,Zinc,zinc.com,True,1.0,True,False
Compose.ai,Compose,mongohq.com,True,1.0,True,True
Swipe,Swipe Technologies,getswipe.com,True,1.0,True,False
Squire.ai,Squire Technologies,getsquire.com,True,1.0,True,True
Raven,Raven Tech,raventech.com,True,1.0,True,False
Paragon AI,Paragon,useparagon.com,True,1.0,True,True
Noya Software,Noya,noya.co,,1.0,True,False
K-Scale Labs,Scale AI,scale.com,True,1.0,True,True
David AI,David,shipdavid.com,True,1.0,True,True
Lilac,Lilac Labs,drive-thru.ai,True,1.0,True,False
Remy AI,Remy,startremy.com,True,1.0,True,True
Robby,Robby Technologies,robby.io,True,1.0,True,False
Traverse,Traverse Technologies,traverse.ai,True,1.0,True,False
Autumn AI,Autumn Labs,autumnlabs.io,True,1.0,True,True
Storyline,Product Hunt,producthunt.com,,0.19047619047619047,False,False
Kino,Kino AI,kino.ai,True,1.0,True,True
Swipe,Swipe Technologies,getswipe.com,True,1.0,True,False
TypeLess,FameGame,apple.com,True,0.25,False,False
Noya Software,Noya,noya.co,,1.0,True,False
Letter AI,Letter,letter.co,True,1.0,True,True
Focal,Focal Systems,focal.systems,True,1.0,True,False
Upsolve AI,Upsolve,upsolve.org,True,1.0,True,True
Dedalo AI,Dedalo,dedalo.ai,True,1.0,True,True
David AI,David,shipdavid.com,True,1.0,True,True
Deeli AI,Group B Labs,linkedin.com,True,0.0,False,True
Sage,Sage AI,sage-ai.dev,True,1.0,True,True
Butter,Butter Systems,buttersystems.com,True,1.0,True,False
Bizzy AI,Bizzy,bizzy.io,True,1.0,True,True
Autumn,Autumn Labs,autumnlabs.io,True,1.0,True,False
Traverse,Traverse Technologies,traverse.ai,True,1.0,True,False
Factor,Factor.io,factorhardware.com,True,1.0,True,False
Proven,Proven Group,provenskincare.com,True,1.0,True,False
Limber,Limber Technologies,limber.life,False,1.0,True,False
Exosonic,"Exosonic, Inc.",exosonic.com,,1.0,True,False
Weave.ai,Weave,getweave.com,True,1.0,True,True
Somatic Labs,SOMATIC,getsomatic.com,True,1.0,True,False
People's Software,People.ai,people.ai,True,1.0,True,True
Galaxy AI,Galaxy,galaxysdk.com,True,1.0,True,True
Diana AI,Diana,getdiana.com,True,1.0,True,True
Waffle,Waffle Labs,trywaffle.com,,1.0,True,False
Kodex AI,Kodex,kodexglobal.com,True,1.0,True,True
Atlas AI,Atlas,atlascard.com,True,1.0,True,True
Gaia Agricultural & Technology,Sorted,webflow.io,True,0.17391304347826086,False,False
Circle Labs,Circle+,circleplus.xyz,True,1.0,True,False
Cyphr,Cyphr AI,cyphrai.com,True,1.0,True,True
Dot Lab,Dot,getdot.ai,True,1.0,True,False
pulley.ai,Pulley,pulley.com,True,1.0,True,True
GRIT,GRIT.,gogrit.us,False,1.0,True,False
Habit,Habit Labs,habitlabs.com,,1.0,True,False
Sketchdeck.ai,SketchDeck,sketchdeck.com,True,1.0,True,True
Canopy Platform Pty Ltd,Canopy Labs,canopylabs.com,True,1.0,True,False
Scale,Scale AI,scale.com,True,1.0,True,True
Maya Ai,Maya Labs,mayalabs.io,True,1.0,True,True
Lotus Labs,Lotus,uselotus.io,,1.0,True,False
H+Trace,Trace,trace.so,True,1.0,True,False
Birdie Technologies,Birdie,getbirdie.io,True,1.0,True,False
Avocado Systems,Avocado,avocadopos.com,True,1.0,True,False
Benchmark Labs,Benchmark,withbenchmark.com,True,1.0,True,False
Overwatch AI,Overwatch,overwatchdata.ai,True,1.0,True,True
O-ID,D-ID,d-id.com,True,1.0,True,False
Hyper Technologies,Hyper,hyper.co,True,1.0,True,False
Julius Technologies,Julius,julius.ai,True,1.0,True,False
Bild Corp,Bild AI,bild.ai,True,1.0,True,True
i-flow,Flow,enterflow.app,True,1.0,True,False
Sunlight Technologies,Sunlight,sunlightapi.com,,1.0,True,False
Edify Technologies,Edify,edify.co,True,1.0,True,False
Mutable,mutable.ai,mutable.ai,True,1.0,True,True
Captain AI,Captain,runcaptain.com,True,1.0,True,True
Senso.ai,Senso,senso.ai,True,1.0,True,True
Spect AI,Spect,getspect.com,True,1.0,True,True
Volta,"Volta Labs, Inc.",voltalabs.com,True,1.0,True,False
7 Chord,Chord,7-chord.com,True,1.0,True,False
Clara,Clara Labs,claralabs.com,True,1.0,True,False
Harvest Platform,Harvest,goharvest.ai,True,1.0,True,False
Cron Systems,Cron,cron.com,True,1.0,True,False
Phood Solutions,Phood,phood.co,True,1.0,True,False
Echo Labs,Echo,echothat.ai,True,1.0,True,False
Carousel,Carousel Technologies,usecarousel.com,True,1.0,True,False
Splash,Splash Inc.,splash9.com,True,1.0,True,False
Ground,Ground AI,joinground.com,True,1.0,True,True
Circa Labs,Circa,circa.co,,1.0,True,False
Phil,PhnyX Lab,withphil.com,True,0.4444444444444444,False,False
Raidium SAS,Raidium,raidium.eu,True,1.0,True,False
Aether AI,Aether,tryaether.co,True,1.0,True,True
Ello Technology,Ello,ello.com,True,1.0,True,False
Nephrogen Inc.,Nephrogen,nephrogenbiotech.com,True,1.0,True,False
Trellis,Trellis AI,runtrellis.com,True,1.0,True,True
Assembly,Assembly HOA,assemblyhoa.com,True,0.8,False,False
"Andromeda Surgical, Inc.",Andromeda Surgical,andromedasurgical.com,True,1.0,True,False
Kintsugi AI,Kintsugi,trykintsugi.com,True,1.0,True,True
Momentum Foods (dba Choppy!),Choppy!,eatchoppy.com,,0.3870967741935484,False,False
SmartWalk,Weebly,weebly.com,True,0.2666666666666667,False,False
Plume Labs,Plume,plumefinder.com,True,1.0,True,False
Rejuvenation Technologies,Rejuvenation Technologies Inc.,rejuvenationtech.com,True,1.0,True,False
Ambient,Ambient.ai,ambient.ai,True,1.0,True,True
Reveal,SlidePay,angel.co,True,0.2857142857142857,False,False
Waldo,SlidePay,angel.co,True,0.3076923076923077,False,False
Alice Technologies,Alice.tech,alice.tech,True,1.0,True,False
garten (formerly Oh My Green),garten,garten.co,True,0.36363636363636365,False,False
Yellowsmith,OrderAhead,crunchbase.com,True,0.19047619047619047,False,False
Smartgarden,Ladera Labs,laderalabs.com,False,0.3529411764705882,False,False
Purigen,Group B Labs,linkedin.com,True,0.0,False,False
HumanDx,Human Dx,humandx.org,True,0.6666666666666667,False,False
Affinity Labs,Affinity,itsaffinity.com,True,1.0,True,False
Capsa AI,Capsa Technology,getcapsa.com,True,1.0,True,True
Caria,Chorus Health,chorushealth.io,True,0.33333333333333337,False,False
Circle,Circle+,circleplus.xyz,True,1.0,True,False
Intelizen inc.,Intelizen,intelizen.co,True,1.0,True,False
Jinx,Jinx Drinx,jinxdrinx.com,,0.5714285714285714,False,False
Motif,Motif Technologies,getmotif.ai,,1.0,True,False
Multiply,Multiply Labs,multiplylabs.com,True,1.0,True,False
ORA,Ora AI,oraai.com,True,1.0,True,True
Peas Money,Peas Financial,peas.money,True,0.5,False,False
Focal,Focal Systems,focal.systems,True,1.0,True,False
Illumicell AI,Illumicell,illumicell.ai,True,1.0,True,True
lilac,Lilac Labs,drive-thru.ai,True,1.0,True,False
Valley AI,Valley,joinvalley.co,True,1.0,True,True
Pactio Technologies,Pactio,pactio.us,,1.0,True,False
Genie AI,Genie,genieframework.com,True,1.0,True,True
Briefcase,Briefcase Technology,briefcase.technology,True,1.0,True,False
Drip.AI,Drip,dripapp.com.br,,1.0,True,True
Pair,Pair AI,pairai.com,True,1.0,True,True
Miru Labs,miru,miruhome.com,True,1.0,True,False
Light,C. Light Technologies,light.inc,True,1.0,True,False
Granular,Granular.ai,granular.ai,True,1.0,True,True
Flow AI,Flow,enterflow.app,True,1.0,True,True
LIV,Liv Labs,livlabsfitness.com,,1.0,True,False
AI Build,Build Lab,ai-build.com,True,1.0,True,True
Wise,Wise Systems,wisesystems.com,True,1.0,True,False
Avenir AI,Avenir Labs,joinavenir.com,True,1.0,True,True
COIL,coil inc.,trycoil.com,True,1.0,True,False
Arena Labs,Arena,arena.im,True,1.0,True,False
Autohub ai,AutoHub,autohub.io,True,1.0,True,True
Cofi.ai,CoFi,cofisoftware.com,True,1.0,True,True
Embrace.Ai,Embrace,embrace.io,True,1.0,True,True
General Radar,General Radar Corp.,genrad.io,,1.0,True,False
Level AI,Level,trylevel.app,False,1.0,True,True
Orange Health,Orange Health Labs,orangehealth.in,,1.0,True,False
Rune Labs,Rune,rune.ai,False,1.0,True,False
Sanas,Sanas.AI,sanas.ai,True,1.0,True,True
Mall IQ,"Mall IQ, Inc.",malliq.com,True,1.0,True,False
Shuttle Technologies,Shuttle,shuttle.dev,True,1.0,True,False
Convey Software,Convey,getconvey.com,False,1.0,True,False
Coreshell Technologies,Coreshell,coreshelltech.com,,1.0,True,False
Airpost.io,Airpost,airpost.io,,1.0,True,False
Sensegrass Inc,Sensegrass,sensegrass.com,True,1.0,True,False
LemonBox,LemonBox Health,lemonbox.com,True,0.6956521739130435,False,False
Waydev AI,Waydev,waydev.co,True,1.0,True,True
Gym Class,Gym Class - by IRL Studios,gymclass.com,True,0.5142857142857142,False,False
Cadena,SignalOps,cadena.dev,True,0.2666666666666667,False,False
Uncharted AI,Uncharted,uncharted.gg,,1.0,True,True
Factory,Factory AI,f7i.ai,True,1.0,True,True
Mithril,Mithril Technologies,mithril.space,False,1.0,True,False
Keen Technologies,Keen IO,keen.io,,1.0,True,False
CUE Labs,Cue,cueup.com,True,1.0,True,False
Jasper,Jasper.ai,jasper.ai,True,1.0,True,True
Census,co:census,cocensus.io,True,1.0,True,False
Resolve AI,Resolve,resolvebim.com,True,1.0,True,True
Multi,Multi AI,multi.ai,True,1.0,True,True
Notable,Notable Labs,notablelabs.com,,1.0,True,False
circle,Circle+,circleplus.xyz,True,1.0,True,False
Karat,Karat Financial,trykarat.com,False,0.5,False,False
Nova Labs,Nova,nova.ai,True,1.0,True,False
Rainforest QA,Rainforest,rainforestqa.com,,0.8695652173913043,False,False
Recall AI,Recall.ai,recall.ai,True,1.0,True,False
Rosebud,Rosebud AI,rosebud.ai,True,1.0,True,True
Saronic,Saronic Technologies,saronic.com,True,1.0,True,False
Seam AI,Seam,seam.co,True,1.0,True,True
Shift Technology,Shift Labs,shiftlabs.com,True,1.0,True,False
EEVY,LEMON,eevy.fr,,0.2222222222222222,False,False
Nomic AI,Nomic (Software Development Applications),nomic.ai,True,0.2857142857142857,False,True
AI at Meta,Vidpresso,facebook.com,True,0.125,False,True
InstaDeep Ltd,InstaDeep,instadeep.com,True,1.0,True,False
OrionStarAI,OrionStar,orionstar.com,True,0.9,False,False
Enfuse.io,EnFuse Solutions,enfuse-solutions.com,True,1.0,True,False
PKSHA Technology Inc.,PKSHA Technology,pkshatech.com,True,1.0,True,False
ELYZA.inc,ELYZA,elyza.ai,True,1.0,True,False
Refuel AI,Refuel (Business/Productivity Software),refuel.ai,True,0.3529411764705882,False,True
KISTI Open Neural Intelligence,Zen,lnkd.in,True,0.12121212121212122,False,True
Zuzu,Zuzu AI,zuzu.ai,True,1.0,True,True
Harbor Lab,Harbor,harborplan.com,True,1.0,True,False
Besunyen/Highstar,Besunyen (Beijing Outsell Health),besunyen.com,,0.5,False,False
Riley AI,Riley,getrileynow.com,True,1.0,True,True
Atero,Atero AI,atero.ai,True,1.0,True,True
7k7k,7k7k.com,7k7k.com,,0.6666666666666667,False,False
AI-Prime,Prime,ai-prime.com,True,1.0,True,True
Alltech,AllTech Solutions,alltechsolutionsinc.net,,1.0,True,False
Amoy Dx,Amoy Diagnostics,amoydx.com,,0.5217391304347826,False,False
Antengene,Antengene Corporation,antengene.com,,1.0,True,False
BiLin,Bilin Technology,bilintechnology.com,True,1.0,True,False
Bomming Vision Technology,Bomming Vision,bomming.com,True,1.0,True,False
Caidya,dMed,dmedglobal.com,,0.19999999999999996,False,False
Centre,Centre Technologies,centretechnologies.com,,1.0,True,False
CIX Technology,CIX Software Inc.,cixsoft.com,,1.0,True,False
Connect Biopharma,Connect Biopharmaceuticals,connectbiopharm.com,,0.7906976744186046,False,False
Cure Genetics,CureGenetics,curegenetics.com,,0.96,False,False
KeySino,Shanghai Keysino Separation Technology,keysino.cn,,0.4117647058823529,False,False
KK Inc.,KK,kktv5.com,,1.0,True,False
Marvel-Tech,Marvel,marvelapp.com,,1.0,True,False
Micropoint Bio,MicroPoint Bioscience,micropointbio.com.cn,,0.8,False,False
Mitu Robot,AIQI Technology,iqi-inc.com,True,0.1428571428571429,False,False
Mogu Inc,Mogu,mycoplast.com,,1.0,True,False
Nuowei Tech,NVX Clouds Tech,nvxclouds.com,True,0.125,False,False
Nurotron,Nurotron Biotechnology,nurotron.com,,0.5333333333333333,False,False
One Chip,Onechip Bioelectronics,one-chip.com,,0.4,False,False
Pine & Power Biotech,P&P Biotech,shsongli.com,,0.56,False,False
PRM,P&R Measurement Technology,prmeasure.com,,0.2857142857142857,False,False
Reddoorz,Commeasure,reddoorz.com,,0.2222222222222222,False,False
Akita Software,AKITA,akita.cloud,,1.0,True,False
Alpine Bio,Nobell Foods,nobellfoods.com,,0.18181818181818177,False,False
AltSchool,AltSchool (Educational Software),altitudelearning.com,True,0.6,False,False
Amber,Amber Bio,amber.bio,,0.7142857142857143,False,False
Amca,Advanced Manufacturing Company of America,amca.com,False,0.1777777777777778,False,False
AminoChain,Amino Chain,aminochain.io,False,0.9523809523809522,False,False
Anchorage,Anchorage Digital,anchorage.com,False,0.6923076923076923,False,False
Angle,Angle Protocol,angle.money,,0.5263157894736843,False,False
Apex Space,Apex,apexspace.com,,0.5714285714285714,False,False
Blackbird.xyz,Blackbird Labs,blackbird.xyz,,0.8181818181818181,False,False
Bounce,Bounce (Information Services),bounce.com,False,0.36363636363636365,False,False
Braid.ai,Braid Networks,braid.ai,True,0.5263157894736843,False,True
Branch.co,Branch International,branch.co,True,0.4615384615384615,False,False
Cadre,Cadre (United States),cadre.com,True,0.41666666666666663,False,False
Camp4,CAMP4 Therapeutics,camp4tx.com,,0.43478260869565216,False,False
Canal,Canal (San Francisco),shopcanal.com,False,0.41666666666666663,False,False
Capital.xyz,Capital (Financial Services),capital.xyz,False,0.4324324324324324,False,False
Crux,Crux Climate,cruxclimate.com,False,0.5,False,False
CHIP Professionals,Chip Professional,chipprofessionals.com,False,0.9714285714285714,False,False
CipherCloud,Lookout,lookout.com,,0.33333333333333337,False,False
Coactive,Coactive AI,coactive.ai,True,1.0,True,True
Counsel Health,Counsel Health (Clinics/Outpatient Services),counselhealth.com,True,0.5,False,False
Cryptoys,OnChain Studios,onchainstudios.com,,0.34782608695652173,False,False
Cumulus Networks,Cumulus (Communications and Networking),cumulusnetworks.com,False,0.5660377358490566,False,False
Current,Current (Commercial Banks),current.com,False,0.4516129032258065,False,False
DeepMap.ai,DeepMap,deepmap.ai,True,1.0,True,True
Deepr,Deepr®,deeprmusic.com,True,1.0,True,False
DELV,Delv AI,delv.ai,True,1.0,True,True
Diode,"Diode Computers, Inc.",diode.computer,True,0.5,False,False
"Dynamic Labs, Inc.",Dynamic (Financial Services),dynamic.xyz,False,0.4242424242424242,False,False
EigenLayer,EigenLabs,eigenlayer.xyz,,0.736842105263158,False,False
End Game,End Game Interactive,end.gg,,0.5714285714285714,False,False
Firstbase,Firstbase.io,firstbase.io,,1.0,True,False
Fei Protocol,Fei Labs,fei.money,,0.4,False,False
FidoCure,FidoCure®,fidocure.com,False,1.0,True,False
FingerprintsDAO,Fingerprints DAO,fingerprintsdao.xyz,False,0.7741935483870968,False,False
gooddata.ai,GoodData,gooddata.com,True,1.0,True,True
greply,Grep.ly,grep.ly,False,0.923076923076923,False,False
"Groupon, Inc.",SnapSaves,groupon.com,False,0.125,False,False
Gym Class VR,Gym Class,gymclassvr.com,,0.8571428571428572,False,False
Hatch Loyalty,Stuzo,stuzo.com,False,0.2222222222222222,False,False
Hebbia,Hebbia.AI,hebbia.ai,True,1.0,True,True
Hedra,Hedra (Multimedia and Design Software),hedra.com,True,0.3125,False,False
"Here Not There, Inc.",Here Not There Labs,hntlabs.com,,1.0,True,False
Hilbert,Hilbert Technologies,hilberttechnologies.com,True,1.0,True,False
HumanAPI,Human API,humanapi.co,True,0.5882352941176471,False,False
Nexthop,NextHop Technologies,nexthop.com,True,1.0,True,False
Town,Town.com,town.com,True,0.6666666666666667,False,False
TXN Solutions,TXN,txn.com.mx,,1.0,True,False
(Pal) G2DT.AI Corporation,1 True Health,capitalfactory.com,True,0.21052631578947367,False,True
Unisound,Unisound (Entertainment Software),unisound.io,True,0.5333333333333333,False,False
Uniswap,Uniswap Labs,uniswap.org,False,1.0,True,False
Universal,Universal Group,fotogrupouniversal.com,,1.0,True,False
Valon,Valon Tech,valontech.com,,1.0,True,False
Ventrilo,Ventrilo.ai,ventrilo.ai,True,1.0,True,True
Very Good Security,VGS,verygoodsecurity.com,,0.19047619047619047,False,False
Viki,Viki Software,vikisoftware.com,,1.0,True,False
Wabi AI,Wabi,wabi.build,True,1.0,True,True
Walker & Co,Walker and Company Brands,walkerandcompany.com,False,0.3870967741935484,False,False
"Warbler Labs, Incorporated",Goldfinch Prime,goldfinch.finance,True,0.18181818181818177,False,False
Within,Supernatural,getsupernatural.com,,0.11111111111111116,False,False
XMTP Labs,XMTP,xmtp.com,,1.0,True,False
Zed.run,Virtually Human Studio,vhslab.com,False,0.27586206896551724,False,False
Zefchain,Linera,linera.io,,0.2857142857142857,False,False
Bold Security,BOLD Security Technology,boldsmartlock.com,True,1.0,True,False
Credo AI,Credo,credots.com,True,1.0,True,True
R-Zero,Zero Labs,zero.ai,True,1.0,True,False
Smartex,Smartex.ai,smartex.ai,True,1.0,True,True
Adaption Labs,Adaption,adaption-it.nl,True,1.0,True,False
cMatter,C Matter Inc.,cmatter.com,True,0.923076923076923,False,False
Conexus,Conexus AI,conexus.com,True,1.0,True,True
Cynch,Cynch AI,cynch.ai,True,1.0,True,True
X37,X-37,x37.ai,True,0.8,False,False
AI Music,Music Lab,musiclab.co.il,True,1.0,True,True
Rigetti,Rigetti Computing,rigetti.com,True,0.5833333333333333,False,False
Apara Technologies,Apara,apara.es,,1.0,True,False
Lightspeed,LightSpeed Solutions,lightspeedsolutions.com,,1.0,True,False
Draper,Draper Solutions,drapersolutions.com,,1.0,True,False
Ares,ARES Group,aresgroupusa.com,,1.0,True,False
Replay Technologies,Replay Solutions,replaysolutions.com,,1.0,True,False
Jazz,Jazz Solutions,jazzsol.com,,1.0,True,False
Mate,Mate Labs,matelabs.in,True,1.0,True,False
KOI,KOI Systems,koisys.com,,1.0,True,False
Classiq,Classiq Technologies,classiq.io,,1.0,True,False
Foretellix Ltd,Foretellix,foretellix.com,,1.0,True,False
Leo AI,LeO,meetleo.co,True,1.0,True,True
Hailo,Hailo AI,hailo.ai,True,1.0,True,True
Callyope,RecordBook,google.com,True,0.2222222222222222,False,False
Dunia.ai,Dunia Technology Solutions,duniatech.com,True,1.0,True,True
aba Inc.,Aba,aba-lab.com,,1.0,True,False
Insider,Insider Software,insidersoftware.com,True,1.0,True,False
Neo,Neo AI,neoai.jp,True,1.0,True,True
Digital canteen platform,Digital Canteen,digitalcanteen.com.au,,1.0,True,False
Edvisor.ai,Edvisor.io,edvisor.io,True,1.0,True,True
Kool Kapz Technologies,Kool Kapz,koolkapz.com,False,1.0,True,False
"Electro-Active Technologies, Inc.",Electro-Active Technologies,electroactive.tech,False,1.0,True,False
Prescient Healthcare,Prescient Healthcare Systems,prescient-healthcare.com,,1.0,True,False
Enspired Solutions,Enspired Technology,enspiredtech.com,,1.0,True,False
Owler A.I.,Owler,owler.com,True,1.0,True,False
Backbone Technologies,Backbone,bkbn.com,True,1.0,True,False
Roving Blue,"Roving Blue, Inc.",rovingblue.com,,1.0,True,False
Aleph Lab,Aleph,aleph-networks.com,True,1.0,True,False
Fonda,Fonda Technologies,mifonda.io,True,1.0,True,False
Conan,Conan AI,conan.ltd,True,1.0,True,True
Taste Lab,Taste,gettaste.com,,1.0,True,False
Athenic 2.0,Athenic AI,athenic.com,True,1.0,True,True
Permute 4.0,PERmute,permute.fr,,1.0,True,False
Pond,Pond Technologies,pondtech.com,,1.0,True,False
BitBoard (YC P25),BitBoard,bitboard.work,True,0.6956521739130435,False,False
Intuned (YC S22),Intuned,intunedhq.com,True,0.6666666666666667,False,False
Superset (YC P26),ColBERT,github.com,True,0.2727272727272727,False,False
Ardent (YC P26),Ardent (Business/Productivity Software),tryardent.com,True,0.4390243902439024,False,False
Voker (YC S24),Voker,voker.ai,True,0.5882352941176471,False,False
Kampala (YC W26),Zatanna,zatanna.ai,,0.2857142857142857,False,False
Relvy (YC F24),Relvy AI,relvy.ai,True,0.5882352941176471,False,True
Chamber (YC W26),Chamber,usechamber.io,True,0.6666666666666667,False,False
Captain (YC W26),Captain,runcaptain.com,True,0.6666666666666667,False,False
Spine Swarm (YC S23),Spine AI,getspine.ai,True,0.43478260869565216,False,True
Sentrial (YC W26),Sentrial,sentrial.com,True,0.6956521739130435,False,False
Cardboard (YC W26),Cardboard,usecardboard.com,True,0.72,False,False
TeamOut (YC W22),TeamOut,teamout.com,True,0.6666666666666667,False,False
Sonarly (YC W26),Sonarly,sonarly.com,True,0.6666666666666667,False,False
Livedocs (YC W22),Livedocs,livedocs.com,True,0.6956521739130435,False,False
Indy (YC S21),Shimmer,shimmer.care,False,0.11111111111111116,False,False
Nia (YC S25),Nozomio,trynia.ai,True,0.23529411764705888,False,False
Browser Buddy (YC W24),Browser Buddy,browserbuddy.com,True,0.7878787878787878,False,False
Mosaic (YC W25),Mosaic,mosaic.so,True,0.631578947368421,False,False
Tweeks (YC W25),Tweeks.io,tweeks.io,True,0.631578947368421,False,False
Propolis (YC X25),Propolis (Business/Productivity Software),propolis.tech,True,0.3555555555555555,False,False
Extend (YC W23),Extend,extend.ai,True,0.631578947368421,False,False
Simplex (YC S24),Simplex,simplex.sh,True,0.6666666666666667,False,False
RunRL (YC X25),RunRL,runrl.com,True,0.5882352941176471,False,False
Reality Defender (YC W22),Reality Defender,realitydefender.com,True,0.8205128205128205,False,False
Golpo (YC S25),Golpo,golpoai.com,True,0.5882352941176471,False,False
Continue (YC S23),Continue,continue.dev,True,0.6956521739130435,False,False
Soundry AI (YC W24),Soundry AI,soundry.ai,True,0.6666666666666667,False,False
Resend (YC W23),Resend,resend.com,,0.631578947368421,False,False
MovingLake (YC S22),MovingLake,movinglake.com,,0.7407407407407408,False,False
Cerrion (YC S22),Cerrion,cerrion.com,True,0.6666666666666667,False,False
Tersho (YC S22),Tersho,tersho.com,True,0.631578947368421,False,False
CodeCrafters (YC S22),CodeCrafters,codecrafters.io,,0.7741935483870968,False,False
Vital (YC W20),Vital,tryvital.io,,0.5882352941176471,False,False
Foster (YC W21),Foster,foster.co,,0.631578947368421,False,False
Andi (YC W22),Andi,andisearch.com,True,0.5333333333333333,False,False
Algofi (YC S21) Lofty (YC S19) Crypto as Collateral to Buy Property,Lofty,lofty.ai,,0.1470588235294118,False,False
Evry Health (YC W18),Evry Health,evryhealth.com,False,0.7586206896551724,False,False
Courier (YC S19),Courier,courier.com,,0.6666666666666667,False,False
GrowthBook (YC W22),GrowthBook,growthbook.io,,0.7407407407407408,False,False
Onboard (YC W22),Onboard.io,onboard.io,,0.6666666666666667,False,False
Drifting in Space (YC W22),Drifting in Space,driftingin.space,,0.8292682926829268,False,False
Convoy (YC W22),Convoy,getconvoy.io,,0.631578947368421,False,False
MutableAI (YC W22),mutable.ai,mutable.ai,True,0.6086956521739131,False,True
Hydra (YC W22),Hydra,hydras.io,,0.5882352941176471,False,False
Fogbender (YC W22),Fogbender,fogbender.com,,0.72,False,False
Anja Health (YC W22),Anja Health,anjahealth.com,,0.7586206896551724,False,False
Pelm (YC W22),Pelm,pelm.com,,0.5333333333333333,False,False
Sieve (YC W22),Sieve,sievedata.com,True,0.5882352941176471,False,False
Joon (YC W22),Joon Health,joonapp.io,,0.36363636363636365,False,False
Preflight (YC W19),Preflight,preflight.com,False,0.72,False,False
Imagito,RecordBook,google.com,True,0.11764705882352944,False,False
Terra (YC W21),Terra API,tryterra.co,,0.4761904761904761,False,False
"Free live video collab on Figma files, Google docs, slides & sheets",Volcano,vlca.no,True,0.17142857142857137,False,False
Explo (YC W20),Explo,explo.co,True,0.5882352941176471,False,False
Fig (YC S20),Fig,fig.io,False,0.4615384615384615,False,False
SnackReview,FameGame,apple.com,True,0.3157894736842105,False,False
Poliglota (YC W21),Poliglota,poliglota.org,False,0.72,False,False
"GoldTrash, give away your unused items for someone who need them",Sorted,webflow.io,True,0.14492753623188404,False,False
Meru.com (YC W21),Meru.com,meru.com,,0.6956521739130435,False,False
You Suck at CSS [Book],Gumroad,gumroad.com,False,0.14814814814814814,False,False
Taste (YC W21),Taste,gettaste.com,,0.5882352941176471,False,False
Balance (YC S20),CryptoCurrency,youtube.com,,0.2142857142857143,False,False
Tap (YC Startup School),C-Capture,myshopify.com,,0.2857142857142857,False,False
Gather.Town (YC S19),Gather,gather.town,,0.5,False,False
Builder.io Theme Studio,Builder.io,builder.io,True,0.5185185185185186,False,False
StartPlaying.Games (YC W20),StartPlaying,startplaying.games,,0.6486486486486487,False,False
Free HTML and CSS Coding Challenges,EmpowerU,github.io,True,0.13953488372093026,False,False
"Tech Moral Compass, a community for techies who care about morals",Soapbox Project,soapboxproject.org,,0.25,False,False
How to help the remote community while building a startup,Prosus AI,medium.com,True,0.16393442622950816,False,True
Spaced Repetition with Your Voice,Quiz Me Ai,quizme.ai,True,0.15000000000000002,False,True
Meeting network Undock out of stealth,Undock,undock.com,True,0.2790697674418605,False,False
Changemaker Database for Social Entrepreneurs,Notion,notion.so,True,0.11764705882352944,False,False
Computer vision solutions to keep stores safe during Covid-19,Aura Vision,auravision.ai,True,0.32258064516129037,False,False
"DueFocus, Time Tracker for Gitlab, Trello, Jira, GitHub, Asana",DueFocus,duefocus.com,,0.24615384615384617,False,False
Stoa,Product Hunt,producthunt.com,,0.25,False,False
DevOps as a Service,StartOps Group,startopsgroup.com,,0.31999999999999995,False,False
Hackernoon 2.0,HackerNoon,hackernoon.com,,1.0,True,False
"Forget Flash, Skip GIF, Control iOS",Divergent Media,divergentmedia.com,,0.25,False,False
Domain Name Trends,Lean Domain Search,leandomainsearch.com,False,0.5555555555555556,False,False
Drag/Drop Email Template Creator for Transactional Emails,Klaviyo,klaviyo.com,True,0.125,False,False
Jnana,Think Bulbs,stanford.edu,True,0.125,False,False
"Finally, You Can Accept Pre-Orders after Kickstarter with Celery",Celery,trycelery.com,False,0.17391304347826086,False,False
Streem.io,Streem,streem.com,False,1.0,True,False
urlbox.io,Urlbox Ltd,urlbox.io,,1.0,True,False
Open Source Mobile Privacy Policy,Docracy,docracy.com,False,0.30000000000000004,False,False
Turn Photoshop styles into CSS3 in the browser,Markupwand,markupwand.com,,0.1071428571428571,False,False
Build your own Heroku on your own servers,Cloud 66,cloud66.com,,0.12244897959183676,False,False
Chime,Chime (Social/Platform Software),chimeapp.com,False,0.5882352941176471,False,False
Launching energy tracking and automation web app,unplugg,unplu.gg,,0.21818181818181814,False,False
Workout planner,Thryv,thryv.com,,0.09999999999999998,False,False
Incorporate your startup online with YC's forms (built by two lawyers),Clerky,clerky.com,,0.13888888888888884,False,False
"CropUp, Sell your _______ on _______",CropUp,cropup.com,,0.29268292682926833,False,False
Node.js Hosting Platform with Integrated MongoDB,Modulus (Application Software),modulus.io,False,0.27586206896551724,False,False
Increase your productivity with ambient noise,Coffitivity,coffitivity.com,,0.3214285714285714,False,False
Breakpoint.io,Breakpoint,breakpoints.ca,,1.0,True,False
An HTML5 game we made in 72 hours for Ludum Dare,Clay.io,clay.io,,0.07692307692307687,False,False
"Posts from Hacker News tagged ""Show HN","smartXchange, Inc.",herokuapp.com,,0.326530612244898,False,False
Lapis,Lapis Labs,trylapis.com,True,1.0,True,False
Ridiculously cheap bulk geocoding,Geocodio,geocod.io,,0.3902439024390244,False,False
Kimono,Kimono Labs,kimonolabs.com,False,1.0,True,False
Hound,Hound Software,houndsoftware.net,True,1.0,True,False
"Pinegrow Web Designer, multipage editor with Bootstrap & Less",Pinegrow,pinegrow.com,,0.24242424242424243,False,False
C# Pad,Pad,pad.co.uk,,1.0,True,False
API for Sales Research,StackLead,stacklead.com,,0.32258064516129037,False,False
Selfie Ticket,Ticketleap,ticketleap.com,False,0.5217391304347826,False,False
An easy-to-use Text Analysis API,Aylien,aylien.com,True,0.21052631578947367,False,False
A simple IP address API,IPinfo,ipinfo.io,False,0.2222222222222222,False,False
Automatic VPN Generator,Tinfoil Security,tinfoilsecurity.com,False,0.3076923076923077,False,False
Route Optimization API,Routific,routific.com,,0.2666666666666667,False,False
Coding Interview Practice,Interview Cake,interviewcake.com,,0.5641025641025641,False,False
Learn Web Development for Free with The Odin Project,The Odin Project,theodinproject.com,,0.4705882352941176,False,False
A new way of eating out,Cozymeal,cozymeal.com,False,0.13793103448275867,False,False
"Node.js, Twitter, Instagram-powered e-paper picture frame",Visionect,visionect.com,,0.2222222222222222,False,False
A dead simple static site generator,Brace,brace.io,,0.1578947368421053,False,False
Tired of doing coding interviews on Skype? We've built this,RemoteInterview,remoteinterview.io,,0.273972602739726,False,False
Soundslice v2,Soundslice,soundslice.com,,0.8695652173913043,False,False
Solvers.io,Solvers,solvers.io,,1.0,True,False
My Desk Chair,Massachusetts Institute of Technology,mit.edu,True,0.2564102564102564,False,False
We built a platform for forums and called it Microcosm,Microco.sm,microco.sm,,0.339622641509434,False,False
Xplode,Iddiction,iddiction.com,,0.1333333333333333,False,False
A Speed Reading Bookmarklet,Gun.io,gun.io,,0.0714285714285714,False,False
Learn Ruby by Example with Challenges,Learneroo,learneroo.com,,0.26086956521739135,False,False
Turn sketches on paper into app prototypes,Marvel,marvelapp.com,,0.125,False,False
To-learn list and course reminders,Accredible,accredible.com,,0.31818181818181823,False,False
"Tic-tac-toe, with a multiplayer twist",Vaesoft,firebaseapp.com,,0.19512195121951215,False,False
A Customizable SoundCloud Player Built on the Web Audio API and d3,ToneDen,toneden.io,True,0.16901408450704225,False,False
"Ulaxi calculates whether UberX, Lyft, or Taxi is best for your trip",BitBalloon,bitballoon.com,,0.18666666666666665,False,False
A different approach against online censorship,DMV.us.org,us.org,,0.14814814814814814,False,False
Try Ion before you buy,Lava,lava.io,,0.0,False,False
GitBook,NAVER AI Lab,gitbook.io,True,0.0,False,True
FiveStar.io,Fivestar,fivestar.video,False,1.0,True,False
Scaling PhantomJS With Ghost Town,Buzzvil,buzzvil.com,True,0.050000000000000044,False,False
Screen recording with real-time upload,Screenmailer,screenmailer.com,,0.31999999999999995,False,False
PressureNet,Cumulonimbus,pressurenet.io,True,0.17391304347826086,False,False
Manage servers easily online with Commando.io,Commando.io,commando.io,,0.31999999999999995,False,False
Vhoto,Wiffledan,vho.to,True,0.0,False,False
Replace CAPTCHA with Proof-of-Work,Hashcash.IO,hashcash.io,,0.19047619047619047,False,False
LGBT News,Equaldex,equaldex.com,,0.23529411764705888,False,False
Checkr.io,Checkr,checkr.com,True,1.0,True,False
Turn JS visualizations into data products anyone can use,Blockspring,blockspring.com,False,0.20895522388059706,False,False
We put an iPhone on the front wheel of a car,Evil Window Dog,evilwindowdog.com,,0.21052631578947367,False,False
"Cryptris, a video game on cryptography",Burkart Laboratory,ucsd.edu,,0.30188679245283023,False,False
Packagecloud – Hosted Package Repositories,Packagecloud,packagecloud.io,False,0.4615384615384615,False,False
"Keep, an app that helps you love how you spend every dollar",Keep (Financial Software),trykeep.com,False,0.25,False,False
Find available domains related to your keyword,Confirm (Business/Productivity Software),confirm.io,True,0.34666666666666673,False,False
"Domino, a PaaS for data science",Domino Data Lab,dominodatalab.com,True,0.5641025641025641,False,False
Smart bookmarks extension,Raindrop,raindrop.io,,0.24242424242424243,False,False
Sentinel.JS,Bitbucket,bitbucket.org,False,0.19999999999999996,False,False
Marketplace for Bootstrap themes and templates,BootstrapBay,bootstrapbay.com,False,0.3448275862068966,False,False
Play old DOS games on your Chromebook,Zenter,blogspot.com,True,0.13953488372093026,False,False
Cockpit,Cockpit CMS,getcockpit.com,,0.7777777777777779,False,False
Metamon,Tryolabs,tryolabs.com,True,0.2666666666666667,False,False
ChatSecure iOS v3.0 (OTR + Tor + XMPP),ChatSecure,chatsecure.org,,0.5,False,False
"Crapify, a proxy for simulating slow, spotty HTTP connections",npm,npmjs.com,False,0.09999999999999998,False,False
Nicira Networks,VMware Workspace ONE,vmware.com,,0.45714285714285713,False,False
Orchestra Bio,Orchestra (Business/Productivity Software),orchestra.bio,False,0.5454545454545454,False,False
Peepal.co,CoinSwitch,coinswitch.co,,0.0,False,False
Periodic Labs,Periodic,periodic.es,True,1.0,True,False
Phota Labs,PhotaLabs,photalabs.com,True,0.7142857142857143,False,False
Point,V Point Solutions,vpointsolutions.com,,1.0,True,False
Polychain,Polychain Capital,polychain.capital,False,0.6923076923076923,False,False
Poseidon,Poseidon AI,psdn.ai,True,1.0,True,True
Prisms,Prisms VR,prismsvr.com,,0.8,False,False
ProductHunt,Product Hunt,producthunt.com,,0.6086956521739131,False,False
Proof Holdings,PROOF Collective,proof.xyz,,0.4761904761904761,False,False
Prosper AI,Prosper,getprosper.ai,True,1.0,True,True
Pug.AI,PUG ai,pug.ai,True,1.0,True,False
Envelop Risk Analytics,Envelop Risk,enveloprisk.com,True,0.7058823529411764,False,False
Rival,Rival Technology,rival-tech.com,,1.0,True,False
Roebling,Roebling Labs,roeblinglabs.com,True,1.0,True,False
Rollup AI,Rollup,rollup.ai,True,1.0,True,True
Royal,Royal Technology Solutions,rts.ae,,1.0,True,False
Rune Technologies,Rune,rune.ai,False,1.0,True,False
Scene Infrastructure Co,Scene Infrastructure Company,sceneinfrastructure.com,,0.8333333333333335,False,False
SeedFi,SeedFi (Consumer Finance),seedfi.com,False,0.41379310344827597,False,False
Seismic Systems,Seismic,myseismic.com,True,1.0,True,False
#Paid,MaRS Discovery District,marsdd.com,,0.14814814814814814,False,False
EcoMap,EcoMap Technologies,ecomap.tech,True,1.0,True,False
Cleanslate Technologies,CleanSlate,cleanslatetg.com,,1.0,True,False
Talon,Talon solutions,talonsolutions.co.uk,,1.0,True,False
IONIX,Ionix Systems,ionixsystems.com,,1.0,True,False
SDE,SDE TECH,sde.vn,True,1.0,True,False
Sidewalk,Sidewalk Labs,sidewalklabs.com,,1.0,True,False
Stack,Stack Systems,stack-systems.com.ua,,1.0,True,False
ARX,"ARX Group, LLC.",arxgroupllc.com,,1.0,True,False
vibe.co,Vibe,vibe.codes,True,1.0,True,False
GetVocal AI,GetVocal,getvocal.com,True,1.0,True,True
MHealthie Technology,MHealthie,mhealthie.com,,1.0,True,False
Doppelio Technologies,Doppelio,doppelio.com,,1.0,True,False
Botsync Technologies,Botsync,botsync.co,True,1.0,True,False
Atoll Solutions,Atoll,atollgroup.eu,,1.0,True,False
CognetThings Technologies,CognetThings,cognetthings.com,True,1.0,True,False
Cosine Labs,cosine solutions,cosine-solutions.com,,1.0,True,False
Frugal Labs,Frugal Technologies,frugal.dk,,1.0,True,False
SensiWise Solutions,SensiWise,sensiwise.com,,1.0,True,False
Cradlewise,Cradlewise Inc.,cradlewise.com,True,1.0,True,False
SensoVision,SensoVision Systems,sensoviz.com,True,1.0,True,False
Wisense,WiSense Technologies,wisense.in,,1.0,True,False
Thalo Labs,Thalo,thalo.io,,1.0,True,False
IM Technologies,IM Systems,imsystems.com.au,,1.0,True,False
Dartboard,Columbia Global Reports,columbia.edu,True,0.25,False,False
Magento,Magento Solutions,magentosolutions.com.au,,1.0,True,False
Sketch,Sketch.IO,sketch.io,True,1.0,True,False
Basecamp,Basecamp Group,basecampstudent.com,False,1.0,True,False
Webex,WebEx Solutions,webexsolutions.in,,1.0,True,False
Talky.io,Talky,talky.io,,1.0,True,False
imo,Imo Tech Solutions,imo-tech.com,,1.0,True,False
"xForest Therapeutics Co., Ltd.",XFOREST Therapeutics,xforestx.com,,1.0,True,False
Innoqua Inc.,Innoqua,innoqua.jp,True,1.0,True,False
INTER HOLDINGS inc.,Inter X,interxlab.com,True,1.0,True,False
Aeronext Inc.,Aeronext,aeronext.co.jp,,1.0,True,False
Aeterlink Corp.,Aeterlink,aeterlink.com,,1.0,True,False
Orange Inc.,Orange Tech Lab,orange-tech-lab.com,True,1.0,True,False
"Global Vascular Co., Ltd.",Global Vascular,g-vasc.com,,1.0,True,False
Commune Inc.,Commune,commune.us,,1.0,True,False
K.K. Sun Metalon,SUN METALON,sunmetalon.com,,1.0,True,False
Innovative Space Carrier Inc.,Innovative Space Carrier,innovative-space-carrier.co.jp,,1.0,True,False
"Splink, Inc.",Splink,splinkofficial.com,,1.0,True,False
"SPACE ONE Co., Ltd.",Space One,space-one.co.jp,,1.0,True,False
Spectronix Corporation,Spectronix,spectronix.co.jp,,1.0,True,False
TopoLogic Inc.,TopoLogic,topologic.jp,,1.0,True,False
"Toregem BioPharma Co., Ltd.",Toregem BioPharma,toregem.co.jp,,1.0,True,False
HarvestX Inc.,HarvestX,harvestx.jp,,1.0,True,False
"Pirika, Inc.",Pirika,pirika.org,,1.0,True,False
"Bull Co., Ltd.",T-Bull S.A.,t-bull.com,,1.0,True,False
Pale Blue Inc.,Pale Blue,pale-blue.co.jp,,1.0,True,False
"Helical Fusion Co., Ltd.",Helical Fusion,helicalfusion.com,False,1.0,True,False
"ugo, Inc.",UGO Technologies,ugotechnologies.com,,1.0,True,False
Letara Ltd.,Letara,letara.space,,1.0,True,False
VhAT,Daily Bits Of,thehub.io,True,0.11764705882352944,False,False
Pleo Technologies,Pleo,pleo.io,,1.0,True,False
Capdesk from Carta,Capdesk,capdesk.com,False,0.56,False,False
Vertikal X,Vertikal AI,vertikal-ai.com,True,1.0,True,True
Ama AI,AMA Solutions,ama-solutions.com,True,1.0,True,True
DiTech Solutions,Ditech,imdetek.com,,1.0,True,False
Veer,Veer AI,veer.ai,True,1.0,True,True
E-commerce platform,I Commerce,i-comm.it,,1.0,True,False
Wobo 2.0,Wobo AI,wobo.ai,True,1.0,True,True
How I Used Machine Learning  to Optimize My Trading Algorithm,Quantopian,quantopian.com,True,0.20588235294117652,False,False
Evernote powered website/blogging platform,Postach.io,postach.io,False,0.19999999999999996,False,False
I made a site for hosting/selling indie games,PixaTool,itch.io,,0.12244897959183676,False,False
"Framebase.io, Video for Developers",Framebase,framebase.io,,0.4615384615384615,False,False
StatusPage.io,StatusPage,statuspage.io,False,1.0,True,False
Announcing 10x Management,10x Management,10xmanagement.com,True,0.717948717948718,False,False
Dropbox for Wi-Fi,Instabridge,instabridge.com,False,0.2142857142857143,False,False
A cool live demo feature,WebEngage,webengage.com,,0.25806451612903225,False,False
God mode in production code,"Takipi, Inc.",takipi.com,,0.18181818181818177,False,False
Bootstrap for Native iOS Apps,Pixate,pixate.com,False,0.2857142857142857,False,False
"Pandas, Numpy, and SciPy users can now access our over 4M datasets",Quandl,quandl.com,True,0.11428571428571432,False,False
Free hi-resolution photos for your website. 10 new photos every 10 days,Unsplash,unsplash.com,False,0.1282051282051282,False,False
"a Node.js personal cloud you can hack, host and delete",Cozy Cloud,cozy.io,,0.29508196721311475,False,False
AWS EC2 On-demand vs. Reserved Interactive Price Comparison,PromptCloud,promptcloud.com,,0.2028985507246377,False,False
Laravel 4,Laravel,laravel.com,,1.0,True,False
Like Airbnb but for food,Cookening,cookening.com,False,0.24242424242424243,False,False
WhitePad,Indiegogo,indiegogo.com,False,0.23529411764705888,False,False
Feedback app,Red Pen,redpen.io,,0.42105263157894735,False,False
"CoderPad, an etherpad + REPL for coding interviews",CoderPad,coderpad.io,,0.2909090909090909,False,False
mist.io,MIST Technology,mist.technology,,1.0,True,False
I learned to code to launch my new startup,Uncover,uncover.com,,0.21276595744680848,False,False
Monitor the Downtime of 170+ Popular Web APIs,Zapier,zapier.com,False,0.19999999999999996,False,False
Create a WebRTC service in less time than it takes to install Skype,vline,vline.com,False,0.11428571428571432,False,False
"Lightweight Threads, Channels and Actors for the JVM",Parallel Universe,paralleluniverse.co,,0.2941176470588235,False,False
Air Code,Two Lives Left,twolivesleft.com,,0.2727272727272727,False,False
Radio,E Radio,e-radioinc.com,True,1.0,True,False
"Morning, a minimal dashboard app for iPad",Tamper,tamper.io,,0.13636363636363635,False,False
Stripe for Printing,Infraprint,infraprint.com,,0.48275862068965514,False,False
Sketch interactive Wireframes with pentotype,pentotype,pentotype.com,,0.339622641509434,False,False
my hackathon project,Quantcast,quantcast.com,,0.27586206896551724,False,False
Minisync gives your web app its own relational backend-as-a-service,Tutorspree,tutorspree.com,,0.1298701298701299,False,False
"CoreOS, a Linux distro for containers",CoreOS,coreos.com,False,0.30000000000000004,False,False
My product lets you catalog your book collection online,Libramatic.com,libramatic.com,,0.23188405797101452,False,False
Echelon,Echelon Prime,echelon.io,False,0.7,False,False
Koi.io,KOI Systems,koisys.com,,1.0,True,False
We built the easiest way to learn AngularJS,thinkster,thinkster.io,,0.23076923076923073,False,False
I'm a single founder. Please review my bootstrapped startup,Distelli,distelli.com,False,0.16666666666666663,False,False
Tracking the FISA Court in real time with a bit of code,Twitter,twitter.com,True,0.19999999999999996,False,False
"Clara.io, next-gen web-based 3D creation tool.",Exocortex,exocortex.com,,0.19999999999999996,False,False
Interactive “how to” guide and tutorial builder,Whatfix,whatfix.com,,0.15384615384615385,False,False
REST API for Global Address Verification,Lob,lob.com,,0.13953488372093026,False,False
"Easy Email Encryption inside Gmail (Alpha, Open-Source)",Streak,streak.com,,0.13793103448275867,False,False
iTunes for 3D printing,Layer By Layer,layerbylayer.com,False,0.2777777777777778,False,False
"Gingko, a tree-document editor",Gingko,gingkoapp.com,,0.36363636363636365,False,False
Spotify for Independent Music,Musicfellas,musicfellas.com,False,0.30000000000000004,False,False
We built a fast substring search engine in Go,Tamber (Business/Productivity Software),tamber.com,True,0.3661971830985915,False,False
Xpressive,Xpressive AI,xpressive.ai,True,1.0,True,True
Run iOS apps in the browser,App.io,app.io,,0.19999999999999996,False,False
Apps ranked by valuation,Sensor Tower,sensortower.com,,0.2777777777777778,False,False
Track customer happiness across all aspects of your business,Temper,temper.io,,0.18181818181818177,False,False
Rails Performance Help,Ninjas and Robots,ninjasandrobots.com,,0.2564102564102564,False,False
A search engine based on social signals,Buzzsumo,buzzsumo.com,True,0.1333333333333333,False,False
Wit,Wit.ai,wit.ai,True,1.0,True,True
3D sensing SDK for iOS,RealityCap,realitycap.com,True,0.1875,False,False
"Ditch Black Text to Read Faster, Easier",BeeLine Reader,beelinereader.com,,0.3846153846153846,False,False
Typecast,Design By Front,typecast.com,False,0.34782608695652173,False,False
WebRTC helped me to launch my startup after 2 years of waiting.,Voz.io,voz.io,,0.031746031746031744,False,False
Chemical.io,Chemical.AI,chemical.ai,True,1.0,True,True
Our Open-Source Raspberry Pi Robot,Dexter Industries,dexterindustries.com,True,0.27450980392156865,False,False
Make your app handle going offline,HubSpot,hubspot.com,,0.09756097560975607,False,False
Code Climate for JavaScript,Code Climate,codeclimate.com,,0.6153846153846154,False,False
"YinYang, a usable live programming language",Microsoft,microsoft.com,True,0.16326530612244894,False,False
"I suck at remembering names, so I built an app to help",High Five (Services (B2C Non-Financial)),wehighfive.com,False,0.2823529411764706,False,False
Check out our new 'Open Company' page,Balanced,balancedpayments.com,,0.13953488372093026,False,False
Turn any website into an API HackMIT 2013,Stylekick,amazonaws.com,,0.16000000000000003,False,False
Anomalous,Anomalous Technologies,anomaloustech.co.za,True,1.0,True,False
Collect instant user feedback directly on your website.,7scientists,7scientists.com,True,0.24615384615384617,False,False
The best way to run PHP apps,ServerPilot,serverpilot.io,,0.2564102564102564,False,False
Hadoop in Excel,DataNitro,datanitro.com,,0.16666666666666663,False,False
A search engine that lets you 'add' words as vectors,Insight Data Science,insightdatascience.com,True,0.32352941176470584,False,False
Instantly run commands in the cloud using Docker,Orchard Laboratories,orchardup.com,False,0.2941176470588235,False,False
Built a 'Kayak for courier services,Shippo,goshippo.com,,0.10526315789473684,False,False
How much can you tell about someone from their tweets?,LeadSift,leadsift.com,True,0.1311475409836066,False,False
"Open-sourcing my rejected iOS app, In-Stock",Heroku,heroku.com,False,0.125,False,False
Theremin I/O,Theremin.ai,theremin.ai,True,1.0,True,True
Backtick,Backtick Technologies,backtick.se,True,1.0,True,False
Netflix Showdown,Tinj,tinj.com,,0.30000000000000004,False,False
"Free video game trading, a year after I launched it",VGFive,vgfive.com,False,0.15384615384615385,False,False
I made 30 apps this year and I'm 15,Tumblr,tumblr.com,,0.11428571428571432,False,False
Myth,MYTH AI,myth-ai.com,True,1.0,True,True
"nvlope.com, your mailbox with an API",nvlope,nvlope.com,,0.29268292682926833,False,False
I've launched my iPhone journal app I've worked on for almost 2 years.,Hey,hey.co,,0.09090909090909094,False,False
Unbabel API,Unbabel,unbabel.com,True,0.7777777777777779,False,False
Sandstorm Personal Cloud Platform Demo,Sandstorm,sandstorm.io,,0.4736842105263158,False,False
"Neptune.io, A self-healing platform to fix server alerts automatically",Neptune.io,neptune.io,True,0.22580645161290325,False,False
A high-speed laser camera trigger for under $2,Vela Labs,vela.io,,0.1333333333333333,False,False
"We've been working on this idea, would love feedback",RealTalk,userealtalk.com,,0.16949152542372878,False,False
HackerNews web push for stories with 100+ upvotes by Roost (YC S14),Roost,goroost.com,,0.14492753623188404,False,False
Steady,stupeflix,stupeflix.com,False,0.4,False,False
Shoelace.io,Shoelace,shoelace.com,,1.0,True,False
"Static web hosting, CMS, and now blogging",900dpi,900dpi.com,,0.0888888888888889,False,False
"Realm (YC S11), a mobile database",Realm,realm.io,False,0.303030303030303,False,False
Show HN,BitSample,ycombinator.com,,0.125,False,False
"Free, anonymous coding interview practice",interviewing.io,interviewing.io,,0.3846153846153846,False,False
A data science fellowship to solve the world’s toughest problems,Bayes Impact,bayesimpact.org,,0.19444444444444442,False,False
Convert CSV files into MySQL insert scripts,Relai,appspot.com,,0.16666666666666663,False,False
Pol.is,Polis Technology,pol.is,True,0.5454545454545454,False,False
"I got hacked, felt paranoid, made an app",GlassWire,glasswire.com,False,0.1333333333333333,False,False
Stampede.io,Stampede,stampede.ai,,1.0,True,False
Duo,DUO Holding,duo.at,False,1.0,True,False
"Journi, a free travel journal iPhone app",Journi,journiapp.com,True,0.2790697674418605,False,False
Mailghost,Pathwire,mailgun.com,True,0.23529411764705888,False,False
Opp.io,Opp,opp.consulting,,1.0,True,False
WorkHub App,WorkHub,workhub.com,,0.7777777777777779,False,False
Stellar-backed Twitter upvote bot,Svbtle,svbtle.com,,0.20512820512820518,False,False
Simple algorithmic trading in JavaScript,Cloud9Trader,cloud9trader.com,,0.23076923076923073,False,False
EDI,EDI.ai,edi.ai,True,1.0,True,True
Voice,Voice AI,voice.ai,True,1.0,True,True
Sync Done Beautifully,Pixelapse,pixelapse.com,,0.19999999999999996,False,False
Create a custom app coin on the Bitcoin blockchain,Assembly,assembly.com,,0.1071428571428571,False,False
"Pagerbot, a chat bot for managing PagerDuty on-call schedules",Stripe,stripe.com,,0.15625,False,False
"Airtable, a real-time spreadsheet-database hybrid",Airtable,airtable.com,,0.2962962962962963,False,False
Snitch.io,Snitch,snitchme.com,,1.0,True,False
Soothe – Uber for Massages,Soothe,soothe.com,False,0.4,False,False
"1HOP, a free tool to handle deep linking across all devices",CommandIQ,commandiq.com,True,0.18461538461538463,False,False
Super Looper,Univers Labs,universlabs.co.uk,,0.3157894736842105,False,False
Cloud Launchpad for Google,Bitnami,bitnami.com,False,0.12121212121212122,False,False
"Polarr.co, a WebGL photo editor",Polarr,polarr.co,True,0.3870967741935484,False,False
Run dedicated iOS Simulators in the browser,Appetize.io,appetize.io,,0.1568627450980392,False,False
Dating Ring (YC W14),Dating Ring,datingring.com,,0.7586206896551724,False,False
"Imgix.js, a JavaScript library for responsive imaging",Imgix,imgix.com,,0.18181818181818177,False,False
Paymo 3,PAYMO,paymo.ru,,1.0,True,False
RecipeWriter,Cucumbertown,cucumbertown.com,False,0.33333333333333337,False,False
ReadMe.io,Taskfort,readme.io,,0.1428571428571429,False,False
Team,Team.ai,team.ai,True,1.0,True,True
"Open-Source, Free, Agile Project Management Tool",Taiga.io,taiga.io,,0.11764705882352944,False,False
Fast and simple way to get EV SSL certificates,CertSimple,certsimple.com,,0.3571428571428571,False,False
"Keyword suggestion tool and “only question"" feature",Serpstat,serpstat.com,True,0.17543859649122806,False,False
TryCatch,TryCatch Technologies,trycatch.in,,1.0,True,False
HopOn,hopOn (Social/Platform Software),hopon.com,False,0.5882352941176471,False,False
"Caddy, a cross-platform HTTP/2 web server",Caddy,caddyserver.com,,0.303030303030303,False,False
A tool to audit your Google Analytics implementation,Mixed Analytics,mixedanalytics.com,,0.36923076923076925,False,False
A tool that transforms your whole list with just one example,Transformy,transformy.io,,0.2941176470588235,False,False
Treev,Treev.co,treev.co,,1.0,True,False
"Onfleet, local delivery logistics SaaS",Onfleet,onfleet.com,,0.31818181818181823,False,False
All You Can Optimize on Your Website in a Single Report,Dareboost,dareboost.com,False,0.19354838709677424,False,False
AtomPair,Atom,atom.io,,0.6666666666666667,False,False
"Tock, a Time Tracking Tool by 18F",18F,gsa.gov,,0.18181818181818177,False,False
Spanish election results,Cronica Global Media,elespanol.com,False,0.31818181818181823,False,False
My reply to LinkedIn recruiters,Typeform,typeform.com,True,0.15384615384615385,False,False
Temple.io,Temple,templeapp.ai,True,1.0,True,False
Akepa,Snappymob,snappymob.com,,0.2857142857142857,False,False
4m-accuracy Indoor Location with Beacons,"Estimote, Inc.",estimote.com,,0.25,False,False
Sandstorm-powered “Try a demo” on Etherpad front page,Etherpad,etherpad.org,,0.2807017543859649,False,False
Free Company Logo API,Clearbit,clearbit.com,True,0.2068965517241379,False,False
Semantic Image Segmentation Live Demo,Oxford Mobile Robotics Group,ox.ac.uk,,0.3728813559322034,False,False
Nomad List 2.0,Nomad List,nomadlist.com,,1.0,True,False
Deepstream.io,DeepStream Technologies,deepstreamtech.com,True,1.0,True,False
"Valhalla, an open source routing engine",Mapzen,mapzen.com,,0.18181818181818177,False,False
"Mockups fixed by making collaboration effortless, built with React",Precursor,precursorapp.com,,0.16216216216216217,False,False
Cloudron,Cloudron UG,cloudron.io,,0.8421052631578947,False,False
File.io,File X,thefilex.com,,1.0,True,False
Cloud Storage with ZFS send and receive over SSH,Rsync.net,rsync.net,,0.21052631578947367,False,False
A career test for people who want to have a social impact,"80,000 Hours",80000hours.org,False,0.15384615384615385,False,False
Ceryx,SourceLair,sourcelair.com,,0.4,False,False
Kontena,Kontena ( Software Development Applications),kontena.io,False,0.3589743589743589,False,False
Witness,ne1,getwitness.com,False,0.4,False,False
Rubik's Cube,Slides,slides.com,,0.125,False,False
Robot that copies artist's exact strokes to replicate a painting in 3D,Instapainting,instapainting.com,False,0.30379746835443033,False,False
Tonic – A data visualizing REPL for Node.js,RunKit,tonicdev.com,False,0.1333333333333333,False,False
Algebra.js,GUN,js.org,,0.15384615384615385,False,False
Myra,Myra Labs,myralabs.com,True,1.0,True,False
gockerize,AeroFS,aerofs.com,False,0.2666666666666667,False,False
Turn a Google Spreadsheet into an API,Sheetsu.com,sheetsu.com,,0.34782608695652173,False,False
Get the real best price for your hotel or get a superior hotel,TripRebel,triprebel.com,False,0.2028985507246377,False,False
Javvy,Javvy Technologies Ltd,javvy.com,,1.0,True,False
WebGL Sprites Benchmark,Haxor,haxor.xyz,,0.2142857142857143,False,False
"Metabase, an open-source business intelligence tool",Metabase,metabase.com,,0.27586206896551724,False,False
Booky.io,Booky,booky.co,,1.0,True,False
Someone.io,Someone,someone.network,,1.0,True,False
YouTransfer,YouTransfer.io,youtransfer.io,,1.0,True,False
Cancel your Comcast in 5 minutes,Airpaper,airpaperinc.com,,0.21052631578947367,False,False
Zube.io,Zube,zube.io,,1.0,True,False
Wox,"Wox, inc",drops.nyc,,1.0,True,False
Caret,E-caret Solutions,ecaret.com.au,,1.0,True,False
Data Is Plural,TinyLetter,tinyletter.com,False,0.33333333333333337,False,False
Administrate,thoughtbot,thoughtbot.com,,0.18181818181818177,False,False
Elevator,Elevator Technologies,elevatortechnologiesinc.com,,1.0,True,False
A new general-purpose API solving common and complex problems,Neutrino API,neutrinoapi.com,,0.2816901408450704,False,False
A Firefox extension to break the habit of typing distracting websites,You Should Probably,mozilla.org,,0.2093023255813954,False,False
Ship,Real Artists,realartists.com,False,0.125,False,False
Building a Market for Penetration Testing,Stealth Worker,stealthworker.com,,0.26415094339622647,False,False
CSS Animated Husky,CodePen,codepen.io,,0.07999999999999996,False,False
Leo,Officevibe,officevibe.com,False,0.15384615384615385,False,False
HackerRank's app guarantees an interview call after a coding challenge,Loki Studios,techcrunch.com,False,0.17948717948717952,False,False
Hacking airplane headphones,Accevia,wordpress.com,,0.23529411764705888,False,False
Africa's Top Tech Talent On-demand,Kuhustle,kuhustle.com,,0.17142857142857137,False,False
I made a site that searches and compares travel info of 230+ countries,The Basetrip,thebasetrip.com,,0.23376623376623373,False,False
"A Bot to Deploy to AWS, Digital Ocean Etc.",DeployBot,deploybot.com,False,0.34042553191489366,False,False
Poetically simple code review on GitHub,Sourcegraph,sourcegraph.com,True,0.19999999999999996,False,False
Materia,Materia D,materiad.com,,1.0,True,False
Velo,velo.ai,velo.ai,True,1.0,True,True
A 3D-printed turret so you can shoot aliens for Halloween,Si digital,sidigital.co,,0.2153846153846154,False,False
"Automatic tool to summarize any text, document, or URL",Intellexer,intellexer.com,,0.22580645161290325,False,False
Mediachain Attribution Engine,Mediachain,mediachain.io,True,0.5128205128205128,False,False
Nuage,Nuage App,nuageapp.com,,0.7142857142857143,False,False
Insight AI,Insight Tech,insight-tech.co.jp,True,1.0,True,True
Calibre Test Profiles,Calibre,calibreapp.com,,0.5,False,False
"FaunaDB, a strongly consistent, globally distributed cloud database",Fauna,fauna.com,,0.1470588235294118,False,False
Play Final Fantasy On Facebook Live,Vidpresso,facebook.com,True,0.13636363636363635,False,False
CSV Explorer (YC F1),VQL,csvexplorer.com,,0.19047619047619047,False,False
Search JavaScript libraries,Linode,linode.com,True,0.18181818181818177,False,False
Cross Platform .NET Desktop Application Framework,BrowseEmAll,browseemall.com,,0.19999999999999996,False,False
15-question programming quiz with answers,Triplebyte,triplebyte.com,,0.1568627450980392,False,False
Snips is a AI Voice Assistant platform 100% on-device and private,Snips,snips.ai,True,0.18181818181818177,False,True
Version Control for Microsoft Word,Simul,simuldocs.com,,0.10256410256410253,False,False
Customer service reinvented. Bye bye old tickets,Scup Social,scup.com,True,0.2068965517241379,False,False
A Browser-based Blockchain,Nimiq,nimiq.com,,0.06896551724137934,False,False
Hacker News Applets on IFTTT,IFTTT,ifttt.com,,0.303030303030303,False,False
Cron Syntax Cheatsheet,Healthchecks.io,healthchecks.io,,0.4705882352941176,False,False
DeepForge,Deepforge AI,deepforgeai.com,True,1.0,True,True
Cinc,CINC Systems,cincsystems.com,,1.0,True,False
CheerpJ JavaFiddle,Leaning Technologies,leaningtech.com,,0.24,False,False
Crowdsourced visualization of neighborhoods in cities,Hoodmaps,hoodmaps.com,,0.16393442622950816,False,False
ORC,ORC Tech,orctech.com,,1.0,True,False
Vecta.io,Vecta Technologies,vectatechnologies.com,,1.0,True,False
"Sitebulb, a website crawler and auditor for SEOs",Sitebulb,sitebulb.com,,0.30188679245283023,False,False
Shelf,Shelf (Business/Productivity Software),shelf.io,True,0.3125,False,False
Professional profile management tool built using React,Hiration,hiration.com,True,0.19354838709677424,False,False
DeepSense,Frrole,frrole.ai,True,0.1333333333333333,False,False
Gutenberg,Gutenberg Technology,gutenberg-technology.com,,1.0,True,False
Codekeeper,Codekeeper BV,codekeeper.co,,1.0,True,False
Moebius,Moebius Solutions,moesol.com,,1.0,True,False
Paymo Time Tracker,Adobe Marketing Cloud,adobe.com,,0.3589743589743589,False,False
Find and follow journalists relevant to your startup using ML,Upbeat,upbeatpr.com,True,0.11940298507462688,False,True
Eclipse Deeplearning4j,Eclipse Foundation,eclipse.org,,0.35,False,False
Bender,Nextdoor,nextdoor.com,,0.4285714285714286,False,False
Nearly 50% of the tensorflow tagged questions on SO are unanswered,Stack Overflow,stackoverflow.com,False,0.25316455696202533,False,False
HN Status Page in the style of HN with detailed metrics,Hund,hund.io,,0.06779661016949157,False,False
CertStream,CaliDog Security,calidog.io,,0.3076923076923077,False,False
Skymind Intelligence Layer Community Edition,Skymind,skymind.ai,True,0.27450980392156865,False,False
Sundown,Sundown Solutions,sundownsolutions.com,,1.0,True,False
One year devoted to open source and I've almost made $2,Open Collective,opencollective.com,False,0.27692307692307694,False,False
Video subtitle maker,Kapwing,kapwing.com,False,0.14814814814814814,False,False
Cloud Backend,AppDrag,appdrag.com,,0.19999999999999996,False,False
Hiding code from Git diff,Twistlock,twistlock.com,False,0.11764705882352944,False,False
Culture Queries,Key Values,keyvalues.com,,0.4,False,False
"A New, Clean Geolocation API",ipdata,ipdata.co,,0.19354838709677424,False,False
Listen Notes Podcast Search API,Listen Notes,listennotes.com,,0.5581395348837209,False,False
Observable Notebooks,Observable,observablehq.com,,0.6666666666666667,False,False
ML data annotations and tagging made easy,Dataturks,dataturks.com,True,0.24,False,True
Peer-to-peer chat example built with JavaScript IPFS,Mifamilia.coin,ipfs.io,,0.24242424242424243,False,False
2D multiplayer battle royale game,Surviv.io,surviv.io,,0.10256410256410253,False,False
Collateralized Debt Agreements Using Smart Contracts and Virtual Cats,Dharma Labs,dharma.io,False,0.1333333333333333,False,False
AirHelp flight scanner finds all past flights and checks for eligibility,AirHelp,airhelp.com,,0.17721518987341767,False,False
Languagecrunch,Docker,docker.com,True,0.19999999999999996,False,False
Cipher,Cipher (Acquired 2018),cipherbrowser.com,False,0.4615384615384615,False,False
Jumprock.co,JumpRock,jump-rock.co.uk,,1.0,True,False
Read ArXiv Papers on Semantic Scholar as Responsive HTML Documents,Semantic Scholar,semanticscholar.org,True,0.3902439024390244,False,False
"Mux Video, a simple API to powerful video streaming",Mux,mux.com,,0.11764705882352944,False,False
Use machine learning and enlarge your image without losing quality,Teonite,teonite.com,True,0.1643835616438356,False,False
Convert screenshots of equations to LaTeX,Mathpix,mathpix.com,True,0.16666666666666663,False,False
API store,PhantomBuster,phantombuster.com,,0.36363636363636365,False,False
Spase.io,Spase,spase.io,,1.0,True,False
Drupal on AWS interactive architecture diagram,Ilograph,ilograph.com,,0.18518518518518523,False,False
How to Find a Job as a Software Developer in Switzerland,SwissDevJobs,swissdevjobs.ch,,0.2909090909090909,False,False
FastAPI,FastAPI Labs,tiangolo.com,,1.0,True,False
Cryptocurrency Index Builder,"Panda Analytics, Inc.",pandaanalytics.com,,0.32558139534883723,False,False
Create Chart Images from a URL,QuickChart,quickchart.io,False,0.26315789473684215,False,False
CC Search,Creative Commons,creativecommons.org,,0.31999999999999995,False,False
A Forever Free Alternative to Pingdom/Uptimerobot/Statuscake,Freshworks,freshworks.com,,0.17647058823529416,False,False
"Web App Generators for React, Angular, Vue, SQL, MongoDB or Firestore",ScaffoldHub,scaffoldhub.io,,0.1842105263157895,False,False
Use Deep Learning to Automatically Colorize Black and White Photos,Algorithmia,algorithmia.com,True,0.20779220779220775,False,False
Beatnik,Beatnik Technology,beatnik.technology,,1.0,True,False
nextdns.io,NextDNS,nextdns.io,,1.0,True,False
Create thousands of videos from a Google sheet,Moovly,moovly.com,,0.16000000000000003,False,False
Write code using natural language,Metacode,metacode.app,,0.19512195121951215,False,False
2M fully loaded concurrent WebSockets,OatPP,oatpp.io,,0.1428571428571429,False,False
Nextjournal,Nextjournal GmbH,nextjournal.com,True,1.0,True,False
BattleBots Made by 5th to 8th Graders in Robotics Club,Arduino,arduino.cc,,0.19672131147540983,False,False
Enviro+ for Raspberry Pi,Pimoroni,pimoroni.com,False,0.25806451612903225,False,False
Discover full CS curriculums for aspiring developers,Courseroot,courseroot.com,,0.25806451612903225,False,False
Hello,Hello Group,hellogroup.co.za,,1.0,True,False
Sourcery,Sourcery.AI,sourcery.ai,True,1.0,True,True
Saag as a Service,Pashi,pashi.com,True,0.30000000000000004,False,False
Curated Toolkit for Remote Work,NoHQ,nohq.co,,0.05714285714285716,False,False
Retool Templates,Retool,retool.com,,0.5454545454545454,False,False
I trained a deep learning model to build sites for me,Zecoda,zecoda.com,True,0.1454545454545455,False,False
Redsand.io,RedSand,redsand.vn,,1.0,True,False
Subreddit Finder,Valohai,valohai.com,True,0.08695652173913049,False,False
Fast Anomaly Detection in Graphs [pdf],NUS Enterprise,nus.edu.sg,,0.31999999999999995,False,False
Vuln Cost,Snyk,snyk.io,,0.3076923076923077,False,False
Career Fair,Career Fair+,careerfairplus.com,,1.0,True,False
ALMa,LightTag,lighttag.io,True,0.33333333333333337,False,False
"Create your own mobile ordering app without code, using a Google Sheet",Glowbom,glowbom.com,,0.1351351351351351,False,False
Connect customer feedback to your roadmap,ProdCamp,prodcamp.com,,0.24489795918367352,False,False
Rendering One Million Datapoints with D3 and WebGL,Scott Logic,scottlogic.com,,0.16393442622950816,False,False
Ameelio.org,Ameelio,ameelio.org,,0.7777777777777779,False,False
"Query 1.6B rows in milliseconds, live",QuestDB,questdb.io,,0.19512195121951215,False,False
"IHP, a batteries-included web framework built on Haskell and Nix",Digitally Induced,digitallyinduced.com,,0.28205128205128205,False,False
Duckling,Duckling Labs,ducklinglabs.com,,1.0,True,False
GitBook WebEditor,GitBook,gitbook.com,False,0.5833333333333333,False,False
"Taskulu, Next-gen role based project management platform",Taskulu,taskulu.com,,0.26415094339622647,False,False
Insights into billions of daily smartphone notifications,Batch,batch.com,,0.16393442622950816,False,False
TrueJob,"TrueJob, Inc.",truejob.com,,1.0,True,False
Hacker News iOS client using the new official API,Weebly,weebly.com,True,0.10909090909090914,False,False
Program Microcontrollers from Your Headphone jack,Espruino,espruino.com,,0.17543859649122806,False,False
#Startup,Startup AI,startupai.ai,True,1.0,True,True
EDAsolver picks parts and creates netlists from requirements,EDAsolver,edasolver.com,,0.26086956521739135,False,False
Simple monitoring service,Ping Labs,ping.gg,,0.2068965517241379,False,False
Hackajob.co,Hackajob,hackajob.co,,1.0,True,False
An interactive comparison chart of the 300 most popular smartphones,GNOD,gnod.com,True,0.056338028169014114,False,False
Marvel,Inferess,inferess.com,True,0.2857142857142857,False,False
Gitfs,PressLabs,presslabs.com,False,0.1428571428571429,False,False
Buttercoin (YC S13) US Bitcoin Marketplace,Buttercoin,buttercoin.com,,0.4,False,False
"My wife's email was hacked, I created an app to protect online accounts",LogDog,getlogdog.com,,0.08333333333333337,False,False
Analyze contents of your videos with Dextro's API,Dextro,dextro.co,True,0.2264150943396226,False,False
Resin.io,R&D Resin,randdresin.com,False,1.0,True,False
"Code from anywhere in the world, a curated collection of remote jobs",Remotive.io,remotive.io,,0.1643835616438356,False,False
My first book,Amazon,amazon.com,True,0.10526315789473684,False,False
Radium,Formidable Labs,formidablelabs.com,,0.25,False,False
A Sierpinski Valentine in 4 equations,Desmos Studio PBC,desmos.com,,0.31999999999999995,False,False
Portal,Portal Technologies,portaltechnologies.uk,,1.0,True,False
Online Data Science Courses for $10,Leada,teamleada.com,True,0.15384615384615385,False,False
Coderust 2.0,Educative,educative.io,,0.3529411764705882,False,False
"Penny, an easy way to track your spending",Penny,pennyapp.io,True,0.2222222222222222,False,False
Import Docker in Python and Run Anything,Deepgram,deepgram.com,True,0.16666666666666663,False,False
Slackbot for founders to track their startup's finances,Sway Finance,swayfinance.com,True,0.3076923076923077,False,False
Bonsai (YC W16),Bonsai,hellobonsai.com,False,0.631578947368421,False,False
Medical Research Summarizer,HDP Health,hdphealth.com,,0.2702702702702703,False,False
Function of Beauty (YC W16),Function of Beauty,functionofbeauty.com,False,0.8372093023255813,False,False
MindIT,MindIT Solutions,minditsolutions.it,True,1.0,True,False
Roam,Roam (Real Estate Services),roam.co,False,0.27586206896551724,False,False
Instabug 3.0 (YC W16),Instabug,instabug.com,True,0.6956521739130435,False,False
"Instrumentl, get matched with scientific grants and easily apply online",Instrumentl,instrumentl.com,,0.2716049382716049,False,False
Micro,Micro.ai,micro.ai,True,1.0,True,True
Open Source Oddworks,Odd Networks,oddnetworks.com,,0.4375,False,False
Security Training for Developers,Hacksplaining,hacksplaining.com,,0.3111111111111111,False,False
Atri,Atri Labs,atrilabs.com,,1.0,True,False
"Dexter, an open platform for building, sharing, and deploying your hack",Dexter,rundexter.com,,0.18461538461538463,False,False
Restdb.io,Restdb,restdb.io,,1.0,True,False
Talk to website visitors right from Slack,Drift.com,drift.com,True,0.24,False,False
Snakes on a Hyperplane,TinyURL,tinyurl.com,,0.2222222222222222,False,False
Feature flag management for feature lifecycle control,LaunchDarkly,launchdarkly.com,,0.2153846153846154,False,False
Automatic private time tracking for OS X,QotoQot,qotoqot.com,,0.2222222222222222,False,False
Klart,Klart AI,klartai.com,True,1.0,True,True
Instant alerts for applications in distress,Opsee,opsee.com,,0.125,False,False
Improved passive TCP/IP geolocation,Birder,gitlab.io,True,0.19512195121951215,False,False
The Segment AWS Stack,Segment,segment.com,False,0.5,False,False
Bot to steer discussions from Slack to Discourse,Dgraph,dgraph.io,True,0.11111111111111116,False,False
Keep your data out of the wrong hands,TrueVault,truevault.com,,0.17391304347826086,False,False
2D field of view demo,JSFiddle,jsfiddle.net,,0.27586206896551724,False,False
Map of immigration to the U.S. since 1820,Metrocosm,metrocosm.com,,0.2222222222222222,False,False
“Who Is Hiring?” Stats Broken Down by Month,Go Smart Solutions,gosmartsolutions.com,,0.25,False,False
"Octo.ai, Open source analytics hypervisor",OctoAI,octo.ai,True,0.18604651162790697,False,False
Certificate Transparency Log Monitor,SSLMate,sslmate.com,,0.18604651162790697,False,False
PlateJoy (YC S15),PlateJoy,platejoy.com,False,0.6956521739130435,False,False
Chalkbot,Hipo,hipolabs.com,,0.33333333333333337,False,False
Hacker Hall,Complice,complice.co,,0.21052631578947367,False,False
1M rows/s from Postgres to Python,MagicStack,magic.io,,0.19512195121951215,False,False
Tenta,Tenta Browser,tenta.com,False,0.5555555555555556,False,False
New Cool Calendar App for Android Just Launched,VentureBeat,venturebeat.com,True,0.2068965517241379,False,False
Learn Functional Programming Using Haskell,Lambda School,lambdaschool.com,,0.18181818181818177,False,False
Tomato,Tomato AI,tomatoai.it,True,1.0,True,True
Live visualization of Kafka streams,Alooma,alooma.com,False,0.24390243902439024,False,False
InstaPart,SnapEDA,snapeda.com,,0.5,False,False
We built a popular plugin-based social app using HTML5,Happening,happening.im,,0.2295081967213115,False,False
World class unlimited email hosting for all your domains from $4/month,Migadu,migadu.com,,0.136986301369863,False,False
Impact Investment Funds,Zidisha,zidisha.org,,0.19999999999999996,False,False
Secrets 2,Outer Corner,outercorner.com,,0.42105263157894735,False,False
Minimum Viable Technology (MVT) – Move Fast and Keep Shipping,Group B Labs,linkedin.com,True,0.0,False,False
Slik Prospector,Slik,slik.ai,,0.42105263157894735,False,False
Learn how to build electronics with monthly kits,Thimble.io,thimble.io,True,0.18181818181818177,False,False
Rocket,Rocket Technology,rocket-technology.com,True,1.0,True,False
Wick,Wick Editor,wickeditor.com,,0.5333333333333333,False,False
IO,Bold (California),bold.io,False,0.0,False,False
Whoishiring.io,WhoIsHiring,whoishiring.io,,1.0,True,False
A software solution to ultrasound blood flow monitoring,Dronistics,epfl.ch,,0.2962962962962963,False,False
"Hypergolix, “programmable Dropbox” with client-side encryption",AngelSlim,readthedocs.io,True,0.1470588235294118,False,False
MyHours,My Hours,myhours.com,,0.6666666666666667,False,False
A Virtual NYC Snow Globe,Ronik,ronikdesign.com,,0.2222222222222222,False,False
"Mastodon, a federated microblogging network",Mastodon Social,mastodon.social,,0.4,False,False
"Sedy, a GitHub Bot Bringing Linux Sed to Code Reviews",marmelab,marmelab.com,,0.10344827586206895,False,False
Deep Learning Personas,BigScience Workshop,huggingface.co,True,0.29268292682926833,False,False
Siftery Trending Products,Siftery,siftery.com,False,0.4375,False,False
Fly,Fly.io,fly.io,False,1.0,True,False
Construct 3,Construct,construct.net,,1.0,True,False
Insomnia REST Client now open-source,Insomnia (API testing platform),insomnia.rest,False,0.5,False,False
Ora.pm,Ora,ora.pm,,0.6666666666666667,False,False
Tux.io,TUX,tux.money,,1.0,True,False
Kryptonite,KryptCo,krypt.co,False,0.7058823529411764,False,False
"Scrivito, a serverless JavaScript CMS",Scrivito,scrivito.com,,0.38095238095238093,False,False
Dotmesh,Subtree Inc.,dotmesh.com,,0.2857142857142857,False,False
Math Art Snapchat AR Lens,Snapchat,snapchat.com,,0.48484848484848486,False,False
Textile,Textile Labs,textile.dev,True,1.0,True,False
Stratum,Stratum 4,stratum4.org,True,1.0,True,False
Decentralized P2P Messaging with Blockchain Verified Identities,Stealthy IM,stealthy.im,,0.18918918918918914,False,False
Blank,Blank Software,blanksoftware.com,,1.0,True,False
Bluetooth 5 and Bluetooth Low Energy,Novel Bits,novelbits.io,,0.2727272727272727,False,False
Parabola.io,Parabola,parabola.io,,1.0,True,False
Launchaco Free Online AI Logo Maker,Mikoplan,launchaco.com,True,0.25,False,True
We did Google Duplex for businesses in 6 months with a team of 3,Dasha,dasha.ai,True,0.09523809523809523,False,False
"Stadia Maps, reasonably priced map tiles, static maps, and routing",Stadia Maps,stadiamaps.com,,0.29729729729729726,False,False
Enlight,Enlight-AI,enlight.nyc,True,1.0,True,True
I am bootstrapping a video-based Duolingo competitor,Seedlang,seedlang.com,False,0.2142857142857143,False,False
CircuitVerse,Circuit Verse,circuitverse.org,,0.96,False,False
Transity,Feram,feram.io,,0.3076923076923077,False,False
Kontext,Kontext Pty Ltd,kontext.com.au,,1.0,True,False
Lambda speech,Free Pro,free.fr,,0.19047619047619047,False,False
CloudForecast.io,CloudForecast,cloudforecast.io,,1.0,True,False
A Build System for Packaging Applications in LXC Containers,Flockport,flockport.com,,0.18181818181818177,False,False
Arcentry API,Arcentry,arcentry.com,,0.8,False,False
BuzzFeed open source SSO,BuzzFeed,buzzfeed.com,False,0.5,False,False
Standup tool that works like Snapchat stories for remote teams,Standups,standups.io,,0.22857142857142854,False,False
Vue.js applications that interact with Ethereum smart contracts,Paperchain,paperchain.io,,0.2191780821917808,False,False
"TakeShape, a Headless GraphQL CMS and SSG",TakeShape,takeshape.io,,0.3829787234042554,False,False
SAN,San Software,sansoftware.com,,1.0,True,False
Interactive Calculus via LaTeX,The Ohio State University Institute for Materials Research,osu.edu,,0.36363636363636365,False,False
SQL Trainer,ByteScout,bytescout.com,False,0.19999999999999996,False,False
Visualize Your Rails App to ER Diagram Automatically,Holistics Software,holistics.io,,0.2295081967213115,False,False
App Academy Open,App Academy,appacademy.io,,0.814814814814815,False,False
Personal avatar generator built in ReasonML,Draftbit,draftbit.com,,0.196078431372549,False,False
Tableau-Like Data Visualizations in JavaScript,BeyondCharts,charts.com,,0.1724137931034483,False,False
Alan,Alan Solutions,alansolutions.com,,1.0,True,False
Extract main ideas in your texts with SummarizeBot,SummarizeBot,summarizebot.com,True,0.3870967741935484,False,False
Essential,Essential Solutions,essentialsln.com,True,1.0,True,False
"Open Source Suite for Binary Analysis, Based on QEmu and LLVM",rev.ng,rev.ng,,0.12121212121212122,False,False
An experimental Github/trending User Interface,Surge,surge.sh,,0.1568627450980392,False,False
"TabNine, an autocompleter for all languages",Tabnine,tabnine.com,True,0.2857142857142857,False,False
Fully-automatic image background removal tool,Remove.bg,remove.bg,True,0.2962962962962963,False,False
AlphaZero Science paper,DeepMind,deepmind.com,True,0.25806451612903225,False,False
"Hacker News 2018, Year in Review",Chart.ly,chart.ly,False,0.2564102564102564,False,False
Fill common PDF forms on the web with Anvil,Anvil,useanvil.com,,0.20833333333333337,False,False
"Crowdsourced freelance contract template, written in plain language",Shanghai Powermax Technology,archive.org,,0.2650602409638554,False,False
I built a service to discover rapidly  growing Google search topics,Trennd,trennd.co,True,0.1470588235294118,False,False
An app to help overwhelmed PMs never miss an important request,Loop HQ Inc,loophq.com,,0.14492753623188404,False,False
Using Crypto for Data Ownership and Privacy with Virtru SDK and Dev Hub,Virtru,virtru.com,,0.1558441558441559,False,False
Real world (Jupyter notebook embed) way to assess data scientists,HackerRank,hackerrank.com,True,0.1643835616438356,False,False
"Zepel, a Jira alternative for product teams",Zepel(US),zepel.io,False,0.33333333333333337,False,False
I Built a “Google Alerts” for Hacker News,Pipedream,pipedream.com,,0.18181818181818177,False,False
SideNotes 1.0 for macOS,Apptorium,apptorium.com,,0.2142857142857143,False,False
"I created Postwoman, an online, open-source API request builder",Indie Hackers,indiehackers.com,False,0.19444444444444442,False,False
No more 12-word seed phrases,SimpleID,simpleid.xyz,,0.2222222222222222,False,False
Enter your URL and view CVEs affecting your stack over last 6 months,SecAlerts,secalerts.co,,0.18666666666666665,False,False
ClearBrain (YC W18),ClearBrain,clearbrain.com,True,0.7407407407407408,False,False
I created an algorithm to help me achieve Product-Market Fit,Karma.fm,karma.fm,,0.18181818181818177,False,False
New mind mapping tool for learners,Brainio,brainio.com,,0.29268292682926833,False,False
Assist,Assist S.P.A.,assist-si.com,,1.0,True,False
Autogenerate Visual Sitemaps+Screenshots of any Public or Private Site,VisualSitemaps,visualsitemaps.com,,0.26190476190476186,False,False
ChessBoss,Devpost,devpost.com,True,0.375,False,False
I am a high school student and I did research on 3D adversarial attacks,Latent Consistency,arxiv.org,True,0.28915662650602414,False,False
Memos,MEMOS Software,memos.cz,,1.0,True,False
Coscreen.co,CoScreen,coscreen.co,False,1.0,True,False
KickStarter for open source projects and LinkedIn for OSS contributors,OpenTeams,openteams.com,,0.15189873417721522,False,False
A small bootstrapped independent VPN company in the Netherlands,WifiMask VPN,wifimask.com,,0.1917808219178082,False,False
Have I Been Pwned donations page is awesome,Have I Been Pwned,haveibeenpwned.com,,0.5357142857142857,False,False
Simple File Hosting on a CDN,Fastio,fast.io,True,0.3125,False,False
I made a simple generator to create UX design exercises to practice,FakeClients,fakeclients.com,,0.2162162162162162,False,False
Increase your readability and productivity with this simple extension,Reader Mode,readermode.io,,0.22499999999999998,False,False
Browser-based PowerPoint alternative,Sizle.io,sizle.io,,0.09756097560975607,False,False
"Octopus.do, a lightning-fast visual sitemap builder 2.0",Octopus.do,octopus.do,,0.3448275862068966,False,False
Bravo,Bravo Studio,bravostudio.app,,0.5882352941176471,False,False
A guitar tab viewer that listens,FATpick,fatpick.com,,0.16216216216216217,False,False
How to analyse 100 GB of data on your laptop with Python,Towards Data Science,towardsdatascience.com,True,0.2894736842105263,False,False
Mobile-optimized video platform to enhance SMS,Tape,trytape.com,,0.14634146341463417,False,False
LinkedIn for Chatbots,Presbot,presbot.com,,0.2142857142857143,False,False
Configurable Route Planning,GraphHopper,graphhopper.com,,0.3157894736842105,False,False
Tagx.io,TagX,tagxdata.com,True,1.0,True,False
"My Book, Hands-On Software Engineering with Golang",Packt,packtpub.com,,0.0888888888888889,False,False
Covid-19 Treatment Dashboard,Quiver Quantitative,quiverquant.com,,0.21276595744680848,False,False
From Markdown to Video,Video Puppet,videopuppet.com,,0.4117647058823529,False,False
RxResume,SHC Softwares,web.app,True,0.2857142857142857,False,False
My dad designed and built a ventilator prototype with a bicycle pump,Dropbox,dropbox.com,,0.14084507042253525,False,False
Screen,Screen.io,screen.io,,1.0,True,False
Excel-like table editing for Markdown,Document Node,documentnode.io,,0.28,False,False
"Easily move between cloud storage (S3, Backblaze, OneDrive, etc.)",Movebot,movebot.io,,0.18181818181818177,False,False
Moving from a desktop hologram lab to a 3D hologram printer,LitiHolo,litiholo.com,False,0.16949152542372878,False,False
Ask recurring questions and get aggregated answers in your email,Keyory,keyory.com,,0.1428571428571429,False,False
Visual SQL,Chartio,chartio.com,False,0.11764705882352944,False,False
A Better Alternative to Font Awesome,Iconscout,iconscout.com,False,0.18604651162790697,False,False
Automated code security assistant for developers,Shieldfy,shieldfy.io,,0.2142857142857143,False,False
Full Text Search on Podcasts,HCA,azurewebsites.net,,0.12903225806451613,False,False
Tara,Tara AI,tara.ai,True,1.0,True,True
Pantry,Pantry Software,pantry.ai,True,1.0,True,False
A simple storage pricing calculator for AWS,The Duckbill Group,duckbillgroup.com,,0.26415094339622647,False,False
I made a site where students can create and share flashcards and notes,Barbra,barbra.io,,0.11111111111111116,False,False
Easy to Understand Software Security Training,Kontra Application Security Training,application.security,False,0.5277777777777778,False,False
LinCV,AlternativeTo,alternativeto.net,,0.33333333333333337,False,False
Telehealth-Tracker,Jojuma BI,onrender.com,,0.07407407407407407,False,False
KCP,Improbable,improbable.io,,0.15384615384615385,False,False
Sassbook AI writer,Sassbook AI,sassbook.com,True,0.6956521739130435,False,False
Obsidian,Obsidian Solutions,obsidiansi.com,,1.0,True,False
Make copy suggestions on any website,Pastel,usepastel.com,,0.23809523809523814,False,False
Marple,J.MARPLE,jmarple.ai,True,1.0,True,False
I made an app for large group video calls where people shuffle around,Mixaba,mixaba.com,,0.05970149253731338,False,False
A Commodore Amiga Workbench Style Smart Watch with Mod and Say Support,Substack,substack.com,,0.1578947368421053,False,False
Zyro,Zyro.com,zyro.com,True,0.6666666666666667,False,False
Thumbsup,Bugout.dev,bugout.dev,True,0.2222222222222222,False,False
WebGL simulation of rainy autumn day/evening,CoreAI,netlify.app,True,0.16000000000000003,False,False
Humans vs AI,VWO,vwo.com,True,0.16666666666666663,False,True
"Your DevOps Control Plane, in Slack",CTO.ai,cto.ai,True,0.16216216216216217,False,True
Spaced-repetition flashcards linked to your learning materials,iDoRecall,idorecall.com,,0.14084507042253525,False,False
I compiled book recommendations from 1300+ leaders,Read This Twice,readthistwice.com,,0.25806451612903225,False,False
Primo,PRIMO AI,voiceprimo.com,True,1.0,True,True
Reclaim,Reclaim.ai,reclaim.ai,True,1.0,True,True
"I built a desktop radiation monitor with Raspberry Pi, brass and wood",Balena,balena.io,,0.17142857142857137,False,False
Typewise keyboard taking on Google (10x Dvorak and 100% Privacy),Typewise,typewise.app,True,0.23188405797101452,False,False
Muse,MuseApp,museapp.com,,0.7272727272727273,False,False
Dropbase 2.0,Dropbase,dropbase.io,True,1.0,True,False
Tweek,Tweek.,tweeksweets.com,False,1.0,True,False
"Brick, a free Notion-like tool for zero-hassle site making",Brick,brick.do,,0.16666666666666663,False,False
Life Calendar,Goodie,vercel.app,False,0.3157894736842105,False,False
"Strongweek, an iOS app focused on weeks months and years, not due dates",Strongweek,strongweekapp.com,,0.25316455696202533,False,False
Mono Icons,Mono,mono.company,,0.5714285714285714,False,False
How attractive is your website? Check using Visual Mind AI,Myraah,myraah.io,True,0.09999999999999998,False,True
Inspect,Inspect Solutions,inspectsolutions.com,,1.0,True,False
"Mimestream, a native macOS email client for Gmail",Mimestream,mimestream.com,,0.3571428571428571,False,False
Remotely Controlled Escape Room,The Bureau Adventure Games,thebureauorlando.com,False,0.38596491228070173,False,False
New platform reveals the Jamstack to non-developers,Stackbit,stackbit.com,False,0.24,False,False
Web scraping that just works with OpenFaaS with Puppeteer,OpenFaaS,openfaas.com,,0.24615384615384617,False,False
"Open-source, fully customizable voice and chat widgets for the web",Jovo,jovo.tech,,0.08695652173913049,False,False
Uncover how your funds spend money in politics,Stake,yourstake.org,,0.11764705882352944,False,False
Root Cause,Testim,testim.io,True,0.25,False,False
Design Stripe or Hacker News-like favicons in seconds,Formito,formito.com,,0.16666666666666663,False,False
Blades,I BLADES,i-blades.com,,1.0,True,False
Mental State of HN Users Before/After Lockdown,Kaggle,kaggle.com,True,0.15384615384615385,False,False
I built a site to compare Presidential Candidates speeches side-by-side,Typesense,typesense.org,,0.21052631578947367,False,False
Deploy to K8s without YAML using ShuttleOps,ShuttleOps,shuttleops.io,,0.37735849056603776,False,False
Fion,Fion Technologies,fion.tech,True,1.0,True,False
Plausible,Plausible Analytics,plausible.io,,0.6428571428571428,False,False
Chat bot powered by GPT-3,Quickchat AI,quickchat.ai,True,0.25,False,False
"Pixie, Instant Kubernetes-Native Application Observability Using EBPF",Pixie,pixielabs.ai,True,0.136986301369863,False,False
"1000 GitHub Data Science projects, now executable in 1 click",BlobCity,blobcity.com,True,0.15384615384615385,False,False
NotePlan 3,NotePlan,noteplan.co,False,1.0,True,False
A simple way to make HTML websites,NeoCities,neocities.org,,0.29268292682926833,False,False
Wasp (Alpha) is out,Wasp,wasp-lang.dev,,0.38095238095238093,False,False
Deploy your own algo-trader in 5 minutes with 0 code,Quantbase,getquantbase.com,True,0.14035087719298245,False,False
Snap Circuits Telepresence Robot,Instructables,instructables.com,False,0.3555555555555555,False,False
Squiggle,UI8,ui8.net,,0.36363636363636365,False,False
Wisdom-of-crowds survey tool that finds hidden consensus at scale,OpinionX,opinionx.co,,0.136986301369863,False,False
Create Chrome Extensions for internal use,extension.dev,extension.dev,True,0.4074074074074075,False,False
I built an intercom for my 6 yo to keep us connected during quarantine,Chordata Motion,chordata.cc,,0.2222222222222222,False,False
"I built the antithesis of Zoom. Add GIFs, stickers, BGs. Talk like IRL",Reslash,reslash.co,,0.14084507042253525,False,False
I made an alternative platform for professional profiles,Studio Cadenza,read.cv,,0.27118644067796616,False,False
AI-powered landing page builder,Headlime,headlime.com,True,0.2777777777777778,False,True
Doppler Share,Doppler,doppler.com,,0.7,False,False
Tact,Tact.ai,tact.ai,True,1.0,True,True
I've made a Figma plugin that converts design to HTML with TailwindCSS,Rendition,figma.com,,0.21333333333333335,False,False
Beacon,Beacon AI,beaconai.co,True,1.0,True,True
"I made a free course, 'NLP for Semantic Search",Pinecone,pinecone.io,True,0.16666666666666663,False,False
Podcast Audiograms,Milk Video,milkvideo.com,True,0.2142857142857143,False,False
Campy the Font,Campnab,campnab.com,,0.4761904761904761,False,False
Clone your voice and speak a foreign language,Coqui.ai,coqui.ai,True,0.16666666666666663,False,True
Simula One,SimulaVR,simulavr.com,,0.6666666666666667,False,False
Open-core icon sets that took me 12 years to create,Streamline,streamlinehq.com,,0.19672131147540983,False,False
"No-code alternative to Retool, Appsmith, Internal, etc.",Jet Admin,jetadmin.io,,0.23333333333333328,False,False
Create your own prediction market in two minutes,Manifold (Information Services),manifold.markets,True,0.36363636363636365,False,False
Tally Forms,Tally,tally.so,,0.625,False,False
Building biggest online toolbox on web (57 plus tools with a fancy UI),10015.io,10015.io,,0.028169014084507005,False,False
"Koda, a typesafe functional toolkit for Python",PyPI,pypi.org,,0.12765957446808507,False,False
Crocodile,Crocodile Solutions Software,crocodilesolutions.com,,1.0,True,False
"Warp, a Rust-based terminal",Warp,warp.dev,,0.2857142857142857,False,False
Git Timeline Generator,Preceden,preceden.com,,0.2666666666666667,False,False
"PostgresML, now with analytics and project management",PostgresML,postgresml.org,True,0.32258064516129037,False,False
MiniMail,Recap Time Squad,eu.org,,0.16666666666666663,False,False
I built a fun video meeting app with 2D physics and proximity chat,flat.social,flat.social,,0.1917808219178082,False,False
Ollin Bio,Ollin,ollin.bio,False,0.7142857142857143,False,False
"Interval, CLIs in browser with no front end code",Interval (Software Development Applications),interval.com,False,0.475,False,False
Doxx Me,Efani,efani.com,False,0.16666666666666663,False,False
TensorDock Core GPU Cloud,TensorDock,tensordock.com,True,0.5714285714285714,False,False
Chunk,Chunk Labs,chunklabs.com,,1.0,True,False
"A benchmark for analytical databases (Snowflake, Druid, Redshift)",ClickHouse,clickhouse.com,True,0.2028985507246377,False,False
I made an app to help insomniacs learn how to sleep again,Slumber One,slumber.one,,0.21212121212121215,False,False
Mind Flayer,Lusion,lusion.co,,0.3529411764705882,False,False
Browse HN Together in Three.js,Hyperbeam,hyperbeam.com,True,0.15384615384615385,False,False
Create Native Desktop Apps from WebAssembly,Wasmer,wasmer.io,,0.16326530612244894,False,False
Data pipelines for data scientists (new open-source notebook),Mage,mage.ai,,0.06349206349206349,False,False
Sale,Sale-U,sale-u.com,,1.0,True,False
"Genie Builder, no-code UI plugin for building data apps",Genie,genieframework.com,True,0.16949152542372878,False,False
Discourse Announces Chat,Discourse,discourse.org,,0.5454545454545454,False,False
Tigris,Tigris Data,tigrisdata.com,,0.7058823529411764,False,False
Practice the YC interview with a voice bot in the browser,Uberduck,uberduck.ai,True,0.12698412698412698,False,False
WunderBase,WunderGraph,wundergraph.com,,0.6666666666666667,False,False
Generate quiz questions using AI,Quizgecko,quizgecko.com,True,0.26315789473684215,False,True
Flowcart,Sukhiba,sukhiba.com,,0.1333333333333333,False,False
Quick tunnels to localhost with one command and no binary download,Pinggy,pinggy.io,,0.08333333333333337,False,False
APIs and SDKs to help developers build pricing plans faster,Stigg,stigg.io,,0.125,False,False
Codon,Codon Software,codonsoft.com,,1.0,True,False
Total.js,Total.js Platform,totaljs.com,,1.0,True,False
Bend (YC S22) A climate-friendly corporate card ($100 to try it),Bend,usebend.com,,0.1311475409836066,False,False
"Mage, Unlimited 50 Top AI Text-to-Image and GIF Models",Mage.Space,mage.space,True,0.2666666666666667,False,True
Matic,Matician,matician.com,True,0.7692307692307692,False,False
Sheet Markup,EqualTo,equalto.com,,0.21052631578947367,False,False
The HN Recap,Buzzsprout,buzzsprout.com,,0.18181818181818177,False,False
"Sym, define just-in-time access workflows in code",Symops,symops.com,False,0.18518518518518523,False,False
"Open-Source, AI Powered Notebooks for SRE Teams","unSkript, Inc",unskript.com,True,0.196078431372549,False,True
AI SQL Copilot LogicLoop,LogicLoop,logicloop.com,True,0.6,False,True
"Moderator Mayhem, a game about the difficulties of content moderation",Engine (Legal Services),engine.is,False,0.27586206896551724,False,False
Mineo.app,Mineo,mineo.app,True,0.7142857142857143,False,False
An AI-based OKRs generator,Tability,tability.io,True,0.125,False,True
Build a discord/Slack bot to answer questions with your docs and GPT4,Windmill,windmill.dev,,0.1333333333333333,False,False
Flux Copilot,Flux,flux.ai,True,0.5,False,False
Software Developer salaries in Germany by technology and city,GermanTechJobs,germantechjobs.de,,0.2909090909090909,False,False
Apricot,Apricot Tech,apricottechllc.com,,1.0,True,False
Governments on GitHub,Rill Data,rilldata.com,,0.19999999999999996,False,False
Tremor 3.0,Tremor,tremor.so,,1.0,True,False
Discipline.io,Discipline,discipline.eu,False,1.0,True,False
Dltpay,DLT Payments,dltpay.com,False,0.6666666666666667,False,False
A Notion-like platform for building interactive models,Decipad,decipad.com,True,0.19999999999999996,False,False
Experiment with Hugging Face models in a single notebook interface,LastMile AI,lastmileai.dev,True,0.16666666666666663,False,True
Structured output from LLMs without reprompting,Automorphic,automorphic.ai,True,0.24137931034482762,False,False
Visualize your Apple Music stats,Cynotect,pages.dev,True,0.15000000000000002,False,False
Prototype for ETH Signing for endorsing Wikipedia updates,Loom,loom.com,False,0.06557377049180324,False,False
Flake schemas,Determinate Systems,determinate.systems,,0.33333333333333337,False,False
"Query your database using plain English, fully on-premises",Vizly,vizly.fyi,True,0.09677419354838712,False,False
Mu,Mu Lab,mu-lab.com,,1.0,True,False
Automate complicated manual business processes,ToolJet,tooljet.com,,0.18867924528301885,False,False
Textify,Storia AI,storia.ai,True,0.3076923076923077,False,True
A website chatbot that also uses APIs,Chatwith,chatwith.tools,True,0.32558139534883723,False,False
Pykoi,CambioML,cambioml.com,True,0.15384615384615385,False,False
"Chat with your data using LangChain, Pinecone, and Airbyte",Airbyte,airbyte.com,True,0.2222222222222222,False,False
Carton,A&R Carton,ar-carton.com,True,1.0,True,False
Paisa,PAISA Technology,paisatechnology.com,True,1.0,True,False
"ElectricSQL, Postgres to SQLite active-active sync for local-first apps",ElectricSQL,electric-sql.com,,0.2716049382716049,False,False
Nue,nue.io,nue.io,,1.0,True,False
"Synthical – Like HN, but for Science",Synthical,synthical.com,True,0.4285714285714286,False,False
A virtual office for remote work,Ploito,ploito.com,,0.2222222222222222,False,False
Riffusion with Lyrics,Riffusion,riffusion.com,True,0.6,False,False
Hacker News API SDKs → Code Generation in Rust,Sideko,sideko.dev,,0.16000000000000003,False,False
3D Binpacking Algorithm Visualized,SKUSavvy,skusavvy.com,,0.1428571428571429,False,False
DaLMatian,Dalmatian Systems,dalmatian.co.uk,,1.0,True,False
Watch GitHub get spammed in real time,Trench,trytrench.com,,0.23255813953488372,False,False
"React Bricks, The only headless CMS with true Visual Editing",React Bricks,reactbricks.com,,0.3380281690140845,False,False
"Stack, an open-source Clerk/Firebase Auth alternative",Stack Auth,stack-auth.com,,0.32258064516129037,False,False
We built PriceLevel to find out what companies pay for SaaS,PriceLevel,pricelevel.com,False,0.28985507246376807,False,False
Get your unstructured data AI-ready in minutes,Tonic.ai,tonic.ai,True,0.16326530612244894,False,False
LogsQL,VictoriaMetrics,victoriametrics.com,,0.19047619047619047,False,False
Route your prompts to the best LLM,Unify,unify.ai,True,0.10256410256410253,False,True
Interactive Graph by LLM (GPT-4o),Columns Ai,columns.ai,True,0.1578947368421053,False,False
Radius,Radius Tech,314radius.com,True,1.0,True,False
I built an AI tool to help with ADHD task paralysis,Roadmap (Clinics/Outpatient Services),planroadmap.com,True,0.2962962962962963,False,True
I made a better Perplexity for developers,Devv.ai,devv.ai,True,0.14634146341463417,False,True
"Safe Routes. real time turbulence data, ML predictions with an iPad",Skypath,skypath.io,True,0.11111111111111116,False,True
Voice bots with 500ms response times,Cerebrium,cerebrium.ai,True,0.1777777777777778,False,False
Find AI,Find,finds.co.jp,True,1.0,True,True
Remove-bg,Remove-BG AI,remove-bg.ai,True,1.0,True,True
Trianglify.io,Trianglify,qrohlf.com,,1.0,True,False
Bear,Bear Systems,bear.systems,,1.0,True,False
A dead code killer for Erlang,NextRoll,nextroll.com,True,0.2857142857142857,False,False
A low-code alternative for Stripe/Twilio Integrations,Appstitch,appstitch.dev,,0.16666666666666663,False,False
"Compare prices that US hospitals charge patients, insurance companies",Turquoise Health,turquoise.health,,0.23809523809523814,False,False
Lex Fridman AI Podcast Search,Streamlit,streamlit.io,True,0.22857142857142854,False,True
Cosmic Merge Requests,Cosmic,cosmicjs.com,,0.4444444444444444,False,False
Polar Signals Continuous Profiler,Polar Signals,polarsignals.com,,0.5652173913043479,False,False
SVG Shape Generator,Softr,softr.io,,0.16666666666666663,False,False
Data on Shopify Stores,Shopgram,shopgram.io,,0.33333333333333337,False,False
White-Label TikTok,Alvin5 Inc.,alvin5.com,True,0.16666666666666663,False,False
"WebAssembly and ffmpeg = Quick clip, overlay, resize and GIF-ize videos",Vidds,vidds.co,True,0.11111111111111116,False,False
Distributed,Distributed Lab,distributedlab.com,,1.0,True,False
Soapbox,SoapBox.ai,soapbox.ai,True,1.0,True,True
"Delight, the New and Improved Spark UI",Data Mechanics,datamechanics.co,False,0.27450980392156865,False,False
My cofounder and I created a social platform for investment ideas,Utradea,utradea.com,False,0.2033898305084746,False,False
I built a tool to remove unwanted elements from photos,LibAI,cutout.pro,True,0.07272727272727275,False,False
Convect,Convect AI,convect.ai,True,1.0,True,True
Redact,"Redact Holdings, Inc.",redact.dev,,1.0,True,False
CRM for Your Job Search,Kiter,kiter.app,,0.1428571428571429,False,False
"Apply for a job through SSH, $ ssh jobs.hackclub.com",Hack Club,hackclub.com,,0.2142857142857143,False,False
Remake,ReMake Technologies,remake.video,,1.0,True,False
A Decentralized Q&A Platform,Musing,musing.io,,0.10526315789473684,False,False
"Easier, Free Webflow",Aspect,aspect.app,,0.24,False,False
Use Hookdeck to instantly and reliably manage your webhooks,Hookdeck,hookdeck.com,,0.23880597014925375,False,False
"Survey of 10k freelancers, their salaries, locations and tools",Contra,contra.com,,0.1515151515151515,False,False
Generate a free visual sitemap by crawling any website,Rarchy,rarchy.com,,0.10344827586206895,False,False
My podcast about turning side projects into businesses,Anchor FM,anchor.fm,False,0.15873015873015872,False,False
Learn a new language while you browse the web,Fluent,fluent.co,,0.20408163265306123,False,False
Open-source conversational platform and unified messaging APIs,Airy,airy.co,True,0.10526315789473684,False,False
Render Jupyter notebooks as interactive articles,Deepnote,deepnote.com,True,0.25,False,False
Sell your AI model in minutes,Volant AI,volantai.org,True,0.125,False,False
Procfile runner with interactive log viewer GUI,Deref,deref.io,,0.15384615384615385,False,False
Finding DORA with Sleuth,Sleuth,sleuth.io,,0.4,False,False
AI Background Remover,Photoroom,photoroom.com,True,0.2222222222222222,False,True
Qatalog.com,Qatalog,qatalog.com,,0.7777777777777779,False,False
Sell.app,SellApp (B2C Non-Financial),sell.app,False,0.36363636363636365,False,False
Web-based visualization for robotics and autonomous vehicles,Foxglove,foxglove.dev,True,0.1470588235294118,False,False
Leaf,Leaf Systems,leaf-systems.eu,,1.0,True,False
"Muler, a search engine for drug info built with Flask",idPET LLC,pythonanywhere.com,True,0.1454545454545455,False,False
Face Maker AI. Sketch to create photorealistic faces,Massless,massless.io,True,0.1785714285714286,False,True
Earthly,Earthly Technologies,earthly.dev,,1.0,True,False
"Download 12,000 Exclusive Design Resources",UIHUT,uihut.com,,0.12765957446808507,False,False
Napkin,Napkin AI,thenapkinai.com,True,1.0,True,True
Whole-fleet continuous profiler for C/C++/Rust/Go/JVM/Python/Ruby/PHP,Prodfiler,prodfiler.com,False,0.2222222222222222,False,False
Closer,Closer Technologies,work-closer.com,,1.0,True,False
Launch,Carta,carta.com,,0.18181818181818177,False,False
Burst,Burst Technologies,burstmedicalbilling.com,True,1.0,True,False
Reddit clone built in no-code in two weeks,Opportunities Ground,bubbleapps.io,True,0.32258064516129037,False,False
NightCafe Creator,NightCafe,nightcafe.studio,True,0.6923076923076923,False,False
Exafunction NLP,Exafunction,exafunction.com,True,0.8461538461538461,False,False
Bomberland,Coder One,gocoder.one,True,0.42105263157894735,False,False
Data-minimal Mailchimp alternative built on top of your SQL DB,Vero,getvero.com,,0.09090909090909094,False,False
KySync,ActionMind,notion.site,,0.125,False,False
Time travel debugger for web development,Replay,replay.io,,0.17391304347826086,False,False
Heroku Alternative for Python/Django apps,Appliku,appliku.com,,0.20833333333333337,False,False
Spice.ai,Spice,spiceprotocol.xyz,True,1.0,True,True
"AI powered meme search, open-source",Jina AI,jina.ai,True,0.11428571428571432,False,False
NLP and NER-powered beautiful bank transaction feed,Heron Data,herondata.io,True,0.2622950819672131,False,False
Scribe generates step-by-step guides for GUI workflows,Scribe,scribehow.com,,0.19999999999999996,False,False
Pimp My Readme,webapp.io,webapp.io,,0.19999999999999996,False,False
I built a website builder on top of Notion,Potion (Internet Software),potion.so,False,0.37735849056603776,False,False
Serverless Cloud,Serverless,serverless.com,,0.7692307692307692,False,False
Shadergarden,Tonari,tonari.no,,0.2222222222222222,False,False
An AWS Savings Plans Calculator,Cloudshim,cloudshim.com,,0.25,False,False
Security Camera Lens Calculator,IPICA Software LLC (JVSG),jvsg.com,,0.19512195121951215,False,False
Take YouTube video notes without leaving your keyboard,Instadeq,instadeq.com,,0.22580645161290325,False,False
An Interactive Voicebot Hivemind,Twitch Interactive,twitch.tv,False,0.56,False,False
Tuned,Tuned (Financial Software),tuned.com,False,0.5,False,False
Pony,Pony.ai,pony.ai,True,1.0,True,True
"You.com, private search engine that summarizes the web",you.com,you.com,True,0.23333333333333328,False,False
Document and automate your operations playbooks and business processes,Workflow86,workflow86.com,True,0.09999999999999998,False,False
View the patent and innovation history of any company,GoodIP,goodip.io,,0.13559322033898302,False,False
Jig,Jig Technologies,jigtechnologies.com,,1.0,True,False
I bought and tested the filtration of every mask on Amazon,Armbrust,armbrustusa.com,False,0.1875,False,False
Glove80 on Kickstarter-500 iterations to make split contoured keyboards,Kickstarter,kickstarter.com,False,0.2682926829268293,False,False
Create simple yet elegant Web Resumes for free,SwiftCV,swiftcv.com,,0.1132075471698113,False,False
Grams.io,Grams,gramsinc.com,,1.0,True,False
Make better food choices when grocery shopping,Sift Food Labels,siftfoodlabels.com,,0.32258064516129037,False,False
A better way to timeblock your day,Taskable,taskablehq.com,False,0.19999999999999996,False,False
I built a service to help companies reduce AWS spend by 50%,Usage AI,usage.ai,True,0.10169491525423723,False,True
Open source and collaborative platform for CI/CD,R2Devops,r2devops.io,,0.21276595744680848,False,False
Find companies with jobs using technologies you love,Techmap,techmap.io,,0.13043478260869568,False,False
I made a site that lets you discover micro-startups for sale,Microns,microns.io,,0.19047619047619047,False,False
Zipy.ai,Zipy,zipy.co.il,True,1.0,True,True
Open source machine learning inference accelerators on FPGA,Tensil,tensil.ai,True,0.12307692307692308,False,False
World’s first £3 flat fee (0% FX markup) money transfer service,Atlantic Money,atlantic.money,False,0.29850746268656714,False,False
I made a cloud security product that actually saves time,ARGOS Cloud Security,argos-security.io,,0.4444444444444444,False,False
Stock research website with next-gen alternative data,Strike.Market,strike.market,,0.2727272727272727,False,False
Two-way Jira sync in a collaborative spreadsheet and Gantt,Visor,visor.us,,0.1311475409836066,False,False
I built a simulator for personal finance,ProjectionLab,projectionlab.com,,0.24489795918367352,False,False
"I built an opensource, privacy-first Google Analytics",Swetrix Analytics,swetrix.com,,0.417910447761194,False,False
"Arctype, a cross-platform database GUI for developers and teams",Arctype,arctype.com,,0.23728813559322037,False,False
My free course for learning Imba,Scrimba,scrimba.com,,0.3076923076923077,False,False
Bike,Hog Bay Software,hogbaysoftware.com,,0.18181818181818177,False,False
A new way to write and publish research,Dystr,dystr.com,True,0.19047619047619047,False,False
"We optimize your finances, for free",Uprise (Financial Services),uprise.us,True,0.44067796610169496,False,False
America,C.E. America,ceamerica.com,,1.0,True,False
"Hellō, a cooperative approach for online identity",Hellō,hello.coop,,0.196078431372549,False,False
My book for programmers called “Junior to Senior” was published today,Holloway,holloway.com,False,0.16000000000000003,False,False
I developed an app that creates interactive product demos in minutes,Supademo,supademo.com,,0.16216216216216217,False,False
Build a website in 30 seconds using GPT-3,Durable,durable.co,True,0.18181818181818177,False,True
Low-Code ABAC,Permit.io,permit.io,,0.10526315789473684,False,False
Benthos Studio,Benthos (Network Management Software),benthos.dev,False,0.5,False,False
Hoku,Hoku Technologies,hokutechnologies.com,,1.0,True,False
Comparing Open Source Projects,OSSRank,ossrank.com,,0.2162162162162162,False,False
"General Task, a free task manager for builders (beta)",General Task,generaltask.com,False,0.4,False,False
Paid job search? Are you nuts?,Massive,usemassive.com,True,0.22857142857142854,False,False
Kùzu,KÃ¹zu,kuzudb.com,False,0.6666666666666667,False,False
"I built my own PM tool after trying Trello, Asana, ClickUp, etc.",Upbase,upbase.io,,0.09375,False,False
"Xata, serverless database on top of PostgreSQL and Elasticsearch",Xata.io,xata.io,,0.11940298507462688,False,False
Factual AI Q&A,Factual,factual.com,True,1.0,True,True
Ellie,Ellie.ai,ellie.ai,True,1.0,True,True
I made a Slack bot that qualifies your sign-ups using GPT-3,June,june.so,True,0.07017543859649122,False,True
A Video Editor SDK for Web Based on WASM and WebCodecs,IMG.LY,img.ly,,0.10344827586206895,False,False
XP1,Dust,dust.tt,True,0.0,False,False
We scaled Git to support 1 TB repos,XetHub,xethub.com,True,0.15384615384615385,False,False
Pg_CRDT,Supabase,supabase.com,True,0.1333333333333333,False,False
Phind.com,Phind,phind.com,True,0.7142857142857143,False,False
Permify Open-source Authorization Service V2 is out,Permify,permify.co,,0.24137931034482762,False,False
Web Search Powered by GPT and Bing,Perplexity,perplexity.ai,True,0.18181818181818177,False,True
Rovers,Rovers Company,therovers.net,,0.6,False,False
Merit,Merit Group,meritgroupplc.com,True,1.0,True,False
Deploy Button for GPT-3 API Back Ends,Steamship,steamship.com,True,0.1777777777777778,False,True
YouTube Summaries Using GPT,Eightify — AI Youtube Summary,eightify.app,True,0.6666666666666667,False,False
I made a video game to help reduce stress and anxiety,Vortle,vortle.com,,0.10909090909090914,False,False
AI-powered code correction that teaches you along the way,Adrenaline,useadrenaline.com,True,0.21875,False,True
Tagging Assistant,Cloudthread,cloudthread.io,True,0.1428571428571429,False,False
GPT-3 based coaching for managers in tech,Achieve Advancement,bunch.ai,True,0.2962962962962963,False,True
AskHN,Patterns,patterns.app,True,0.3076923076923077,False,False
Lost Pixel Platform,Lost Pixel,lost-pixel.com,,1.0,True,False
Duffel (YC S18),Duffel,duffel.com,,0.631578947368421,False,False
G-Script,script,script.me,,1.0,True,False
Open-source OAuth service for 40+ APIs,Nango,nango.dev,,0.1428571428571429,False,False
We built a developer-first open-source Zapier alternative,Trigger.dev,trigger.dev,True,0.24242424242424243,False,False
ChatGPT Bot Trained on Reddit Data,Looria,looria.com,True,0.25,False,False
iNet,iNet Technology Group,inettechnology.net,,1.0,True,False
Abbey,Abbey Labs,abbey.io,,1.0,True,False
Open-source Postman alternative with type safety,RecipeUI,recipeui.com,False,0.2142857142857143,False,False
Discourse,discourse.ai,discourse.ai,True,1.0,True,True
I learned to code and built a crypto analytics platform,Trading Digits,tradingdigits.io,,0.25,False,False
Shortbread – Create AI comics in minutes,Shortbread,shortbread.ai,True,0.4444444444444444,False,True
An app store just for installable web apps,Store.app,store.app,,0.3529411764705882,False,False
Running LLMs in one line of Python without Docker,Lepton AI,lepton.ai,True,0.21818181818181814,False,True
"Ambient, a multiplayer game engine and platform using WASM/WebGPU/Rust",Ambient,ambient.run,,0.2153846153846154,False,False
KISAB,Kiselkarbid i Stockholm AB,kisabsemi.com,,0.3448275862068966,False,False
Docu,Docu.ai,docu.ai,True,1.0,True,True
Multiple,"Multiple, Inc.",multipleinc.com,,1.0,True,False
Extend your platform via custom code with Deno Subhosting,Deno,deno.com,,0.15384615384615385,False,False
"A LaunchDarkly competitor, focused on pricing and product",Tggl,tggl.io,,0.06896551724137934,False,False
Pixelgen,Pixelgen Technologies,pixelgen.com,,1.0,True,False
Open-source model and scorecard for measuring hallucinations in LLMs,Vectara,vectara.com,True,0.1333333333333333,False,False
Topaz 0.30,Aserto,aserto.com,,0.2857142857142857,False,False
SQL-Configurable Alerting and Ticketing,Locale.ai,locale.ai,True,0.2222222222222222,False,True
We've built an Open Source plugin to make using AI easier for VFX,DeepMake,deepmake.com,True,0.17142857142857137,False,True
Beeper Mini,Beeper,beeper.com,,0.7058823529411764,False,False
ThreeFold,ThreeFold Foundation,threefold.io,,0.6206896551724138,False,False
Samsung NVMe Developers AMA,Reddit,reddit.com,False,0.12121212121212122,False,False
Open-source x64 and Arm GitHub runners,Ubicloud,ubicloud.com,True,0.17391304347826086,False,False
Shiny Express,Posit,posit.co,True,0.33333333333333337,False,False
Deep search of all ML papers,Undermind,undermind.ai,True,0.16216216216216217,False,True
Retriever,Retriever Software,retriever.co.uk,,1.0,True,False
Lightweight Productivity Tool,Zlinky,zlinky.com,,0.17142857142857137,False,False
"I made an app that consolidated 18 apps (doc, sheet, form, site, chat…)",Nino,nino.app,,0.09090909090909094,False,False
Hacker News Year in Review,Tableau Software,tableau.com,False,0.18181818181818177,False,False
Darwin,Darwin AI,getdarwin.ai,True,1.0,True,True
TrustTrace,TrusTrace,trustrace.com,,0.9473684210526316,False,False
ZeroPoint,ZeroPoint Technologies,zeropoint-tech.com,,1.0,True,False
CodeMate,CodeMate AI,codemate.ai,True,1.0,True,True
"Supermaven, the first code completion tool with 300k token context",Supermaven,supermaven.com,True,0.2666666666666667,False,False
Building an End-to-End Encrypted Shazam with Homomorphic Encryption,Zama,zama.ai,,0.08450704225352113,False,False
"Natural Language to SQL ""Text-to-SQL"" API",Dataherald,dataherald.com,True,0.24489795918367352,False,False
Open-source coding assistant with terminal access,Sweep,sweep.dev,True,0.11111111111111116,False,False
Million 3,Million,million.dev,True,1.0,True,False
Semantic clusters and embeddings for 500k Hacker News comments,Airtrain AI,airtrain.ai,True,0.17142857142857137,False,True
I built a backend so simple that it fits in a YAML file,Manifest,manifest.build,,0.24561403508771928,False,False
Shadow IT Scan,AccessOwl,accessowl.io,,0.34782608695652173,False,False
Hooper,Hooper Labs Inc.,hooperlabs.com,True,1.0,True,False
Horizon,Horizon Technology,horizontechnology.biz,True,1.0,True,False
I'm 17 and built a startup to find or sell parking spots,Parkt,parkt.app,,0.18181818181818177,False,False
V1,V1 Technologies,v1technologies.co.uk,,1.0,True,False
A discovery-focused search engine for Hacker News,Trieve,trieve.ai,True,0.15094339622641506,False,False
Attaching to a virtual GPU over TCP,Thunder Compute,thundercompute.com,True,0.29166666666666663,False,False
Trilogy,Trilogy AI,trilogyai.ca,True,1.0,True,True
An AI that reliably builds full-stack apps by preventing LLM mistakes,Lovable,lovable.dev,True,0.136986301369863,False,True
Fireproof,Fireproof (Business/Productivity Software),fireproof.storage,False,0.44999999999999996,False,False
Tips.io,E-Tips,e-tips.me,True,1.0,True,False
Zyme,X-Zyme,xzyme.de,False,1.0,True,False
"Aide, an open-source AI native IDE",CodeStory,aide.dev,True,0.2564102564102564,False,True
SuperSplat,PlayCanvas,playcanvas.com,False,0.30000000000000004,False,False
Interactive graphs in Rerun with a Rust port of D3-force,Rerun,rerun.io,True,0.16949152542372878,False,False
SmartHome,SmartHome Solutions,smarthomesolutionsinc.com,False,1.0,True,False
Spawn,Spawn Labs,spawnlabs.com,False,1.0,True,False
I built a serverless data API builder,Fleak Tech Inc.,fleak.ai,True,0.1578947368421053,False,False
AI-Powered Stock Market Analyst with Global Coverage,Decode Investing,decodeinvesting.com,True,0.24615384615384617,False,True
"Candix, a confidential, reverse recruiting platform",Candix,candix.com,True,0.2727272727272727,False,False
Velvet,Velvet (Business/Productivity Software),usevelvet.com,True,0.3529411764705882,False,False
"iFixit created a new USB-C, repairable soldering system",Hackaday,hackaday.com,False,0.16949152542372878,False,False
Feature Flags Backed by Git,Flipt,flipt.io,,0.25,False,False
Hestus,"Hestus, Inc.",hestus.co,True,1.0,True,False
"Open-source Railway, Render alternative running on Kubernetes clusters",Agnost,agnost.dev,False,0.10666666666666667,False,False
AI OmniGen,Omnigen,omnigen.gr,True,1.0,True,True
Kasama,JetBrains,jetbrains.com,True,0.2666666666666667,False,False
PreCog AI,Precog,precog.com,True,1.0,True,True
One,ONE Tech,onetech.ai,True,1.0,True,False
"Chorus, a Mac app that lets you chat with a bunch of AIs at once",Melty,melty.sh,True,0.125,False,False
Llama 3.3 70B Sparse Autoencoders with API access,Goodfire,goodfire.ai,True,0.18867924528301885,False,False
OCR Benchmark Focusing on Automation,NanoNets,nanonets.com,True,0.2272727272727273,False,False
Time Portal,Eggnog,eggnog.ai,True,0.11764705882352944,False,False
We built a Plug-in Home Battery for the 99.7% of us without Powerwalls,Pila,pilaenergy.com,True,0.08695652173913049,False,False
Bayleaf,Bayleaf Software,bayleaf.com,,1.0,True,False
"Firebender, a simple coding agent for Android Engineers",Firebender,firebender.com,True,0.32258064516129037,False,False
Real-time 4/20 cannabis sales dashboard using Estuary and Tinybird,Headset,headset.io,,0.16901408450704225,False,False
Aqua Voice 2,Aqua Voice,withaqua.com,,1.0,True,False
Fermi,Fermi Labs,fermilabs.xyz,False,1.0,True,False
A “Course” as an MCP Server,Mastra,mastra.ai,True,0.2068965517241379,False,False
Air Lab,Networked Artifacts,networkedartifacts.com,False,0.2727272727272727,False,False
"Conductor, a Mac app that lets you run a bunch of Claude Codes at once",Conductor,conductor.build,True,0.2432432432432432,False,False
Improving search ranking with chess Elo scores,ZeroEntropy,zeroentropy.dev,True,0.21052631578947367,False,False
Opper AI,Opper,opper.nl,True,1.0,True,True
DesignArena,Design Arena,designarena.ai,True,0.5217391304347826,False,False
RULER,OpenPipe,openpipe.ai,True,0.15384615384615385,False,False
Open source alternative to Perplexity Comet,BrowserOS,browseros.com,True,0.1923076923076923,False,False
Smooth,Smooth Labs,smoothlabs.org,True,1.0,True,False
Pinch – macOS voice translation for real-time conversations,Pinch,startpinch.com,True,0.16129032258064513,False,False
Chroma Cloud,Chroma,trychroma.com,True,0.6666666666666667,False,False
Mathpad,Crowd Supply,crowdsupply.com,False,0.10526315789473684,False,False
A WordPress plugin that rewrites image URLs for near-zero-cost delivery,WordPress,wordpress.org,,0.23076923076923073,False,False
Cynthia,Cynthia.io,cynthia.io,True,1.0,True,False
AI Timeline,Timeline,timeline.ae,True,1.0,True,True
TabPFN-2.5,Prior Labs,priorlabs.ai,True,0.18181818181818177,False,False
Superset,Superset Labs,supersetlabs.in,True,1.0,True,False
"Stickerbox, a kid-safe, AI-powered voice to sticker printer",Stickerbox,stickerbox.com,True,0.31746031746031744,False,True
A pager,Pager,pager.com,,1.0,True,False
ShapedQL,Shaped,shaped.ai,True,0.8571428571428572,False,False
Build Web Automations via Demonstration,Notte,notte.cc,True,0.2272727272727273,False,False
Sundial,Sundial.ai,sundial.ai,True,1.0,True,True
Veil,Veil.ai,veil.ai,True,1.0,True,True
Cq,Mozilla.ai,mozilla.ai,True,0.0,False,True
Klaus,Klaus AI,klausai.com,True,1.0,True,True
Mediator.ai,Mediator,mediator.as,True,1.0,True,True
Stage,Stage 2,stage2.be,,1.0,True,False
Orange Juice,Orange Juice BV,orange-juice.nl,,1.0,True,False
Output.ai,Output,output.com,True,1.0,True,True
Baton,Baton Systems,batonsystems.com,True,1.0,True,False
Zot,ZOT Corporation,zotcorporation.com,True,1.0,True,False
Agentic interface for mainframes and COBOL,Hypercubic,hypercubic.ai,True,0.1923076923076923,False,False
AI CAD Harness,Adam,adam.new,True,0.4,False,True
"I made the slowest, most expensive GPT",Ithy,ithy.com,True,0.15384615384615385,False,True
Quantus,Quantus Holdings,quantuscs.com,,1.0,True,False
Prompt Engine,JigsawStack,jigsawstack.com,True,0.16666666666666663,False,False
Visualizing website carbon footprints using steam and robotics [video],Vimeo,vimeo.com,,0.1095890410958904,False,False
CopyCat (YC W25),CopyCat,runcopycat.com,True,0.6666666666666667,False,False
Pica,PICA Corp,picacorp.com,True,1.0,True,False
GUI for editing Mermaid class diagrams,Mermaid Chart,mermaidchart.com,,0.4705882352941176,False,False
Anyshift.io,Anyshift (Business/Productivity Software),anyshift.io,True,0.42105263157894735,False,False
WASM-powered codespaces for Python notebooks on GitHub,Marimo,marimo.io,True,0.16666666666666663,False,False
Bin,Bin-e,bine.world,True,1.0,True,False
Compiler Playground for energy-efficient embedded dataflow processor,Efficient Computer,efficient.computer,,0.37209302325581395,False,False
Benchmarking VLMs vs. Traditional OCR,OmniAI,getomni.ai,True,0.19047619047619047,False,False
Cot,COT bv,cot.nl,,1.0,True,False
Moose,Fiveonefour,fiveonefour.com,True,0.25,False,False
Pi Co-pilot,Pi Labs (Business/Productivity Software),withpi.ai,True,0.303030303030303,False,False
Appwrite Sites,Appwrite,appwrite.io,False,0.7272727272727273,False,False
Chat with 19 years of HN,camelAI,camelai.com,True,0.25806451612903225,False,False
"Turn any workflow diagram into compilable, running and stateful code",Diagrid,diagrid.io,,0.16216216216216217,False,False
Codigo,Codigo AI,codigo.ai,True,1.0,True,True
Aberdeen,Aberdeen Systems,aberdeensys.com,,1.0,True,False
Vet,Vet-AI,vet-ai.com,True,1.0,True,True
I built a daily sunlight tracker,Lume Health,lumehealth.io,True,0.3076923076923077,False,False
Turbine,Turbine Labs,turbinelabs.com,True,1.0,True,False
dk,Dk Software,dksoftware.it,,1.0,True,False
Tritium,TRITIUM Group,tritiumgroup.com,True,1.0,True,False
"A private, flat monthly subscription for open-source LLMs",Synthetic Lab,synthetic.new,True,0.2222222222222222,False,False
OWhisper,Hyprnote,hyprnote.com,True,0.375,False,False
Sculptor,Imbue,imbue.com,True,0.15384615384615385,False,False
Aris,Aris Technologies,joinaris.co.uk,True,1.0,True,False
Superagents,Sourcetable — AI spreadsheet & data analyst,sourcetable.com,True,0.2978723404255319,False,True
AI toy I worked on is in stores,Walmart Global Tech India,walmart.com,True,0.26086956521739135,False,True
Semantic search over the National Gallery of Art,Mixedbread,mixedbread.com,True,0.1724137931034483,False,False
GYST,Gyst Technologies,gysttechnologies.com,,1.0,True,False
ElevenLabs UI shadcn/UI components for audio,ElevenLabs,elevenlabs.io,True,0.3703703703703704,False,False
Pulse 2.0,Pulse,mypulse.tech,True,1.0,True,False
"Detail, a Bug Finder",Detail (Software Development Applications),detail.dev,True,0.41666666666666663,False,False
Pbnj,PBnJ Solutions,pbnj-solutions.com,False,1.0,True,False
QTap DevTools,Qpoint,qpoint.io,True,0.21052631578947367,False,False
See the carbon impact of your cloud as you code,Infracost,infracost.io,,0.2142857142857143,False,False
Dock,DOCK-Y,dock-y.com,True,1.0,True,False
Lume 0.2,Cua AI,cua.ai,True,0.2857142857142857,False,True
Sparrow-1,Tavus,tavus.io,True,0.16666666666666663,False,False
Tasker,Tasker AI,tasker.ai,True,1.0,True,True
"Steerling-8B, a language model that can explain any token it generates",Guide Labs,guidelabs.ai,True,0.11111111111111116,False,False
Continue? Y/N,continue,continue-e.com,True,1.0,True,False
Open-Source AI Racing Harness,Elodin,elodin.systems,True,0.25,False,True
Rocksky,Tangled,tangled.org,,0.0,False,False
Verso,Verso Labs,versolabs.com,True,1.0,True,False
DbVis,DbVis Software,dbvis.com,,1.0,True,False
Exeri,Exeri AB,exeri.se,,0.7692307692307692,False,False
Nuvoair,NuvoAir Medical,nuvoair.com,True,0.6363636363636364,False,False
SaltX,SaltX Technology,saltxtechnology.com,,1.0,True,False
Texray,Texray AB,texray.io,,0.8,False,False
Viking Analytics,Viking Analytics AB,vikinganalytics.se,True,0.9142857142857143,False,False
MagicShot AI,hyperfocal,microlaunch.net,True,0.21052631578947367,False,True
Sprint Accelerator,Sprint Accelerator powered by Techstars,sprintaccelerator.com,,0.631578947368421,False,False
Nielsen Innovate,AdVerifai,nif.vc,True,0.24,False,False
SHOW!,Show,show.gg,True,1.0,True,False
G-mana,Mana,withmana.com,True,1.0,True,False
Change,C-Change,c-change.io,True,1.0,True,False
VocaVu,Vocavu Solutions,vocavu.com,,1.0,True,False
Furious,Furious Corp,furiouscorp.com,,1.0,True,False
isBIM,isBIM Limited,isbim.com.hk,True,1.0,True,False
AIC T-Hub,Sorted,webflow.io,True,0.0,False,False
Bonobo AI,Bonobo,bonobolabs.com,True,1.0,True,True
Ario Technologies,Ario,heyario.com,True,1.0,True,False
Trace Labs,Trace,trace.so,True,1.0,True,False
BonAngels Portfolios,AI agency that enables cross-border influencer marketing,bonangels.net,True,0.273972602739726,False,True
mui Lab,MUI,mui.com,,1.0,True,False
Adora株式会社,株式会社AtoJ,startupleague.go.jp,True,0.4705882352941176,False,False
fomo,FOMO Group Holdings,fomo.family,,1.0,True,False
Spinor Energy,Silverton Power,linkventures.com,True,0.4285714285714286,False,False
Agentic AI for Cross-Border Commerce,MakinaRocks,naver.com,True,0.2272727272727273,False,True
