id,name,description,vs,cb_tag,ai_score,ai_mentioned,llm_ai_verified,bucket,ref_label,ref_unsure
79042,Velisa Africa Academy,"Velisa Arica Academy provides youth work-readiness programmes in the Media and Information Communications and Technology (MICT) sectors. The Velisa Africa Academy was developed to deliver sound, expert and practical training in the areas of Business Internships and Learnerships, as well as skills programs and personal development. Their core business lies within the Information and Communication Technologies (ICT) sector where they provide comprehensive training initiatives for the Data Centre environment including those technologies allied to the Data Centre.  They partner with international and local product vendors, businesses, Governments and individuals in addressing the skills shortage in the ICT sector. Their activities cater for both the South African and the broader African market segments and offers a unique value proposition to all participants, providing a trustworthy and reliable pipeline of skilled ICT resources for the market and solid, experiential, all-rounded workplace-readiness training programmes for IT graduates entering the market.  Their programmes and training initiatives are managed within the framework of the SA Government mandated B-BBEE and social development initiatives, and through their value added services, they aid companies in achieving their B-BBEE score card objectives and social development mandates. Velisa Africa Academy is a MICT SETA accredited, Level 2 QSE, 51% black-owned, 31% black female-owned training provider and is thereby a useful supplier in terms of all elements of the B-BBEE scorecard.",verified_cb,False,0.0,False,,Commercial A,0.0,False
241361,Tzekwan,"Tzekwan engages in the research, development, and technical support of financial equipment, biological, and software products. Tzekwan is a supplier of financial equipment. They engaged in the research, development, and technical support of financial equipment, biotech products, and software products.",verified_cb,False,0.0,False,,Commercial A,0.0,False
552871,Mighty Machines,"Mighty Machines is a manufacturer of CNC machine parts, crusher machine parts and precision machine components. nan",verified_cb,False,0.0,False,,Commercial A,0.0,False
646434,ClimeNow,ClimeNow aids ClimateTech growth with strategy execution and operating model design. nan,verified_cb,False,0.0,False,,Commercial A,0.0,False
414859,BZ,"BZ is an information technology company that provides cloud, IT management, programming, and telecommunications services. nan",verified_cb,False,0.0,False,,Commercial A,0.0,False
590120,Media Cannibal,"Media Cannibal is an AI-enhanced digital marketing agency offering social media marketing, website design, and digital marketing solutions. Media Cannibal is an AI-enhanced digital marketing agency that focuses on transforming businesses through innovative strategies. The company offers a full range of services including social media marketing, website design, and digital marketing solutions. Media Cannibal also provides insightful articles, industry trends, and inspiration on digital marketing, design, and innovation through its blog.",verified_cb,True,0.2,False,,Commercial A,0.0,False
398677,Cloud9 Consulting,"Cloud9 Consulting provides strategy, process improvement, business transformation, organizational change, and program management to clients. Cloud9 Consulting provides business and technology consulting services to companies and government agencies. For key business and technology initiatives, the company offers both strategy and implementation services. The firm is expertise in the area of digital and cloud technology, strategy and transformation, project management and business architecture.",verified_cb,False,0.0,False,,Commercial A,0.0,False
291336,Pennonsoft,Pennonsoft is an online training firm that provide you with excellent IT online training programs that will be well worth your time. nan,verified_cb,False,0.0,False,,Commercial A,0.0,False
536634,Shree Shyam Trading Company,Shree Shyam Trading Company is a trader and importer of industrial chemicals and powders. nan,verified_cb,False,0.0,False,,Commercial A,0.0,False
115298,InquisIT LLC,InquisIT is an information technology company specializing in cyber security and software support services. nan,verified_cb,False,0.0,False,,Commercial A,0.0,False
187919,Yuanda Robotics,Yuanda Robotics is develop robots that are as approachable as an ordinary tool and as easy to use as a smartphone. Yuanda Robotics is develop robots that are as approachable as an ordinary tool and as easy to use as a smartphone.,verified_cb,False,0.0,False,,Commercial A,0.0,False
244750,THE STEERING,"Software enabling autonomous car shipping Highlighted in the 69 list of autonomous startups worth investment, Miami based, female founded The Steering develops, markets and operates an autonomous car shipping software - platform and app - which manages a full cycle of car transportation process online.   Shipper app allows individual and corporate customers to submit car shipping requests that are routed to the system registered drivers.  Shippers enjoy end-to-end car delivery transaction fully online with ETA, payment processing and other useful SAAS features.  Carrier application allows to manage vehicle loads, conduct billing, generate reports and documentation.   Patented Route Configuration Engine and Vehicle Load Calculator enable car hauling trucks to pick up available vehicles along the route while factoring in the characteristics of the specific trailer.  These tools empower the opportunity for autonomous car shipping trucks.",verified_cb,False,0.0,False,,Commercial A,1.0,False
201209,Instrutrónica,Instrutrónica offers you a solution to monitor and control your systems remotely. nan,verified_cb,False,0.0,False,,Commercial A,0.0,False
460868,MailHippo,HIPAA Compliant Email & Online Forms MailHippo provides a number of HIPAA compliant technology products for healthcare providers.  These include encrypted email messaging and online forms.,verified_cb,False,0.0,False,,Commercial A,0.0,False
197854,Inside Parts,"Inside Parts is an IT firm that offers services and solutions for web design, hosting, cloud solutions, software, hardware, and webshop. nan",verified_cb,False,0.0,False,,Commercial A,0.0,False
413490,300.000 Km/s,"300.000 Km/s is an urban planning agency that provides consulting, data analysis, and design services for urban and territorial diagnosis. nan",verified_cb,False,0.0,False,,Commercial A,0.0,False
418431,Pixels In Stereo,"Pixels In Stereo is a consultancy that offers business development strategies, UX design, and chatbot and Voice bot conversation design. nan",verified_cb,False,0.0,False,,Commercial A,0.0,False
326929,Point Taken,Point Taken specializes in digital transformation and collaboration consulting services. nan,verified_cb,False,0.0,False,,Commercial A,0.0,False
1602413,Mechanical and AI Lab,"Mechanical and AI Lab offers algorithms and tools to learn, infer, and predict the physical phenomena pertinent to mechanical engineering. They focuses on the problems at the interface of mechanical engineering and data science. They bring together researchers with different backgrounds and interests, including mechanical, computer science, bio-engineering, physics, material, and chemical engineering.",verified_cb,False,0.9,True,,Commercial A,1.0,False
418098,Yeastime,"Yeastime's value proposition is its innovative retrofitting ultrasound technology, which accelerates fermentation by up to 30%. Yeastime's value proposition is its innovative retrofitting ultrasound technology, which accelerates fermentation by up to 30%. This groundbreaking approach not only boosts efficiency but also represents a significant leap forward in food technology, setting Yeastime apart as a true pioneer in the field.",verified_cb,False,0.0,False,,Commercial A,0.0,False
84414,MoWeb Media,"Focusing on the future’s sophistication on all things digital & connecting brands to their audiences by technology, creativity and marketing MoWeb Media is a digital marketing agency that focuses on today’s technologies and the future’s sophistication on all things digital, providing solutions of connecting companies and brands to their audiences through technology, creativity, branding and marketing. The Moroccan based agency is specialized on serving some of the most luxurious national brands in the country, the digital marketing agency is now managing companies from different industries while still maintaining the quality work for the high-end brands. Our approach is based on two words: Brands & Culture. Since the agency is always putting culture first in order to be able to deliver great deliverables on business, Our mission is to deliver the right messaging and communications by using attention that can tap into culture and that can make genuine interactions with our brands in the long term.",verified_cb,False,0.0,False,,Commercial A,0.0,False
223141,code-in-motion,code-in-motion provides equipment and custom integrated solutions for manufacturing needs. nan,verified_cb,False,0.0,False,,Commercial A,0.0,False
36492,Cyfeon Solutions,"Cyfeon Solutions provides data optimization solutions to help analyze, optimize, automate, and control business processes. Cyfeon Solutions is a business solutions company that correlates disparate and copious amounts of data and present that collective information in a usable way. They specialize in analysis, data profiling and modeling; and anomaly detection. It provides front office tools for back office management.  They develop answer factory: a multi-sourced, data analytics, and action platform that unites a company’s internal data with the world's external data to improve decision making. The company delivers business solutions on top of big data and other data sources to improve answer quality. It also offers automated compliance for financial services. Cyfeon Solutions was founded by Brandon Smith in 2011 in Austin, Texas.",verified_cb,False,0.0,False,,Commercial A,1.0,False
192915,Pay4Sale,Pay4Sale develops a concept that makes the website a unique sales device and deals with all internet marketing. nan,verified_cb,False,0.0,False,,Commercial A,0.0,False
151094,Milênio Bus,"Milênio Bus integrates a hardware, application, and software capable of knowing the stocking in buses, in real time. Milênio Bus integrates hardware, application, and software capable of knowing the stocking in buses, in real time. Milênio Bus brings the technologies of IoT (Internet of Things), Artificial Intelligence and Computational Vision to count, in real time, the flow of people in buses.",verified_cb,True,0.30000000000000004,True,,Commercial A,1.0,False
605697,N7R Info-Tech Co.,"N7R Info-Tech Co. focuses on VR hardware/software, gaming, and mobile ecosystems. nan",verified_cb,False,0.0,False,,Commercial A,0.0,False
617831,Thedigitech,"TheDigiech is a digital marketing agency that offers business consulting, digital analytics, and graphic design services. nan",verified_cb,False,0.0,False,,Commercial A,0.0,False
1607476,Aiseeyou,"Aiseeyou is an IT company that offers AI-powered services, IoT, and data analytics solutions.",verified_cb,False,0.9,True,,Commercial A,0.0,True
183276,POICON,POICON has dedicated itself to the software development of GPS and POI products. nan,verified_cb,False,0.0,False,,Commercial A,0.0,False
252328,Watone Cloud Data,"Watone Cloud Data is mainly engaged in ''the cloud data center, cloud computing, cloud applications, cloud network'' of business development. nan",verified_cb,False,0.0,False,,Commercial A,0.0,False
440496,Vector Vibe,"Vector Vibe is an advertising company that provides digital marketing, SEO, web development, graphic design, and branding services. nan",verified_cb,False,0.0,False,,Commercial A,1.0,False
1597474,Quant Coding,"Software development and data science consultancy focusing on developing web applications and machine learning models for clients. In addition, Quant Coding is working on its own product development. Working with technologies such as Python, JavaScript and using the latest technology advances in machine learning and data science to deliver excellent value to clients.",verified_cb,False,0.9,True,,Commercial A,,False
636694,Vertical,"Vertical is an IT company that offers strategic communications, market research, cloud, software design, and development services. nan",verified_cb,True,0.2,False,,Commercial A,0.0,False
402760,ccFOUND,"EdTech, e-commerce, IT Thanks to you, ccFOUND will become the most popular educational portal in the world. It brings people together and allows them to exchange information, knowledge and wisdom. How much exactly did we collect and what does it mean for the project? Summary soon!",verified_cb,False,0.0,False,,Commercial A,0.0,False
438822,DesignRevol,"DesignRevol is a web design, development, and website maintenance company. DesignRevol offers logo design, business branding, website development, e-commerce websites, and mobile technologies. Their service includes website development, e-commerce development, brand creation, video animations, and website maintenance services.",verified_cb,False,0.0,False,,Commercial A,0.0,False
103060,Sqilline,"Sqilline commit to delivering truly innovative solutions to oncologists, patients and customers. nan",verified_cb,False,0.0,False,,Commercial A,0.0,True
185499,Impact Media Live,"Impact Media Live provides web, mobile, & desktop application development services. nan",verified_cb,False,0.0,False,,Commercial A,0.0,False
261129,Commitpoint,"Commitpoint offers IT staffing, outsourcing, consulting, management training, risk assessment, software evaluation and recruiting services. nan",verified_cb,False,0.0,False,,Commercial A,0.0,False
409591,Zyantama Megantara,"Zyantama is a digital marketing agency in Indonesia that focuses on SEO, SEM (Ads PPC), SMM, web dev, branding, and design nan",verified_cb,False,0.0,False,,Commercial A,0.0,False
628711,Farm To Plate,"Supply chain track and trace | Blockchain | Farm To Plate Farm to Plate is a pioneering blockchain solution for the Food and Beverage industry. We aim to create an ecosystem that ensures visibility, compliance, and innovation within the food supply chain.  Leveraging Distributed Ledger/Blockchain Technologies, our team of experts provides comprehensive insights into this technology landscape and its implications.",verified_cb,False,0.0,False,,Commercial A,0.0,False
201053,Data Monitoring,Data Monitoring develops applications and devices for monitoring machines and processes using open source technologies. nan,verified_cb,False,0.0,False,,Commercial A,0.0,False
530312,Jikken Technology,"Jikken Technology builds tailored applications and infrastructure for businesses. Jikken Technology is an information technology company that focuses on understanding the unique needs of each business to build appropriate applications and infrastructure. The company utilizes Linux and BSD at the core of their systems to support applications, making them capable of building application servers, firewalls, and database servers. They approach each customer with the proposition of bringing new business to their business, aiming to enhance their operations and profitability.",verified_cb,False,0.0,False,,Commercial A,0.0,False
390091,Granite & Marble Works,"Granite & Marble Works is a stone countertops manufacturer. Granite & Marble Works manufacturer and installer of natural and man-made stone countertops, vanities, bar tops, fireplace surrounds, furniture pieces, accents, and more. From small residential projects to large ones.",verified_cb,False,0.0,False,,Commercial A,0.0,False
290162,ACRC Trials,"ACRC Trials is an investigator site that specializes in Phase II-IV pharmaceutical, device studies and clinical research services. nan",verified_cb,False,0.0,False,,Commercial A,0.0,False
476122,Desert Fox Entertainment,Desert Fox Entertainment is a creative content agency that creates metaverse space through virtual and augmented reality technology. nan,verified_cb,False,0.0,False,,Commercial A,0.0,False
70697,Information Shield,"Information Shield provides time-saving products and services to help build, update, and maintain information security. Information Shield provides time-saving products and services to help build, update, and maintain information security. It also offers information security professional and security awareness training services. Information Shield is based in Houston, Texas.",verified_cb,False,0.0,False,,Commercial A,0.0,False
348548,Alfred,"Alfred is a LinkedIn automation tool that offers campaign management, analytics, CRM, team management, and social media scheduling services. nan",verified_cb,False,0.0,False,,Commercial A,0.0,False
367215,CCK Builders,"CCK Builders is a construction company that offers project development, field management, remodeling, and general contractor services. nan",verified_cb,False,0.0,False,,Commercial A,0.0,False
160725,Tanyan,"Tanyan is a social networking-focused business banquets ordering app. Tanyan is a social app that deeply digs into the circle of people and promotes an offline appointment. It expands the trust relationship with friends through mutual push, and instantly forms an online dating group for more business. People improve the efficiency of personal communication and promote more possibilities for business cooperation.",verified_cb,False,0.0,False,,Commercial A,0.0,False
43659,Shiva Holistic Homeopathy Centre,"Shiva Homeopathy is a health clinic that helps patients using alternate medical treatments. Shiva Homeopathy is the best in class Homeopathy clinic in Singapore. Our decade long experience power us to provide treat various health problems.  Homeopathy Consultant in Singapore :  Dr. Tejinder Kaur, (B.H.M.S) is a well renowned and dynamic Homeopathic Consultant with more than 10 years of clinical experience. She has studied homeopathy intensively for more than a decade and has been designing homeopathic treatment protocols that makes lives more confident and positive. She has a unique way of understanding her patients and an extraordinary way of treating their illness. It's always better experienced than explained.",verified_cb,False,0.0,False,,Commercial A,0.0,False
83110,Finoit Technologies,"Premium, full-service software development company that builds scalable and secure software products for startups, SaaS and SMBs. Technology consulting and Implementation services in following domain- 1. Enterprise Mobility and Consumer mobility 2. Enterprise Application Development(ERP, CRM, DMS) and Custom Web based development 3. IoT(Consulting, Solution development, implementation and Support) 4. Field Force and Field service management",verified_cb,True,0.2,False,,Commercial A,0.0,False
128436,VRsenal,VRsenal is a market leader in premium virtual reality peripherals and integrations. VRsenal is a market leader in premium virtual reality peripherals and integrations,verified_cb,False,0.0,False,,Commercial A,0.0,False
509183,Dt. Dental,Dt. Dental is a software company that develops schedule management solutions for dentists to manage the records and billing process. nan,verified_cb,False,0.0,False,,Commercial A,0.0,False
360643,Cornwell Internet,Cornwell Internet is a digital marketing company that provides web design consultancy and maintenance services. nan,verified_cb,False,0.0,False,,Commercial A,0.0,False
256246,Infolastic,"Infolastic creates, optimizes, maintains, evolves and trains on Salesforce.com solutions. nan",verified_cb,False,0.0,False,,Commercial A,0.0,False
496328,Tydoe,Tydoe is an information technology firm that provides software and application-based services and solutions. nan,verified_cb,False,0.0,False,,Commercial A,0.0,True
404522,Teamstand,"Teamstand is a technology firm that offers access to digital files, document unification, data, and discussions in a shorter time. nan",verified_cb,False,0.0,False,,Commercial A,0.0,False
502426,Websites bauen - jeder kann das,Websites Bauen - jeder kann das is an information technology firm that helps in developing personal websites. nan,verified_cb,False,0.0,False,,Commercial A,0.0,False
370140,ERES,"ERES is an application that provides performance assessment, report building, implementation, integration, and consulting solutions. nan",verified_cb,False,0.0,False,,Commercial A,0.0,False
25593,Peridrome Corporation,"Peridrome Corporation offers services for wealth management, technical analysis, software development, and project management. Peridrome offers software services, strategic and tactical analysis, and technical expertise to wealth management organizations.",verified_cb,False,0.0,False,,Commercial A,0.0,False
485723,AcostaCo,"AcostaCo is a proud sourcing company that offers consulting, enterprise sales, and marketing services for products. nan",verified_cb,False,0.0,False,,Commercial A,0.0,False
179374,Cybertek Networks,Cybertek Networks delivers proactive maintenance services through our flat-rate IT support service. nan,verified_cb,False,0.0,False,,Commercial A,0.0,False
328863,Eskalate,"Eskalate provides web, mobile, CRA, and core engineering development services. nan",verified_cb,False,0.0,False,,Commercial A,0.0,False
336349,Ninyes,Ninyes is Europe's most advanced Resale-as-a-Service solution for responsible fashion brands. The secondhand market grows fast. This is great! … But the fashion brands are not earning anything. Ninyes turns the resale market into profits for fashion brands. Immediately. We are secondhand 3.0 and with our Resale-as-a-Service solution move resale from inconvenient P2P  into professional B2B business.,verified_cb,False,0.0,False,,Commercial A,0.0,False
35837,PublicRelay,"PublicRelay offers media monitoring and analytics solutions, delivering strategic, actionable insights to communications professionals. PublicRelay is a public relations intelligence and action platform. Our solution is a powerful combination of intelligent software and human analysis that delivers the highest quality information, tools, and expertise all in one place to coordinate, act, and influence key individuals in the increasingly fast-paced world of media communications.",verified_cb,False,0.0,False,,Commercial A,0.0,False
401377,Cubevo,"Cubevo is a creative advertising and digital agency specialized in web design and development, mobile apps, marketing and advertising. nan",verified_cb,False,0.0,False,,Commercial A,0.0,False
613243,EnterERP,"Enter Yazılım provides cloud-based ERP software and mobile apps for CRM and contract management. Enter Yazılım offers a range of software solutions including EnterERP, a cloud-based real-time enterprise resource planning (ERP) software designed for medium to large-scale businesses. The company also provides the Enter App, which allows users to manage activities such as customer relationship management (CRM) and natural gas contract management through mobile devices. These solutions aim to enhance productivity, flexibility, and insights for established enterprises.",verified_cb,False,0.0,False,,Commercial A,0.0,False
182494,BroadLink International,"BroadLink International is an IT company that specializes in providing smart home solutions. BroadLink International is an IT company that specializes in providing smart home solutions. It offers electrical gadgets, lighting control, and universal remote solutions. The company was founded in 2013 and is headquartered in Hangzhou, China.",verified_cb,False,0.0,False,,Commercial A,0.0,False
351256,"Pilgrim Consulting Group, Inc","Custom software development 12000 ANCIENT CREST CIR #12107, FRANKLIN TN 37067 CUSTOM SOFTWARE DEVELOPMENT",verified_cb,False,0.0,False,,Commercial A,0.0,False
504088,Phylloceuticals,Phylloceuticals provides pharmaceuticals as a service technology to its customers. nan,verified_cb,False,0.0,False,,Commercial A,0.0,True
263585,Touchline Interactive,"Touchline Interactive is a software company which provides Augmented Reality, Mobile Devices, Digital Marketing & Creative Services. nan",verified_cb,False,0.0,False,,Commercial A,0.0,False
144487,Wonderobe,SaaS solution for apparel retailers increasing CLTV (retention & average check) Wonderobe is an AI-powered chatbot helping fashion retailers suggest individualized outfit recommendations matching the clothes customers bought recently. It increases customer lifetime value for retailers and saves time for people completing outfits with what they own.,verified_cb,True,0.30000000000000004,True,,Commercial A,1.0,False
559119,DeyIT,"DEY IT SERVICES LTD provides IT solutions, digital marketing services, and web development support. DEY IT SERVICES LTD is an IT solutions provider that focuses on making marketing more efficient. The company has been established for over a decade and has a team of experts who review the needs of their clients and come up with suitable solutions. Their services include digital marketing, which is a sought-after service in the UK. They also provide support for proxy and have CORS enabled, indicating a focus on web development and security. The company operates from its head office in Beaconsfield, Buckinghamshire.",verified_cb,False,0.0,False,,Commercial A,0.0,False
322699,Nudhum,Nudhum focuses deliver cost effective solutions for business using engagement model that helps to streamline business projects effectively. nan,verified_cb,False,0.0,False,,Commercial A,0.0,False
233049,Chirdent,Chirdent renders multiple websites for dentists to purchase and sale of equipment and offices as well as document production for patients. nan,verified_cb,False,0.0,False,,Commercial A,0.0,False
401357,UrBriskSource,"UrBriskSource provides graphic design, corporate branding, animation, website design, and development services. nan",verified_cb,False,0.0,False,,Commercial A,0.0,False
1587074,Archanet Technologies,Archanet Technologies Inc was formed 2001 to support clients with web based and client server applications. They specialize in custom native mobile applications on both iOS and Android. Since 200,verified_cb,False,0.75,False,,Commercial A,0.0,False
161001,Lingua Custodia,"Natural Language Processing (NLP) and Gen AI for Finance Lingua Custodia is a Fintech company leader in Natural Language Processing (NLP) for Finance. It was created in 2011 by finance professionals to initially offer specialised machine translation. Leveraging its state-of-the-art NLP expertise, the company now offers a growing range of Generative AI applications: Speech-to-Text automation, Document classification, Linguistic data extraction from unstructured documents, Mass web crawling and data collection, Retrieval Augmented generation, ... and achieves superior quality thanks to highly domain-focused machine learning algorithms. Its cutting-edge technology has been regularly rewarded and recognised by both the industry and clients: Investment houses, custody or investment banks, private banks, financial divisions within major corporations, and service providers for financial institutions.",verified_cb,True,0.30000000000000004,True,,Commercial A,1.0,False
385283,Ethos CRS,"Ethos CRS specializes in corporate training, e-learning, leadership coaching, professional writing, and government policies and regulations. nan",verified_cb,False,0.0,False,,Commercial A,0.0,False
511626,Atelier,Atelier is to invest a large sum of money upfront to design and build a custom storefront. nan,verified_cb,False,0.0,False,,Commercial A,0.0,True
93861,Mustang Marketing,"Interactive agency located in Lublin, Poland. We provide reliable and effective web solutions for small and mid business nan",verified_cb,False,0.0,False,,Commercial A,0.0,False
275032,Sturdy,We are replacing Git with real-time code collaboration in the cloud Sturdy is an online-first code collaboration platform. Simple to get started. Synchronising and keeping track of changes is automatic.,verified_cb,False,0.0,False,,Commercial A,0.0,False
498280,Doctor Telco,"Doctor Telco is a telecommunication agency that provides internet, VoIP, SaaS, and virtual private network services. nan",verified_cb,False,0.0,False,,Commercial A,0.0,False
473925,AVN Solutions,"AVN Solutions is a technology firm that offers design consultation, engineering, installation, and programming of audio-visual systems. nan",verified_cb,False,0.0,False,,Commercial A,0.0,False
262970,Mash Enterprise Technology Group,"Mash Enterprise Technology Group provides licensing, contract negotiation, staffing, resale and implementation consulting services. nan",verified_cb,False,0.0,False,,Commercial A,0.0,False
368089,BeLogic,"Belogic is an industrial automation company. BeLogic designs and produces electrical switchboards for industrial applications in-house. They provide services in panel building, mainly for the process industry and machine building. They offer services for installing industrial cabling, cableways, or wire trays. They provide services to placing necessary supports for hanging control cabinets and remote I/O cabinets, placing and connecting cables, installing and connecting compressed air. They provide services for the development of all industrial process automation for production companies and machine builders.",verified_cb,False,0.0,False,,Commercial A,0.0,False
273953,ICBioethics,ICBioethics bioethics provides software products and services for the healthcare industry and academia. nan,verified_cb,False,0.0,False,,Commercial A,0.0,True
110698,WiFi Magic,"Collaborative Social Network for WiFi Passwords WiFi Magic is a collaborative social network for sharing WiFi passwords worldwide. With over 16 million downloads and 1.6 million WiFi spots worldwide. It was founded by Aleksandar Mandic a pioneer of internet services in Brazil in the 90's, sucessfuly exiting his first 3 internet mail services",verified_cb,False,0.0,False,,Commercial A,0.0,False
345002,Fincra,"Fincra provides payments solutions that enable to accept payments securely, get settled and move money across borders. Fincra provides customers with a seamless payment experience. They eliminate the challenges associated with traditional payment processing methods. They collect payments from individuals or businesses locally and internationally using Fincra's payment portal or integrating their collections API into the application. They provide a cheaper method of collecting payments also to settle these payments dynamically in multiple currencies.",verified_cb,False,0.0,False,,Commercial A,0.0,False
466902,MageCosmos,"MageCosmos focuses on creating personalized and intelligent virtual worlds. MageCosmos is an innovative virtual reality platform that leverages cutting-edge technologies such as deep learning and artificial intelligence to provide a next-generation immersive computing experience. By using semantic understanding and computer vision, MageCosmos creates a highly realistic virtual world that offers a range of innovative interaction designs and artificial intelligence applications, including voice and vision. One of the key advantages of MageCosmos is its ability to provide a decentralized and encrypted virtual asset management system, allowing for secure and efficient virtual economic activities. Additionally, the platform provides tools and applications for digital intelligent transformation for enterprises and teams, helping them carry out virtual collaboration, digital marketing, and other activities to improve efficiency and reduce costs. As a metaverse product, MageCosmos offers a brand-new and fascinating social entertainment experience for users, with a high level of realism and interactivity. This platform is ideal for individuals looking for an escape from the real world and for businesses seeking to optimize their operations through digital transformation. MageCosmos is continually improving its user experience, driven by industry-university-research cooperation and outputting core invention patents to maintain a leading position in cutting-edge technology. Overall, MageCosmos is an excellent choice for anyone looking for a next-generation virtual reality experience that is secure, efficient, and highly engaging.",verified_cb,False,0.1,True,True,Commercial A,1.0,False
268543,High School Technical Services,"We offer coding and technology training in topics such as DevOps, blockchain, Python, machine learning, data science, and more. nan",verified_cb,True,0.1,True,,Commercial A,0.0,False
140788,Assured Allies,Assured Allies is on a mission to make successful aging accessible. Assured Allies they are developing technologies with long-term care industry leaders and insurance companies.,verified_cb,True,0.2,False,,Commercial A,0.0,True
30390,Higher Logic,"Higher Logic is a cloud-based community platforms. Higher Logic is an industry leader in cloud-based engagement platforms. Their data-driven approach gives organizations an expanded suite of engagement capabilities, including online communities and marketing automation. From the initial web visit to renewal and ongoing engagement, we help you track and manage interactions along each stage of the digital customer experience. Organizations worldwide use Higher Logic to bring people all together, by giving their community a home where they can interact, share ideas, answer questions, and stay connected. Everything we do - the tools and features in their software, their services, partnerships, best practices - drives their  ultimate goal of making organization successful.",verified_cb,False,0.0,False,,Commercial A,0.0,False
509633,MineTree,MineTree is a data integration company specializing in the development of web systems and the interconnection of logic systems. MineTree is a data integration firm that engages in developing web systems and along with linking logic systems. The company also engages in AI and has strong capabilities in mathematical processing and creating valuable logic.,verified_cb,True,0.2,False,,Commercial A,0.0,True
360834,Adept Field Solutions,"Adept Field Solutions is a healthcare market research company engaged in providing data-collection and project management services. Adept Field Solutions is a healthcare market research company providing a comprehensive data-collection and project management service, covering qualitative and quantitative methodologies. Adept offers research agency clients a seamless global fieldwork service tailored to meet exacting standards.  Drawing on a combination of highly skilled individuals working within the team along with selected partners around the world, Adept is uniquely able to provide its clients with best solution for all healthcare market research methodologies. Adept is an independent business with no ties to any full service agencies or any one supplier.  This enables Adept to put forward the optimum customised solution for each unique project and gives clients the access to a wide range of expert resources.",verified_cb,False,0.0,False,,Commercial A,0.0,False
394861,INNOVATOR_INSTITUT,"INNOVATOR_INSTITUT focuses on technology management, business development, innovation implementation, and networking. nan",verified_cb,False,0.0,False,,Commercial A,0.0,True
443586,Madprotek,"MadPro Tek is a renowned and leading global firm that offers IT solutions and services to clients around the world. MadPro Tek is a renowned and leading global firm that offers IT solutions and services to clients around the world. Its offices are located in Singapore, Dubai, and Hosur, India. MadPro Tek offers a complete range of uncompromising quality and value-added IT products and services. In addition to this, end-to-end solutions by engaging industry experts and cutting-edge technologies are provided. MadPro Tek is the ideal provider of solutions for open-source eCommerce Software, Application development & maintenance services, Mobile Application development, Mobile website development, Professional staffing services, Web channel optimization services, Infrastructure Services & IT Security Solutions. We aim to deliver optimal solutions that help our customers achieve their business goals. We helped companies to achieve synergy between business and IT goals. We continuously invest in new technologies, processes, and people to help our customers stay ahead of the competition and achieve their business goals.",verified_cb,False,0.0,False,,Commercial A,0.0,False
356960,Verity Marketing Solutions,"Verity Marketing Solutions is a marketing agency specialized in web development, social media, SEO, and marketing. nan",verified_cb,False,0.0,False,,Commercial A,0.0,False
1590809,IntelliPhi,"To succeed in a diverse, dynamic, interconnected marketplace, modern leaders must leverage the right mix of data, intelligent (AI/ML) solutions, and seasoned judgment. IntelliPhi advances human & digital go-to-market decision support for enterprises, startups, analysts and investors for greater ROI.",verified_cb,False,0.9,False,,Commercial A,1.0,False
221799,Axian,"AXIAN provides data communication connection between the endpoints, providing a transparent medium for a wide variety of applications. nan",verified_cb,False,0.0,False,,Commercial A,0.0,False
415075,Levana,"Levana is a decentralized exchange protocol designed to enable leveraged positions for any asset. Levana is a decentralized exchange protocol designed to enable leveraged positions for any asset. Levana is a cross-chain leverage AMM DEX for the Cosmos ecosystem, bringing leverage to any asset; Index Tokens, Perpetual Swaps, Tokenized Swaps, Perps and more. Founded in 2021, Levana offers permission-less, censorship-resistant, capital-efficient markets and a crypto-derivated trading platform that helps to spread awareness and adoption of decentralized finance that enables clients to create a place to trade on the blockchain and onboard a global audience of web2 users to the world of web3.",verified_cb,False,0.0,False,,Commercial A,0.0,False
503411,Tessafold,"Tessafold is an IT company that provides software development, web development, AI and data science, and mobile app development. nan",verified_cb,True,0.30000000000000004,True,,Commercial A,0.0,True
516153,Datamorphosis Technologies,"Datamorphosis Technologies is an IT company that provides machine learning, big data, analytics, app development, and IoT services. nan",verified_cb,True,0.1,True,,Commercial A,0.0,True
1600107,PolyMod Technologies,"PolyMod Technologies offers engineered sealing solutions for a wide variety of industrial hydraulics, aerospace, and robotics applications.",verified_cb,False,0.75,False,,Commercial A,0.0,False
225475,haicj.com,haicj.com is an information publishing platform for used cars. haicj.com is a used car trading center. They offer acquisition services for registered vehicles. Their online business is provided by various relevant business departments and many partners for the majority of users.,verified_cb,False,0.0,False,,Commercial A,0.0,False
607143,C2C,"C2C offers marketing, digital marketing, content marketing, website design, advertising, SEO, videography, and photography services. nan",verified_cb,False,0.0,False,,Commercial A,0.0,False
483704,Socanin,"Socanin is an engineering and consulting firm that offers project and construction management, and project support services. nan",verified_cb,False,0.0,False,,Commercial A,0.0,False
519100,Alvinox,"Alvinox designs, manufactures, and installs storage tanks, boilers, and mixing equipment. nan",verified_cb,False,0.0,False,,Commercial A,0.0,False
346199,Socionext,"Socionext is a semi conductor company. Socionext provides technologies and solutions in imaging, smart sensing, automotive, 5G network and data center.",verified_cb,False,0.0,False,,Commercial A,0.0,False
33363,BizeeBee,"BizeeBee is a membership management platform enabling entrepreneurs to track revenue and attendance, manage member relationships, and more. Membership management made easy.  With BizeeBee owners and staff of offline membership based businesses can track attendance and revenue, sell services and take payments thereby increasing renewals and retaining members.  Businesses such as yoga, dance, martial arts, and fitness studios as well those who teach performing arts and continuing education classes have benefited and grown their business using BizeeBee.",verified_cb,False,0.0,False,,Commercial A,0.0,False
380108,Ideas in Focus,"Ideas in Focus is a consumer insight strategic consulting firm that focuses on brand development, workshops, and ideation facilitation. nan",verified_cb,False,0.0,False,,Commercial A,0.0,False
533773,Orbit-Shift Consulting Services,"Orbit-Shift Consulting Services offers e-learning solutions, including learning advisory, design strategy, and UX/UI design. nan",verified_cb,False,0.0,False,,Commercial A,0.0,False
306909,Amaxx,"Amaxx offers preventative maintenance services through their flat-rate TotalCare IT Service Plan. Amaxx offers preventative maintenance services through their flat-rate TotalCare IT Service Plan. As your Virtual CIO, they let you focus on running your business instead of managing your technology. Their relationship starts with an evaluation of your current state of technology, including infrastructure, hardware, and line-of-business applications and vendors. Their team works with you to identify core processes, pain points and vulnerabilities, then performs an analysis of threats to determine business risks. This process allows them to design a long-term Technology Plan aligned with your business objectives.",verified_cb,False,0.0,False,,Commercial A,0.0,False
149472,Delaware Exaserv,"Delaware Exaserv is a software solutions provider helping companies. Provider of SAP services for small, midsize and large businesses. The company's services include SAP enterprise resource management (ERP), business intelligence (BI), customer relationship management (CRM), invoice management (IM) and NetWeaver services.",verified_cb,False,0.0,False,,Commercial A,0.0,False
270018,Vertex Spatial Solutions,"we make business spatially capable and valuable 'Geospatial', 'Cloud', 'Satellite Products', 'Drone'",verified_cb,False,0.0,False,,Commercial A,0.0,False
233733,Roadrunner Networking,Roadrunner Networking specializes in managing the computer network for the clients. nan,verified_cb,False,0.0,False,,Commercial A,0.0,False
546148,SenID,"Payment environment, Credit access, focusing on embedded financial solutions that cater to the needs of the unbanked and underbanked At SenID, our vision is to redefine the financial landscape for both merchants and consumers through our innovative embedded financial platform. We understand the challenges that merchants face with high transaction fees from credit card payments. Our goal is to significantly lower these costs, offering a more economical and efficient alternative that enhances their bottom line, making us an attractive partner for businesses seeking financial optimization. For our users, we're tackling critical issues that have long been barriers in the financial world. From the difficulty in accessing credit to the complexity of managing diverse financial products, our solutions are designed with the user in mind. Leveraging cutting-edge generative AI technology, we simplify the onboarding process, making credit more accessible to a broader audience. Moreover, we focus on educating our users, empowering them to make informed financial decisions and avoid the pitfalls of credit traps.",verified_cb,True,0.30000000000000004,True,,Commercial A,0.0,False
50738,Memberson,"Memberson is a software platform that allows for retailers to connect more easily with their customers. Shopper Response Systems for Merchants and Retailers.   Memberson is a technology provider.  Memberson's ''Reaktor'' software platform - enables shopping mall operators, retailers and franchise operators to Connect, Engage, and Transact with shoppers and customers. The company's core focus is to enable its clients to increase revenues by interacting with shoppers and customer in clever and sophisticated ways.  Available in enterprise or cloud-hosted versions, the Reaktor software platform is optimized for very high volumes of transactions in real-time.  Memberson's clients also include marketing companies and systems integrators.   Software Connectors enable legacy ERP, POS, CRM, OSS/BSS solutions and systems like SMS/MMS to interface and communicate with the software platform.  A variety of available software modules provide an uncommonly rich set of functions including Analytics, Loyalty, Campaigns, Social Network Integration, Metrics as well as other transactional features.   Memberson's Reaktor software platform employs patent-pending proprietary technology that is extensible via an open web-based API.    Application areas for Memberson's Reaktor software platform include: Banking and Credit Cards, Healthcare, Retail, Transportation, Entertainment and any area that requires Connecting, Engaging and Transacting with large numbers of Shoppers or Members.  Vertical ''quick-start'' solution sets for market segments including shopping malls, multiple store retailers, entertainment and food & beverage franchisors are available, enabling very rapid deployment of powerful, yet customized solutions for increasing revenues whether on the Web, in physical storefronts and/or mobile settings.  Memberson also provides a range of professional services tailored to clients' specific needs and the company also partners with specialized agencies and systems integrators that focus on the Retail, Loyalty and CRM segments.    Shopper Response Systems based on the company's solutions have already been deployed developed by merchants that engage with millions of shoppers everyday.  Memberson's clients have reported sales increases of up to 30%.",verified_cb,False,0.0,False,,Commercial A,0.0,False
177295,SpecTronics UK,"SpecTronics is a consulting company that offers data backup, collaboration, disaster recovery and IT support services. nan",verified_cb,False,0.0,False,,Commercial A,0.0,False
443223,Stella Automotive AI,"Stella Automotive AI is an artificial intelligence technology that enables solutions for the automobile industry to talk to customers. Stella Automotive AI is an artificial intelligence technology that enables solutions for the automobile industry to talk to customers. It uses cognitive conversational artificial intelligence to answer phones, talk to customers, and strengthen core BDC functions like setting appointments.",verified_cb,True,0.30000000000000004,True,,Commercial A,1.0,False
68111,Zamenhof.net,"White-label online language tutoring service (B2B). We help B&M language schools to be online. Zamenhof is a white label online language tutoring service. With the Zamenhof's teachers, any language school can create an online version of their service under their own brand name.",verified_cb,False,0.0,False,,Commercial A,0.0,False
189575,Snatch Singapore,Snatch is a local community application to help generate more opportunities for all. nan,verified_cb,False,0.0,False,,Commercial A,0.0,True
185985,NYrender Architectural Services,"Architectural Services •	Drawings, AutoCAD 2D & 3D •	Space planning •	Retail, commercial and residential layouts •	Construction documents •	Shop drawings: Millwork, Glass & Metal, Stairs, Landscape etc •	CAD conversions •	Surveys, as-built drawings •	Photorealistic Renderings, 3D Max, Vray •	Walk-through Video, UE4 •	Virtual reality (VR for Oculus) •	Kitchen design •	Construction administration, owners representation •	15 years of experience in Architecture, Millworking, Architectural metal and glazing, Construction and Project Management",verified_cb,False,0.0,False,,Commercial A,0.0,False
45311,PSD To Wordpress Expert,"PSD to Wordpress Conversion Company PSDtoWordPressExpert is a leading web development company, which is well renowned for quality WordPress solution of great excellence and at very affordable price. With proven proficiency and expertise in WordPress, it is capable to deliver result oriented, error-free and effective product specialized in PSD to WordPress conversion, Custom WordPress Development, WordPress theme development and others. They are committed to provide maximum benefits to clients despite of generating healthy profits and produce a strong client base by expanding the realm of business and WordPress. The incorporated dedicated WordPress team is highly experienced and skilled, who love to comprehend and put their best efforts to meet the entire business needs and objectives.",verified_cb,False,0.0,False,,Commercial A,0.0,False
305663,ForeNova Technologies Inc.,US-based cybersecurity specialist offering affordable and comprehensive Network Detection and Response to small and medium-sized businesses ForeNova is a US-based cybersecurity specialist offering affordable and comprehensive Network Detection and Response (NDR) to small and medium-sized businesses to efficiently mitigate damage from cyber threats and minimize business risks. ForeNova operates its own data center for European customers in Frankfurt am Main and designs all solutions DSGVO (GDPR) compliant.,verified_cb,False,0.0,False,,Commercial A,1.0,False
263981,MINDEVOLVED,"Software & Web Solutions MINDEVOLVED is a Technology & Solutions provider that specialises in emerging technologies; AI, Machine Learning, Cloud Native apps, Custom Software Solutions and dApps.",verified_cb,False,0.1,True,,Commercial A,1.0,False
530676,Chemsol Polymer Industries,"Chemsol Polymer Industries manufactures and markets paints, resins, flooring, and waterproofing chemicals for the industrial sector. nan",verified_cb,False,0.0,False,,Commercial A,0.0,False
398333,SymTerra,"A communication tool built for on-site project teams, replacing WhatsApp & linking with existing systems to better report what's happening. SymTerra is an integrated project communication tool that connects everyone to the project.",verified_cb,False,0.0,False,,Commercial A,0.0,False
421303,Metarank,"Open-source personalized ranking service We’re building an open-source personalized ranking service, making complex ML relevancy tasks approachable by mere mortal developers.  Like an algorithmic feed from Facebook, but maximizing engagement on your website with goals you defined, and without sharing your user data.  Hiring a team of ML experts and implementing such a system in-house is risky and takes time.  The goal of Metarank is to make niche ML algorithms easy and fast to integrate - like with ElasticSearch in 2011 when people realized that you don’t need to be an expert in Java and XML to build search.",verified_cb,True,0.2,False,,Commercial A,1.0,False
510072,Mek Euro Engineering,Mek Euro Engineering designs and constructs of machinery for the canning and press sectors. nan,verified_cb,False,0.0,False,,Commercial A,0.0,False
637552,MAEM,Maem® offers alternative marine spare parts for vessel engine room equipment. nan,verified_cb,False,0.0,False,,Commercial A,0.0,False
314098,Human Fractal,"HumanFractal is an AI-based digital health company for patient management. HumanFractal is an AI-based digital platform for patient management and care to healthcare providers. The company provides an app-based platform as well as a web portal for appointment booking, patient-doctor communication, and more. It provides virtual care facilities that can be accessed via video call or voice call, e-prescription generation, and more. The platform provides patient engagement systems for education, self-care tools, and care instructions. The company provides marketing solutions for patient acquisition.",verified_cb,True,0.2,False,,Commercial A,1.0,False
356607,TechMantra Global,"TechMantra Global offers consulting, IT staffing, outsourcing, enterprise content management, salesforce CRM, and infrastructure services. Discover top-notch IT consulting and outsourcing services in Dubai with a trusted Salesforce partner and Microsoft Gold Partner. Elevate your business efficiency and innovation through strategic technology solutions tailored to your needs. Salesforce partner | Microsoft Gold Partner | IT Consulting And IT Outsourcing in Dubai",verified_cb,False,0.0,False,,Commercial A,0.0,False
190006,Akeles Consulting,Akeles Consulting is a solutions provider specialized in delivering solutions using Atlassian software. nan,verified_cb,False,0.0,False,,Commercial A,0.0,False
1588615,C. Kirk Media & Technology Consulting,C. Kirk Media & Technology Consulting consults on enterprise tools & systems at the intersection of technology personalization & innovation.,verified_cb,False,0.75,False,,Commercial A,0.0,True
275429,Shikaken,"Shikaken provides planning, development, production, operation and design of computer systems and software. nan",verified_cb,False,0.0,False,,Commercial A,0.0,False
1601810,High IQ,"High IQ provides automation solutions and digital transformation. They offer MSAs, SOWs, procurement contracts, service agreements, software,  licenses, and data extractions. Their services include sales and maintenance services.",verified_cb,False,0.75,False,,Commercial A,0.0,False
642691,Instituto Educativo Digital,"Instituto Educativo Digital provides primary, secondary, technical, and language education via a digital platform. nan",verified_cb,False,0.0,False,,Commercial A,0.0,False
335897,International Consulting Engineers,"ICE is a construction industry engineering consulting design organization that works with architects, developers, and builders. nan",verified_cb,False,0.0,False,,Commercial A,0.0,False
544524,B2on Tecnologia,"B2on Tecnologia is an IT company that offers outsourcing, proactive monitoring, and infrastructure installation services. nan",verified_cb,False,0.0,False,,Commercial A,0.0,False
565387,SIGAS Measurement Engineering Co.,"SIGAS Measurement Engineering Co. is a manufacturer of trace gas analyzers, continuous emission monitoring systems, and gas sensors. nan",verified_cb,False,0.0,False,,Commercial A,0.0,False
583946,Dustoff Technologies,"DUSTOFF Technologies offers IT solutions in health info, cyber security, and big data, focusing on federal projects. DUSTOFF Technologies specializes in health information technology, cyber security, and big data solutions. As a service-disabled veteran-owned small business, it focuses on delivering comprehensive IT services. The company engages in strategic partnerships and mentor-protege joint ventures to enhance its service offerings. DUSTOFF Technologies has a notable presence in federal construction projects and has been involved in developing innovative solutions for dust removal in space exploration contexts, showcasing its commitment to leveraging technology for complex challenges.",verified_cb,True,0.2,False,,Commercial A,0.0,True
34761,A2Z SourceTech,"A2Z SourceTech is a Bangalore-located company offering web applications, infrastructure and BPO services. A2Z SourcE consistently delivers Web Applications services, Infrastructure services, and Business Process Outsourcing (BPO) services in India & globally through a combination of technology knowhow, domain and process expertise. Our results focus on real improvement in business performance for our clients. We bring to our clients a credible and experienced global leadership team driving service delivery through the next generation global delivery model.   We service clients in Financial Services, Manufacturing, Communications, Media & Entertainment, Healthcare & LifeSciences, Transportation & Logistics, Retail & Consumer Packaged goods, Energy & Utilities, and to Governments around the world.   A2Z SourcE (then,AptsourcE) was formed in October 2007 after the revised affiliation of the Bangalore-based IT consulting company, , besides an onsite presence at key locations in India, the company headquartered in India has an extensive offshore infrastructure for Applications, BPO, and Infrastructure services.",verified_cb,False,0.0,False,,Commercial A,0.0,False
371860,CyberPeace Institute,"CyberPeace Institute is an independent and neutral nongovernmental organization. CyberPeace Institute is an independent and neutral nongovernmental organization whose mission is to ensure the rights of people to security, dignity, and equity in cyberspace.",verified_cb,False,0.0,False,,Commercial A,0.0,False
427883,Virtual Dynamic Labs,"Virtual Dynamic Labs is an Open Metaverse cloud service provider. Virtual Dynamic Labs is an Open Metaverse cloud service provider. The business includes 3D game asset hosting, Cloud App streaming, and Metaverse Cloud App developer tool.",verified_cb,False,0.0,False,,Commercial A,0.0,False
600402,New Smart Egypt Integrated Solutions,"New Smart Egypt Integrated Solutions is an IT company that offers network infrastructure, ERP, and VOIP services. nan",verified_cb,False,0.0,False,,Commercial A,0.0,False
245614,Black Diamond Equipment Rental,Black Diamond Equipment Rental specializes in commercial and industrial equipment supply and services. nan,verified_cb,False,0.0,False,,Commercial A,0.0,False
646222,Bellefield,Bellefield is a commercial real estate agency that provides property design and renovation services. nan,verified_cb,False,0.0,False,,Commercial A,0.0,False
190209,Membit,"Membit operates globally specialising in Providing Smart AI based Chatbots & Voicebot Established in 2016 amalgamating the exceptional software development pedigree of Irox, the vision of our CEO Ruthie Margalit and the demand for intelligent Chatbots, Membit is now leading the way in delivering exceptional Conversational AI solutions via our partners and resellers.   Today, Membit operates globally specializing in Providing Third Generation Smart AI based Chatbots & Voicebots: Membit is the Conversational AI Company  Membit focuses on partner enablement and prides itself on quality and vision. Since our inception our solutions have been deployed in many vertical industries. As a result, the Membit solutions today are now regarded as the Conversational AI experts and have become the authority on driving value through our entire partner community.",verified_cb,True,0.2,False,,Commercial A,1.0,False
481391,Kaiwang Data,Kaiwang Data is a one-stop shop for data solutions. Kaiwang Data is a one-stop shop for data solutions. It focuses on offering complete data labeling solutions for automakers and businesses involved in autonomous driving.,verified_cb,False,0.0,False,,Commercial A,0.0,False
1597436,MIA data,MIA data is an analytics technology company specializing in artificial intelligence and machine learning applied to the digitalization of business procurement processes.,verified_cb,False,0.9,True,,Commercial A,1.0,False
559621,Illinois Pump,"Illinois Pump offers services and sales for pumps, motors, and related controls, including a 24-hour emergency service. Illinois Pump provides services and sales for pumps, motors, and related controls. The company offers a 24-hour emergency service, ensuring that customers can get assistance whenever they need it. The company's main focus is on the manufacturing industry, providing solutions for various machinery and equipment. Illinois Pump is committed to responding quickly and efficiently to customer needs, ensuring that their operations run smoothly and without interruption.",verified_cb,False,0.0,False,,Commercial A,0.0,False
244859,Pathfine,Pathfine is an IT company that offers ASP services for small and medium-sized enterprises and software sales and development services. nan,verified_cb,False,0.0,False,,Commercial A,0.0,False
94197,QED Naval,"QED Naval is a naval architecture consultancy that is focused on the development of the marine renewable energy industry. QED Naval is a naval architecture consultancy that is focused on the development of the marine renewable energy industry and the vessel requirements for deployment of offshore wind, wave and tidal devices.  QED Naval alongside its collaborations also support the development of port and near shore infrastructure required to deploy marine renewables such as quays, breakwaters and pontoons.",verified_cb,False,0.0,False,,Commercial A,0.0,False
417205,Uaguria,"Uaguria Software is an IT firm that provides digital business automation, web development, e-commerce, IoT, and cyber security services. nan",verified_cb,False,0.0,False,,Commercial A,0.0,False
192811,Tesorion.nl,"Tesorion offers cyber security solutions to companies securing their industrial, official, cloud, mobile, & IoT data. nan",verified_cb,False,0.0,False,,Commercial A,0.0,False
446849,Ivory,Ivory is a trust-tech platform supporting community engagement and open dialogue to benefit companies. Ivory is a trust-tech platform supporting community engagement and open dialogue to benefit companies. The company was founded in 2021 and is based in Singapore.,verified_cb,False,0.0,False,,Commercial A,0.0,False
228336,Bytesize,"Bytesize aims to render web design, market research, SEO, e-commerce, information monitors, housing system and software development. nan",verified_cb,False,0.0,False,,Commercial A,0.0,False
462640,Tangle.io,"Tangle offers reusable components, drag and drop capabilities without requiring any code, secure architecture, and full code extensibility. Tangle is an intuitive open source platform that offers reusable components, drag and drop capabilities without requiring any code, secure architecture, and full code extensibility, enabling businesses to create corporate apps in a matter of hours.",verified_cb,False,0.0,False,,Commercial A,0.0,False
511188,Geco,"Geco specializes in security systems, passenger information displays, and digital signage services. nan",verified_cb,False,0.0,False,,Commercial A,0.0,False
521650,DataExperts,DataExperts is a software development and data science agency that offers web development and data science services. nan,verified_cb,False,0.1,True,,Commercial A,0.0,False
346129,Impower Platform,"Impower helps female professionals nurture behaviors that promote career growth through its mobile app. At Impower, we are advancing rising female professionals to own the female future. We harness the power of psychology, leadership development, and technology to help women transform for career success by nurturing career-boosting behavioral changes and skills with the ease and convenience of a mobile app.",verified_cb,False,0.0,False,,Commercial A,0.0,False
353083,Silja Luoma,"Silja Luoma is a provider of digital marketing services. Silja Luoma designs and implements complete digital marketing strategies. They offer cross-channel marketing strategy, social media marketing, search engine marketing, search engine optimization, and marketing automation services.",verified_cb,False,0.0,False,,Commercial A,0.0,False
629446,WIZniche,"WIZniche offers a Business Service Management System for small businesses, integrating scheduling and dispatching to streamline operations. nan",verified_cb,False,0.0,False,,Commercial A,0.0,False
89428,Association of Cloud and Mobile Computing Professionals (ACMCP),"The Association of Cloud and Mobile Computing Professionals (ACMCP) is a non-profit making professional organization founded in 2014. The Association of Cloud and Mobile Computing Professionals (ACMCP) is a non-profit making professional organization founded in 2014. Members of ACMCP come from a wide spectrum of professions including experts in areas including but not limited to consultancy, investment, sales and marketing, innovative design, internet-related professional services and mobile application developers.  - Dedicated to bring up the awareness of Cloud and Mobile Computing, and promote its adoption, knowledge sharing among members, universities and companies. - Facilitate the communication and collaboration among the interested international parties in Cloud and Mobile Computing related areas. - Encourage information technology adoption in local businesses and communities.",verified_cb,False,0.0,False,,Commercial A,0.0,False
41852,Workrede,"Enable people, purpose, and process with every communication Workrede is a global leader in mobile workforce productivity and engagement. We enable digital efficiencies that strengthen human participation and cooperation. Innovation is driven by decades of hands-on experience and deep industry learnings that instill trust in all customers, partner, and user relationships. We are committed to growing and transforming connectivity for the individuals, organizations, and communities we serve. We drive business transformation through intelligence and human participation.",verified_cb,True,0.2,False,,Commercial A,0.0,False
386334,City Gate Construction,"City Gate Construction specializes in property construction, maintenance, refurbishment, timber preservation, and steel fabrication. nan",verified_cb,False,0.0,False,,Commercial A,0.0,False
169163,MILIZE,"MILIZE is the development and operation of a web platform that integrates financial engineering, AI research, development, and operation. MILIZE is a development and operation of a web platform that integrates financial engineering, AI research, development, and operation.",verified_cb,True,0.2,False,,Commercial A,1.0,False
646274,Southwest Aerospace Technologies,Southwest Aerospace Technologies is a certified FAA/EASA repair station for aircraft services. nan,verified_cb,False,0.0,False,,Commercial A,0.0,False
38411,Zaptap,"Zaptap allows consumers to get access to high-quality product information when shopping in retail stores. Zaptap allows consumers to get access to high-quality product information when shopping in retail stores. More specifically, smartphone owners can access information on retail products just by tapping their phones on Zaptap tags that are placed either on store shelves or the products themselves.",verified_cb,False,0.0,False,,Commercial A,0.0,False
536638,DefineDigitals,"DefineDigitals provides website design, mobile app development, and IT consulting services. nan",verified_cb,False,0.0,False,,Commercial A,0.0,False
284744,AdamLouis,"AdamLouis offers website design, web development, business email accounts, FB WiFi devices and web hosting services. nan",verified_cb,False,0.0,False,,Commercial A,0.0,False
261097,Fitsyn CRM,"White-label SaaS platform servicing the debt settlement and personal loan industries. Fitsyn is a robust white-label Debt CRM and Loan Marketplace that provides your customers with real-time results while putting your business at the forefront.  Our innovative software empowers your team to shop loan options, and in the event of a decline, pivot to pitch alternative solutions. Through a seamless and compliant online application process, Fitsyn's offer wall provides your customers with the loan options available to them so they can make a decision and enroll in a single phone call. Plus, our custom offer tiles allow you to position your offers at the top of the results page, showcasing your brand's alternative solutions.",verified_cb,False,0.0,False,,Commercial A,0.0,False
425610,Positiva,"Positiva is an IT firm that offers web design, optimization, application development, and digital communication services. nan",verified_cb,False,0.0,False,,Commercial A,0.0,False
347922,National Council for Special Education,National Council for Special Education improves the delivery of education services to persons with special needs arising from disabilities. nan,verified_cb,False,0.0,False,,Commercial A,0.0,False
639662,Ratnagiri Refinery & Petrochemicals,"Ratnagiri Refinery & Petrochemicals is a manufacturer and supplier of chemicals, petrochemicals, and oil refinery products. nan",verified_cb,False,0.0,False,,Commercial A,0.0,False
193527,Sersys Informatica,"Sersys Informatica is a company that offers web positioning, computer services, hardware technicians, software technicians. nan",verified_cb,False,0.0,False,,Commercial A,0.0,False
495614,All States Estimating,All States Estimating provides roof and metal wall cladding estimation services for domestic and commercial projects. nan,verified_cb,False,0.0,False,,Commercial A,0.0,False
518702,English Made Easy,English Made Easy is a language learning center that offers English learning classes for children and companies. nan,verified_cb,False,0.0,False,,Commercial A,0.0,False
462122,ITI Solutions,"ITI Solutions develops engineering, cybersecurity, information technology, and training services for military and governmental institutions. nan",verified_cb,False,0.0,False,,Commercial A,0.0,False
80448,YogaMe,"YogaMe is a revolutionary, award winning mobile tool for stress relief and yoga. YogaMe is a revolutionary mobile tool for short yoga and mindfulness exercises. YogaMe is an online exercise program with advanced, gamified features, changing the idea of workplace wellbeing. Video-based exercises effectively reduce stress and muscle tension and add energy in 5 minutes. 82% of users report better neck and shoulders.  User gets a uniquely tailored program where he can level up in a motivating way. YogaMe is ideal for small breaks during the workday, requiring no yoga gear or experience. YogaMe is sold directly to workplaces and business travel.",verified_cb,False,0.0,False,,Commercial A,0.0,False
520059,Emerald Steel Processing,"Emerald Steel Processing is a steel processing company that offers annealing, coil coatings, heading, and storage services. nan",verified_cb,False,0.0,False,,Commercial A,0.0,False
386787,US Medical IT,"US Medical IT offers IT support and managed IT services. US Medical IT  provides secure cloud computing, telemedicine, and regulatory compliance services to the healthcare industry. The healthcare settings allow distribution, better care coordination, and improved community health and well-being.",verified_cb,False,0.0,False,,Commercial A,0.0,False
481456,Telematiques,"Telematiques provides telecommunication network design, GIS data collection, geospatial analytics, and mobile mapping solutions. nan",verified_cb,False,0.0,False,,Commercial A,0.0,False
308910,Intellectual Assets,"Intelligence Assets helps your company develop an unfair strategic advantage by skillfully evaluating your IP and that of your competitors. Intellectual Assets was formed in order to leverage our unique background. In addition, they have evaluated and licensed new technologies offered by Fortune 500 corporations, small public companies, and universities. Intellectual Assets is known for its broad technical reach and can bring the expertise, facilities, and technologies of the world to your challenges. They offered services including portfolio evaluation, technology scouting, licensing strategy, patent tracking, and university and federal lab liaison.",verified_cb,False,0.0,False,,Commercial A,0.0,False
538385,Mentor Labs,Mentor Labs is a technology-driven firm that offers skill management consulting and web-based training services. nan,verified_cb,False,0.0,False,,Commercial A,0.0,False
263651,Pro Material Solutions,"Pro Material Solutions is a provider of digital design tools for designers, architects, contractors, and manufacturers. nan",verified_cb,False,0.0,False,,Commercial A,0.0,False
484770,TECH Directional Services,TECH Directional Services is a directional drilling company that provides drilling services for the mining and tunneling industries. nan,verified_cb,False,0.0,False,,Commercial A,0.0,False
487112,Ripellino Arkitekter,Ripellino Arkitekter is an architecture firm that offers residential architecture interior design and planning services. nan,verified_cb,False,0.0,False,,Commercial A,0.0,False
421585,Private FLITE Charters,Private FLITE Charters is a consulting firm that helps clients book private jet charter flights for both individuals and corporations. nan,verified_cb,False,0.0,False,,Commercial A,0.0,False
1590938,Castle Global,"Castle Global is a deep learning company founded by two stanford CS graduate students focused on visual intelligence problems. Their flagship product is a hive, a full stack deep learning platform that is composed of data labeling, custom model building, and complete enterprise SaaS solutions.",verified_cb,False,0.9,True,,Commercial A,1.0,False
514794,International Development Exchange,International Development Exchange is a money transfer company that provides anti-money laundering program and money transfer services. nan,verified_cb,False,0.0,False,,Commercial A,0.0,False
598690,Botai Biotechnology,"Botai Biotechnology is a company that offers complete bioengineering solutions. Botai Biotechnology is a company that offers complete bioengineering solutions. Botai Biotechnology specializes in the research and development of organic hazardous waste biodegradation harmless treatment technology. The company is dedicated to achieving source reduction and harmless treatment of paint spraying hazardous waste paint residue, hazardous waste water, and hazardous waste gas VOCs through efficient and environmentally friendly biodegradation methods.",verified_cb,False,0.0,False,,Commercial A,0.0,False
520188,Geomeletitiki Consulting Engineers,Geomeletitiki Consulting Engineers is a technical consulting company that offers topography and urban planning services. nan,verified_cb,False,0.0,False,,Commercial A,0.0,False
506061,DEV Software,DEV Software specializes in the development and customization of mobile solutions for the company. nan,verified_cb,False,0.0,False,,Commercial A,0.0,False
463467,Avon Partitioning Solutions,"Avon Partitioning Solutions is a contracting company that offers office interiors, demountable offices, and glass wall partition services. nan",verified_cb,False,0.0,False,,Commercial A,0.0,False
101071,M-Power IT Solutions,"We are one of the leading Information Technology companies, providing Software and Web Development services across the Globe. nan",verified_cb,False,0.0,False,,Commercial A,0.0,False
403574,BGFRM Technology,BGFRM is a developer of 3D visual inspection equipment based on AI distributed edge computing. BGFRM Technology is a machine vision solution company that uses 3D and artificial intelligence (AI). The business develops and sells 3D and AI machine vision inspection systems that combine edge computing with 3D imaging technology to give customers standardized 3D and AI machine vision solutions.,verified_cb,True,0.30000000000000004,True,,Commercial A,1.0,False
478655,ViolinSchool,"ViolinSchool is a learning center that offers courses, videos, training, a music library, resources, and practice tools to play the violin. nan",verified_cb,False,0.0,False,,Commercial A,0.0,False
557944,Life Teck Research Centre,"Life Teck Research Centre is a biotechnology company that provides training, research work, and publication assistance on research papers. nan",verified_cb,False,0.0,False,,Commercial A,0.0,False
1324416,JiuTai Advanced Materials Technology,"Manufacturer of coal-based chemical products, created to develop polyester new materials and fine chemical projects. The company's chemical are produced by relying on abundant coal resources, water resource supporting capacity, transportation and power infrastructure, enabling customers in the chemical industry to access products.",verified_pb,False,0.0,False,False,Commercial B,0.0,False
1421410,New England Ketamine,"Operator of a healthcare clinic focused on the safety, education and treatment of people suffering from mental health and chronic pain conditions. The company's clinic specializes in utilizing ketamine infusion therapy offering consultation, diagnosis and treatment of conditions including depression, anxiety, PTSD, OCD, migraines and chronic pain, helping clients get back to purposeful living.",verified_pb,False,0.0,False,False,Commercial B,0.0,False
1327240,ISO Group (Netherlands),"Supplier of industrial machinery and equipment intended for horticulture businesses. The company develops products for labour-intensive tasks in horticulture and offers equipment including plug planting machine, cutting planter, bulb planting system, transplanter, sorter, thereby providing agricultural businesses with effective machines fitted with robotics that take up less space, are scalable and have lower maintenance costs.",verified_pb,False,0.0,False,True,Commercial B,0.0,False
1462219,Dimension Energy Services,"Provider of in-plant maintenance services to the petrochemical and refining markets throughout the Gulf Coast. . The company offers a suite of integrated engineering, procurement and construction (EPC) and facility maintenance services including daily maintenance and turnaround services as well as welding, bolting, pipe fitting, fabrication and quality control services, ensuring clients meet and maintain federal and state compliance regulations.",verified_pb,False,0.0,False,False,Commercial B,0.0,False
1336842,AyMakan,"Provider of supply chain management services intended to serve e-commerce industries in Riyadh, Saudi Arabia. The company's services include logistics support for importing products from international markets, stocking products, and shipping them, enabling clients to access worldwide shipping at competitive prices.",verified_pb,False,0.0,False,False,Commercial B,0.0,False
1297509,Alumed,"Manufacturer of medical equipment intended for the medical and paramedical sectors. The company's products include veterinary equipment, emergency equipment, surgical devices, mobility assistance equipment, hospital and diagnosis equipment, and dental equipment.",verified_pb,False,0.0,False,False,Commercial B,0.0,False
1318068,GPS Alliance Holdings,"Operator of an investment holding company in Singapore. The company's holdings include companies engaged in real estate agency services, corporate leasing services, investment sales, en-bloc sales, Singapore and international project sales, advisory services and home furnishing.",verified_pb,False,0.0,False,False,Commercial B,0.0,False
1294695,Etulipa,"Developer of color displays designed to reflect sunlight, just like paper, with environmental benefits. The company's displays focus on commercializing the reflective digital outdoor screen based on electrowetting display technology for mobile applications, enabling businesses to get no light pollution and very low power consumption.",verified_pb,False,0.0,False,False,Commercial B,0.0,False
1478879,Sumner Bank & Trust,"Sumner Bank & Trust is a bank holding provides banking and financial services. The company offers personal banking, business banking, personal mortgage and various other services such as card services and online banking.",verified_pb,False,0.0,False,False,Commercial B,0.0,False
1437367,M Thirty Nine,"Operator of a film studio based in Jatujak,Thailand. The company offers film production, runs film promotion and distribution of domestic and international films.",verified_pb,False,0.0,False,False,Commercial B,0.0,False
1301845,Love It magazines,"Publisher of woman's magazine. The company publishes magazines for women combining real-life stories with those on celebrities, fashion, beauty and sex.",verified_pb,False,0.0,False,False,Commercial B,0.0,False
1391101,CannaCare,"Manufacturer of cannabidiol (CBD) based products intended to make the active ingredient in the hemp plant available to everyone. The company's pharmacy-exclusive product line includes muscle gel, slim shakes, bath balls, and shower tabs along with extra food supplements and cosmetics, enabling users with quality CBD products at reasonable prices.",verified_pb,False,0.0,False,False,Commercial B,0.0,False
1515276,Slick Chicks,"Manufacturer of panties created to avert bacterial buildup, odor, and infections. The company's hipster, tanga, and bikini brief panties are made up of cotton lining, nylon, and spandex fabric that helps in multi-directional stretch for workouts and have a hook and eye fastener system for easy changing of panties, enabling women to tackle daily life challenges.",verified_pb,False,0.0,False,False,Commercial B,0.0,False
1385618,FirstMark Horizon Acquisition,Operator of a blank check company intended to drive long-term value creation by supporting the next generation of public companies.,verified_pb,False,0.0,False,False,Commercial B,0.0,False
1379668,WayZim,"Wayz Intelligent Manufacturing Technology Co Ltd is engaged in the research and development, design, manufacturing and sales of intelligent logistics sorting systems.",verified_pb,False,0.0,False,False,Commercial B,1.0,False
1507114,Bassari Resources,Bassari Resources Ltd is an Australia based company engages in the provision of mining and exploration. The company focuses on the development of Makabingui gold project located within the Sambarabougou permit. It is focused on discovering and developing gold resources in the Birimian Gold Belt in southeastern Senegal.,verified_pb,False,0.0,False,False,Commercial B,0.0,False
1400215,WB Cleaners,"Provider of cleaning services based in Winston-Salem, North Carolina. The company specializes in residential and commercial cleaning services and its offerings include moving clean, spring clean, holiday clean and waste removal services.",verified_pb,False,0.0,False,False,Commercial B,0.0,False
1365533,Siam Kubota,"Manufacturer of farm machinery intended for agricultural use. The company's product range includes tractors, combine harvesters, mini-excavators, drones, rice transplanters, diesel engines and power tillers.",verified_pb,False,0.0,False,False,Commercial B,0.0,False
1404310,Livecare (Utah),"Livecare Inc is a chronic care service and technology provider of diabetes epidemic solutions in the Gulf Cooperation Council countries. Through visibility into daily health status, proactive real-time communication, personalized support, and programs designed, the company engages diabetics in their overall wellness.",verified_pb,False,0.0,False,False,Commercial B,0.0,True
1287993,Al Bawaba,"Operator of an independent news network intended to produce and distribute news content across the Middle East and North Africa region. The company's network through on-the-ground sources, licensed content providers, and an expert team of in-house editors offers local news and insights from across the political spectrum, free from influence and censorship, and covers regional and global events across news, business, technology, entertainment, sports and lifestyle in both English and Arabic, enabling people to stay updated on topics often overlooked by local and international media.",verified_pb,False,0.0,False,False,Commercial B,0.0,False
1364634,Doorastha Analytics,"Operator of a solar power grid-monitoring platform intended to measure and monitor solar micro and mini-grids. The company's platform allows for remote monitoring, performance analysis, and optimization of these grids, enabling clients to improve efficiency, identify issues, maximize revenue, and deliver reliable clean energy to remote areas.",verified_pb,False,0.0,False,True,Commercial B,1.0,False
1434016,Bantam Networks,"Provider of online contact management and social customer relationship management services. The company offers an online service for business teams to collaborate in a workspace and fuse communications, content, applications, and data while building relationships on the Web. It offers Bantam Live, an online service that is integrated to social networks and allows business teams to search, monitor, and connect with people on the Web for business development, sales, and marketing purposes.",verified_pb,False,0.0,False,False,Commercial B,0.0,False
1417919,Arpem Networks,"Provider of insurance comparison services focused on car, motorcycle and van insurance. The company's product allows customers to calculate prices from different insurers by filling out a single form with questions related to the vehicle and the driver, along with recommendations regarding the type of insurance to apply for, enabling customers to receive a variety to choose from and generate more savings.",verified_pb,False,0.0,False,False,Commercial B,1.0,False
1330488,Opertis,"Manufacturer of electronic locking systems intended for tailor-made solutions for property. The company offers to develop and sell software and hardware-based systems for access control, time recording, and integrated security systems.",verified_pb,False,0.0,False,False,Commercial B,0.0,False
1524389,WaveClear Vascular,"Developer of ultrasonic therapeutic devices designed to combat vascular diseases. The company's devices utilize the piezoelectric effect to generate ultrasonic energy in wires to clear partial and total occlusions of the peripheral vasculature, enabling physicians to safely disintegrate blood clots in a single-session treatment without damaging the blood vessel.",verified_pb,False,0.0,False,False,Commercial B,0.0,False
1312708,Aloft Ontario-Rancho Cucamonga,"Operator of hotels based in Rancho Cucamonga, California The company offers guest rooms, meeting rooms and leisure facilities.",verified_pb,False,0.0,False,False,Commercial B,0.0,False
20074,Zeal (Business/Productivity Software),"Developer of an enterprise contract automation platform intended to help sales teams manage custom routine agreements independently and efficiently. The company's platform uses artificial intelligence and machine learning to automate work, keep stakeholders accountable, provide valuable insight, and give actionable meaning to the data within their contract repositories, enabling companies to enhance compliance and accelerate sales.",verified_pb,True,0.1,True,,Commercial B,1.0,False
1282483,EatDrink Websites,Provider of an application for obtaining discounts on food and drinks. The company provides a mobile application and website that offers an online coupon service that enables consumers to obtain discounts on food and drinks and restaurants.,verified_pb,False,0.0,False,False,Commercial B,0.0,False
1527036,MX Locker,"Operator of an online marketplace intended to provide bike parts and accessories. The company's platform provides a variety of products, including riding gear, bike parts, helmets, goggles, and dirt bikes, enabling motorbike enthusiasts to customize their transport.",verified_pb,False,0.0,False,False,Commercial B,0.0,False
1367818,Velentium Medical,"Manufacturer of therapeutic and diagnostic medical devices serving healthcare technology companies. The company specializes in cybersecurity, device development, test systems, and medical device manufacturing and offers expertise in software, usability, cybersecurity, electrical, and mechanical development for medical equipment, thereby enabling clients to transform their IP into a safe and secure product that will change lives for a better world.",verified_pb,False,0.0,False,False,Commercial B,0.0,False
1305918,IDDAS,"Provider of transition mentoring and career advisory services. The company offers training, mentoring and executive coaching services to senior executives of FTSE, unlisted companies and partners of professional firms.",verified_pb,False,0.0,False,False,Commercial B,0.0,False
1480407,Total Carbide,"Manufacturer of sintered tungsten carbide components catering to the oil and gas, paper, packaging, and precision engineering industries. The company offers wear parts, special inserts, cutting discs, knives, die parts, die blanks, and flow control components, designed to enhance durability, resist corrosion, and improve operational efficiency in demanding environments.",verified_pb,False,0.0,False,False,Commercial B,0.0,False
1512525,Tranquility Biodesign,"Operator of a synthetic biology therapeutics company intended to transform the treatment of autoimmune diseases and cancer by reprogramming immunity at its core. The company offers programmable microbial medicines engineered to directly target diseased tissue, remodel the immune microenvironment and boost the effectiveness of immunotherapies, enabling customers to access safer, more precise and more powerful treatments that unlock disease-fighting responses while minimizing harmful side effects.",verified_pb,False,0.0,False,False,Commercial B,0.0,False
1368453,Hack.Institute,"Provider of event-organizing services intended to connect communities and corporations. The company hosts corporate innovation events and organizes community events, helping companies to face and surpass the hard problems posed by market digitization.",verified_pb,False,0.0,False,False,Commercial B,0.0,False
18829,Amplify.ai,"Developer of a conversational marketing and engagement platform designed to offer AI-powered technology for Authentic conversations. The company's platform provides advanced tools for multiple verticals to generate feature-rich bots in a short amount of time, enabling marketers and enterprises to generate real conversations and actionable outcomes.",verified_pb,False,0.1,True,True,Commercial B,1.0,False
1463119,Thommen Medical,"Operator of a medical device company intended to improve the design and production of dental implants. The company's implant system prioritizes innovation and design excellence which helps in patient comfort during surgery and long-term implant stability, enabling clients to achieve optimal implant success.",verified_pb,False,0.0,False,False,Commercial B,0.0,False
1548869,Bella Lash & Beauty,"Provider of beauty services located on Main Street Unionville, specializing in lash services, brow services, facials, waxing, and permanent makeup. The company is known for its exceptional service, advanced techniques, and commitment to enhancing natural beauty, offering professional certification training, fostering industry growth and education.",verified_pb,False,0.0,False,False,Commercial B,0.0,False
1517325,SurvivorNet,"Operator of a cancer information platform intended to bring experts from the comprehensive cancer centers together in one place. The company's platform contains deep, nuanced video content from cancer doctors on the kind of research and trials being pursued by large drug companies in collaboration with large-scope cancer centers including commentary on the risks involved, enabling individuals to get need-to-know information and make informed choices about cancer and to ask cancer-related questions to healthcare experts.",verified_pb,False,0.0,False,False,Commercial B,0.0,False
1534133,Davy Gas,"Manufacturer of hydrogen production machines designed to solve problems of fuel emissions, power reliability, and existing supply chain issues. The company offers a regionalized approach to production and delivery, breakthrough technologies for creating, storing, and producing hydrogen, and storage and distribution devices, enabling industrial, manufacturing, commercial, and critical data center backup users to access a supply of gaseous hydrogen that is accessible both locally and nationwide, filling the gap in the supply chain, and creating a zero-emission economy.",verified_pb,False,0.0,False,False,Commercial B,0.0,False
1432894,Viamedia,"Provider of cross-media advertising services intended to connect advertisers and audiences. The company specializes in displaying advertising campaigns on major cable networks by partnering with multichannel video programming distributors (MVPDs), enabling cable and telecommunications service providers, utility companies and municipalities in the United States to advertise their products and services on local, regional and national cable networks.",verified_pb,False,0.0,False,False,Commercial B,0.0,False
1376263,Les Emballages Onducorr,Provider of corrugated cardboard packaging design services throughout the province of Quebec. The company offers packaging solutions to its clients.,verified_pb,False,0.0,False,False,Commercial B,0.0,False
1519652,Wizar (Educational and Training Services),"Developer of a game-based learning platform designed to use augmented reality to entertain and educate. The company's services use augmented reality to stimulate learning in children through visual learning, which blends computer-generated images on a screen with real objects and makes it easy to understand new concepts. enabling children to read, listen, speak and interact easily, retain information for a longer period and foster self-learning.",verified_pb,False,0.0,False,False,Commercial B,1.0,False
1528260,Azolla Ventures,"Operator of a venture capital firm intended to invest in companies with the potential for gigaton-scale carbon dioxide emissions reductions. The company focuses on investments with the potential for large-scale greenhouse gas reductions, enabling philanthropists and other mission-driven investors to catalyze, deepen, or accelerate systems for climate change.",verified_pb,False,0.0,False,False,Commercial B,0.0,False
1413918,Amnis Pura,"Developer of proton-exchange membrane (PEM) fuel cells and pressure swing adsorption units designed for hydrogen purification. The company develops, designs, and produces tailored services for hydrogen production and purification for the chemical and energy industries, production, and commercialization of pressure swing adsorption (PSAs) for purification of other types of gases, including carbon monoxide, propane and propene, among others, enabling clients to get the system to obtain hydrogen to provide sustainable fuel.",verified_pb,False,0.0,False,False,Commercial B,0.0,False
1373228,Home Health Care Resources,"Provider of home healthcare services in West Palm Beach, Florida. The company specializes in Alzheimer's and dental care, personal care, meal preparation, housekeeping, and complimentary in-home consultation.",verified_pb,False,0.0,False,False,Commercial B,0.0,False
1435781,Genexco (Energy Exploration),Operator of oil & gas exploration company focus on exploiting opportunities in providing new energy sources. The company supports the transition to cleaner energy and generate fast production through its comprehensive technical and administrative experience in Germany.,verified_pb,False,0.0,False,False,Commercial B,0.0,False
1351927,Thornhill Medical,"Developer of mobile medical technology designed for military, emergency, disaster, and extreme environments. The company's products include portable life support systems, an immediate and effective treatment for carbon monoxide poisoning, mobile anesthesia systems, and an investigative device used in diagnostic procedures that measure vascular reactivity, enabling healthcare providers to transform current diagnostic and therapeutic patient care.",verified_pb,False,0.0,False,False,Commercial B,0.0,False
1347016,BSL Management Consultants,"Provider of transport consulting services.The company's services include infrastructure, transport, and innovations management, logistics, marketing, and related services, enabling clients to plan and manage their transportation efficiently.",verified_pb,False,0.0,False,False,Commercial B,0.0,False
1321716,The Jackson Group Consulting Firm,"Provider of healthcare based consulting services. The company provides patient experience, customer experience, employee engagement, workplace culture, community and market perceptions services.",verified_pb,False,0.0,False,False,Commercial B,0.0,False
1551660,OtterMon AI,"Developer of an opinionated monitoring platform designed for engineering teams to unify their existing monitoring tools. The company's platform consolidates various monitoring tools into a single user interface, serving organizations seeking improved insights, diagnostics, and alerts for incident management, enabling teams to enhance operational efficiency and streamline incident response processes.",verified_pb,False,0.0,True,True,Commercial B,0.0,False
1314928,Feelance Company,"Provider of an online marketplace intended to bring curated consultants and prospective clients together at one place to find the perfect match for desired business needs. The company's marketplace matches skills of the consultants with the available opportunities posted by clients and proactively suggests the same to the consultants, enabling clients to search the profiles of consultants for the short term assignments they want to engage the consultants for.",verified_pb,False,0.0,False,True,Commercial B,1.0,False
1485179,Container First Services,"Provider of waste collection and disposal services for residential and commercial projects. The company offers commercial roll-off container rentals, front load dumpsters, compactors, and provides waste pickup, recycling pickup, white goods and bulk waste pickup, and commercial recycling services.",verified_pb,False,0.0,False,False,Commercial B,0.0,False
1348421,Amplia Therapeutics (North Melbourne),"Developer of novel oncology drug candidates intended to provide innovative and advanced bio pharmaceutical products. The company's novel oncology drug candidates target Focal Adhesion Kinase (FAK) and have exciting therapeutic potential in both fibrosis and immune-oncology settings, enabling the medical sector to get access to cut edge products.",verified_pb,False,0.0,False,False,Commercial B,0.0,False
1549325,Cipher Media,"Developer of a music licensing system designed for access to culturally relevant audio for short-form content. The company's platform provides curated libraries of trending audio, tools for selecting sound segments for short-form videos, mechanisms for obtaining usage rights through established industry relationships, and integrated search functions that prioritise emerging viral material, enabling brands and content creators to incorporate recognisable audio, maintain cultural alignment, improve algorithmic relevance, and avoid reliance on generic royalty-free material.",verified_pb,False,0.0,False,False,Commercial B,1.0,False
1316994,Biotehdas,"Operator of biogas plants. The company builds and operates biogas plants, processes an annual tonnes of biodegradable waste such as biowaste from homes and industry as well as sludge from wastewater purification plants.",verified_pb,False,0.0,False,False,Commercial B,0.0,False
1553045,OpZira,"Manufacturer of advanced ocular disease detection and monitoring systems designed to preserve vision and improve patients' quality of life. The company develops advanced, innovative diagnostic technologies for individuals affected by ocular diseases through precision diagnostics and continuous disease management support, enabling clinicians to identify eye disorders at earlier stages and monitor disease progression more effectively.",verified_pb,False,0.0,False,False,Commercial B,0.0,False
1370052,Quarter Turn Resources,"Manufacturer of valves intended to serve the oil, natural gas and power industries. The company offers a variety of custom products that include trunnion-mounted ball valves, check valves, lubricated plug valves and gate valves.",verified_pb,False,0.0,False,False,Commercial B,0.0,False
1304922,Axiom MS,Provider of electric video equipment. The company engages in the sell and manufacture of electric audio and video equipment for different purposes in United Kingdom.,verified_pb,False,0.0,False,False,Commercial B,0.0,False
1454251,Smart Cast (TV Saas Company),"Provider of media and broadcasting services intended to serve in the field of digital broadcasting. The company offers a wide range of services including playout, OTT and MediaNet, thereby enabling to offer of flexible solutions through modules and customization to individuals.",verified_pb,False,0.0,False,False,Commercial B,0.0,False
1305333,Southern Highlands Preparatory School,"Operator of a private school based in Las Vegas, Nevada. The company provides educational services and offers various courses and programs for students.",verified_pb,False,0.0,False,False,Commercial B,0.0,False
1431928,Prognosis Innovation Healthcare,"Provider of healthcare information technology services designed to focus on real results and help hospitals achieve long-term success. The company's healthcare information technology services help hospitals achieve system-wide user adoption, which results in better care coordination, improved communications, enhanced patient safety, increased charge capture and improved hospital operations, providing rural and community hospitals an easy to use software for patient care documentation.",verified_pb,False,0.0,False,False,Commercial B,0.0,False
1426964,Melon (Entertainment Software),"Developer of a metaverse platform designed to offer games for all. The company offers original game properties and experiences across sports, music, film/TV, fashion, and brands on the Roblox platform, enabling users with the studio's partnerships with major music labels and consumer product IPs that have gathered and engaged hundreds of millions of visits around the world.",verified_pb,False,0.0,False,False,Commercial B,0.0,False
1306704,NeoSync (Massachusetts),"Developer of personalized therapies designed to treat major mental depressions. The company's therapies use Transcranial Magnetic Stimulation (TMS) which is a non-invasive form of brain stimulation that delivers low energy, alternating magnetic field stimulation in daily 30 minute sessions to gently adjust a depressed brain toward a more normal state, enabling patients to cure major depressive disorders and other diseases of the central nervous system quickly.",verified_pb,False,0.0,False,False,Commercial B,0.0,False
1543327,Curated Wonder,"Producer and retailer of curated kits based in West Virginia, United States. The company offers a variety of kits such as camping kits, travel kits, explore kits for travel, corporate appreciation gifts, welcome gift boxes, kid's activity kits, party kits, and more.",verified_pb,False,0.0,False,False,Commercial B,0.0,False
1328696,John Bridgeman,Provider of investment management services. The company provides investment management services for Aliom Managed Futures Fund No 1 and Henry Morgan Limited.,verified_pb,False,0.0,False,False,Commercial B,0.0,False
1337192,Elephant Oil,"Elephant Oil Corp is an independent oil and gas exploration stage company. It is focused on under-explored regions in Africa. The company's portfolio includes an exploration license onshore in the Republic of Benin, as well as an exploration license onshore in the Republic of Namibia.",verified_pb,False,0.0,False,False,Commercial B,0.0,False
1441743,Parallel Tax,"Provider of tax services to individuals and businesses in Redding, California. The company provides income tax preparation, audit representation, payroll reporting, and monthly bookkeeping.",verified_pb,False,0.0,False,False,Commercial B,0.0,False
1290085,Addock,"Provider of a B2B booking and fulfillment platform intended for leisure and tourism professionals. The company helps professionals in the online sale of their activities and supports tourism brands in setting up an exclusive offer for the sale of local experiences, enabling leisure professionals to simplify their daily management and help them to better distribute their activities.",verified_pb,False,0.0,False,False,Commercial B,0.0,False
1517152,Levade,"Developer of a teaching and learning application tool designed to be used in private lessons in the equestrian sport. The company application assists horses and riders in accomplishing good communication skills, and keywords during a lesson, after which the student, coach, and horse owner will be able to access this information at any time after the lesson and be able to track training progress, enabling customers to be more precise in practicing on their own and preparing for the next lesson.",verified_pb,False,0.0,False,False,Commercial B,0.0,False
1381892,InTheSmart,"Manufacturer of high-tech medical devices intended to develop high-tech medical equipment and user-focused technologies. The company engages in providing surgical equipment, AI diagnostics, medical robotics, camera control units and light source units, providing medical professionals with essential medical devices.",verified_pb,False,0.0,False,True,Commercial B,1.0,False
1361143,Ahrenkiel Vogemann Bulk,"Operator of bulk carriers based in Hamburg, Germany. The company operates a fleet of bulk carriers and offers shipping management services.",verified_pb,False,0.0,False,False,Commercial B,0.0,False
1488128,Norton College,"Operator of specialist secondary schools for students with complex learning needs in Worcester and Tewkesbury. The company's colleges provide learning programmes for each student to develop educational, social, and vocational skills necessary, thereby helping successful integration into adulthood and society.",verified_pb,False,0.0,False,False,Commercial B,0.0,False
1540940,Paklaunch,"Operator of a community connecting platform designed to support and connect Pakistani entrepreneurs and investors worldwide. The company offers guidance, training and assistance with fundraising and facilitates discussions on global investment opportunities, enabling local entrepreneurs to receive support through collaboration and knowledge sharing.",verified_pb,False,0.0,False,False,Commercial B,0.0,False
1388996,Lyve (Italy),Provider of educational and training services catering to the insurance and financial service industry. The company offers organizations to develop sustainable consulting and training projects.,verified_pb,False,0.0,False,False,Commercial B,0.0,False
1431449,Provisio Software (Financial Software),"Developer of rapid advice delivery tool designed to assist financial advisers and superannuation funds in providing strategic advice to clients and members. The company offers web, desktop and enterprise solutions and provides advisory services over various topics like retirement adequacy, contributions optimizer, investment choice, insurance and intra-fund advice, thereby helping advisers and mortgage brokers with technology and financial software.",verified_pb,False,0.0,False,False,Commercial B,0.0,False
1396109,Kinder Prep Learning Center,"Operator of a preschool serving in Post Falls, Idaho. The company offers childcare services for different age groups, thereby ensuring that the clients work freely knowing that their child will enjoy playing and learning in a safe loving environment.",verified_pb,False,0.0,False,False,Commercial B,0.0,False
1307445,Industrial Solutions Management (Ontario),"Provider of health and safety training and consulting services based in Azilda, Canada. The company offers services related to health and safety training in areas such as fall protection, confined space, rescue and mobile equipment.",verified_pb,False,0.0,False,False,Commercial B,0.0,False
1513233,Pediatrics Plus,"Operator of pediatric clinics intended to offer child care. The company's platform provides evidence-based therapy and education, diagnostic services, occupational, physical, and speech-language therapy, and more, providing children with comprehensive evaluations tailored to their needs.",verified_pb,False,0.0,False,False,Commercial B,0.0,False
1429238,Everyday Health,"Operator of a digital information company intended for health education purposes. The company offers reviewed health articles, interactive tools for symptom checking and health tracking, data analytics, and educational materials, along with community forums and resource libraries, enabling healthcare consumers and professionals to access evidence-based information and engage in informed discussion regarding health management.",verified_pb,False,0.0,False,True,Commercial B,0.0,False
1464900,Pretio Interactive,"Operator of a marketing company intended to connect brands to consumers across their digital lives. The company engages with hundreds of thousands of consumers across proprietary brands and websites and collects unique insights into who consumers are, what they are shopping for, and their interests, enabling clients to connect with the right consumer at the right moment and drive measurable results.",verified_pb,False,0.0,False,False,Commercial B,1.0,False
1432910,Verengo Solar,"Provider of residential solar power systems. The company is engaged in installation, marketing and selling of solar power plants and solar photovoltaic systems.",verified_pb,False,0.0,False,False,Commercial B,0.0,False
1505477,Vegafoods,"Producer of ready-to-eat, customizable plant-based meals designed to suit individual tastes and nutritional needs. The company delivers vegan, legumes, nuts, seeds, whole grains, fruits and superfoods that contain high amounts of antioxidants, polyphenols, vitamins and minerals.",verified_pb,False,0.0,False,False,Commercial B,0.0,False
1373130,North Carolina Tobacco Manufacturing,"Producer of tobacco products in Stantonsburg, North Carolina. The company specializes in the making of cigarettes, flavored and non-flavored, filtered and non-filtered cigars and pipe tobacco, thereby helping consumers to get customized products.",verified_pb,False,0.0,False,False,Commercial B,0.0,False
1398772,Sixth City Distribution,"Wholesaler and distributor of craft beverage based in Cleveland, Ohio area. The company offers a fresh channel to market in a state that has seen the craft beer market become crowded with the proliferation of brands.",verified_pb,False,0.0,False,False,Commercial B,0.0,False
1334470,Local Guddy,"Developer of an online marketplace designed to connect travelers and locals. The company's online marketplace offers information about bars, clubs, pubs, food, nightlife and outdoor activities, enabling the users to access a wide range of services for their entertainment.",verified_pb,False,0.0,False,False,Commercial B,0.0,False
1335600,OMV Norge,"Provider of crude oil and natural gas exploration services. The company's crude oil and natural gas exploration service offers gas and power, refining and marketing of petrochemicals.",verified_pb,False,0.0,False,False,Commercial B,0.0,False
1423016,Arawaza USA,"Wholesaler and Retailer of martial arts equipment in Doral, Florida. The company offers uniforms, protectors, belts, training gear and accessories to its customers.",verified_pb,False,0.0,False,False,Commercial B,0.0,False
1490238,Lyric Bio,"Operator of a biomanufacturing and therapeutics development and manufacturing firm intended to reduce Immunoglobulin therapy dependence on human donation by several orders of magnitude. The company utilizes proprietary tissue engineering technology and proprietary laser-printed cellular substrates to develop high-density tissue-mimicking bioreactors to improve access to life-saving medicines, enabling clients to expand cells from a single donor for continuous production of human immunoglobulin.",verified_pb,False,0.0,False,False,Commercial B,0.0,False
1404659,White Label 360,"Operator of a cannabis contract manufacturing firm intended to serve the e-liquid industry. The company offers CBD products, vapes, social media services and e-liquids.",verified_pb,False,0.0,False,False,Commercial B,0.0,False
1444441,Zandra's Taqueria,"Operator of a restaurant intended to serve in Culpeper, Haymarket and Manassas. The company offers appetizers, salads, soups, vodka, beer, sushi and sashimi combo and other food dishes to its customers.",verified_pb,False,0.0,False,False,Commercial B,0.0,False
1483780,Falls Lake Insurance,"Provider of specialty lines of insurance catering to construction, transportation, healthcare, manufacturing, janitorial and landscaping industries. The company offers workers' compensation insurance, in-house claims, loss control, underwriting, initial program due diligence, development of program underwriting guidelines, claims services and audits and underwriting audits.",verified_pb,False,0.0,False,False,Commercial B,0.0,False
1525729,Highland Instruments,"Developer of medical devices designed for the treatment of brain-based movement disorders as well as chronic pain management. The company's Elektro technisches information model (ETIM) technology devices treat osteoarthritis of the knee, enabling patients to suppress the pain and provide relief.",verified_pb,False,0.0,False,False,Commercial B,0.0,False
1320718,SES Foam,"Manufacturer of polyurethane spray foam insulation intended for homeowners, contractors and design professionals. The company specializes in manufacturing and marketing polyurethane spray foam insulation along with roofing foam as well as onsite technical instruction, better business practice consultation and branding support, enabling to provide optimum energy efficiency for the new or existing home.",verified_pb,False,0.0,False,False,Commercial B,0.0,False
1478614,Beauty Bridge,Distributor of Korean cosmetics catering to the United States and Latin America. The company distributes clean ingredients and vegan products in Korean cosmetics enabling clients with Korean products across borders.,verified_pb,False,0.0,False,False,Commercial B,0.0,False
1365839,Ascent PGM,"Provider of program management consulting services based in Chicago, Illinois. The company offers strategic consulting, funding strategy, program controls and project management services serving to the cultural institutions, healthcare, higher education, as well as public and private sector clients.",verified_pb,False,0.0,False,False,Commercial B,0.0,False
1366396,Elements Insurance,"Operator of a insurance agency which provides advisory services in Boston, Massachusetts. The company offers auto, home, renters, umbrella, pet, condo and motorcycle insurance services.",verified_pb,False,0.0,False,False,Commercial B,0.0,False
1449439,AmberPoint,"Provider of service-oriented architecture (SOA) visibility, management and security software solutions for commercial organizations, federal agencies and software vendors. The company's solutions also include SOA discovery and cataloging, service management and security, business transaction management, business system validation, and closed-loop governance.",verified_pb,False,0.0,False,False,Commercial B,0.0,False
1369815,Giant Development,"Provider of contractor services for residential and commercial site development serving in Raleigh and throughout the triangle. The company provides services including excavation, storm clean-up, installing storm drains, demolition work, forestry services, land clearing, rock crushing, erosion control, wall retaining, site clearing and grading.",verified_pb,False,0.0,False,False,Commercial B,0.0,False
1358771,Phytalytics,"Provider of cannabis and cannabis related product quality assurance testing services in the United States. The company's services include potency testing, foreign material inspection, moisture content, microbiological screening and residual solvent testing, enabling companies to separate and quantify the relevant cannabinoids in samples.",verified_pb,False,0.0,False,False,Commercial B,0.0,False
1462416,GlamST,"Provider of an omni-channel services intended fto provide an online make-up platform. The company's omni-channel services provides limitless sample experience and turn beauty advisors into experts, enabling women to try on makeup of any brand, from anywhere.",verified_pb,False,0.0,False,True,Commercial B,1.0,False
1397741,Pensrus,"Supplier of personalized stationery and other promotional products intended to cater to the customers and wholesalers. The company offers products including bags, packs, lighters, backpacks, note pads, jotters, calendars, pens, books, and portfolios, enabling customers to avail the required products.",verified_pb,False,0.0,False,False,Commercial B,0.0,False
1321489,Laramy-k OpticianWorks,"Provider of opticianry education services. The company offers optician courses, study guides and other training resources to prospective and current professionals in the opticianry industry.",verified_pb,False,0.0,False,False,Commercial B,0.0,False
1509384,CN2 SPATIAL,"Developer of a cloud-hosted spatial computing platform designed to enhance information delivery through augmented reality, virtual reality, and artificial intelligence for improved contextual understanding and digital immersion. The company's platform integrates AR to overlay digital content on the physical world, VR to create fully immersive digital environments, and AI to extract relevant insights from diverse data types, enabling businesses to engage customers, streamline sales, visualise real property concepts, and operate across multiple devices with applications tailored for remote and in-person interactions.",verified_pb,False,0.1,True,True,Commercial B,1.0,False
1527501,Oat haus,"Producer of granola butter products intended to provide healthy and organic options. The company offers a range of oat-based granola butter and related snack products made with carefully selected natural ingredients, crafted in an allergen-friendly facility, enabling people with dietary restrictions and taste preferences and individuals with food sensitivities to enjoy flavorful spreads and snacks that fit their needs and everyday eating occasions.",verified_pb,False,0.0,False,False,Commercial B,0.0,False
1489207,Shopping City Suceava,"46,000-square-meter shopping center located in Suceava, Romania. The asset hosts over 90 stores and a Carrefour hypermarket.",verified_pb,False,0.0,False,False,Commercial B,0.0,False
21461,David AI (Delaware),"Developer of an artificial intelligence-powered end-to-end data platform designed for model developers and enterprises tackling challenging multimodal data needs. The company's platform generates, qualifies, and labels non-publicly available multimodal datasets, identifies and manages data quality requirements of datasets for training AI models, and automates the creation of metadata to capture details about the data origin, any changes made, and timestamps, enabling clients to add new revenue streams for their business by detecting and removing irrelevant, duplicated or tampered data.",verified_pb,True,0.30000000000000004,True,,Commercial B,1.0,False
1302085,Fano Bryghus,"Operator of brewery intended to offer alcoholic beverages. The company offers alcoholic beverages such as beer, wine, whiskey, distilled alcoholic beverage and other related products.",verified_pb,False,0.0,False,False,Commercial B,0.0,False
1509157,medical2market,"Developer of medical inventions and technologies designed to solve medical problems in a safe, effective, and cost-efficient manner. The company offers cardiology, respiratory tubes, lung ventilation devices, and other related products, enabling medical practitioners to have visible improvements in cardiology, cardiovascular surgery, anesthesiology, and intensive care.",verified_pb,False,0.0,False,False,Commercial B,0.0,False
1309766,Sterling Planet,"Developer and retailer of renewable energy and environmental assets intended for government agencies, educational institutions and municipalities. The company provides carbon offsets to help fund projects that promote the capture of GHG emissions, such as solar panels, wind farms and clean fuels, enabling clients to develop and market green pricing programs for their electric and gas customers.",verified_pb,False,0.0,False,False,Commercial B,0.0,False
1390804,HostingKompagniet,"Provider of IT outsourcing services in Herlev, Denmark. The company provides tailored outsourced hosting and IT solutions to small and medium-sized businesses helping them prioritize their operations over the operation and maintenance of their own infrastructure and clients.",verified_pb,False,0.0,False,False,Commercial B,0.0,False
1450115,Qala Africa,"Provider of bitcoin training services to lightning engineers based out of Africa. The company's services include bitcoin learning and development, lightning network development, facilitating learning opportunity and bitcoin communal development.",verified_pb,False,0.0,False,False,Commercial B,0.0,False
1424437,Lake Villa Tire & Service,"Operator of an automotive repair center serving in the Lake Villa Illinois area. The company offers air conditioning repair, alternator repair, computerized diagnostics, cooling system repair, custom wheels service, headlight restoration and other related services.",verified_pb,False,0.0,False,False,Commercial B,0.0,False
1462027,NuWater,Provider of water treatment services based in South Africa. The company primarily focuses on providing ultra-filtration and reverse osmosis technologies for water-cleaning services to public and private sector clients.,verified_pb,False,0.0,False,False,Commercial B,0.0,False
1359147,Intercept Telehealth,"Provider of specialized telemedicine services intended to provide transformative tele-critical care. The company employs qualified and credentialed Intensivist physicians and critical care nurses who work from a centralized location and offer life-saving Intensivist-led care, enhanced and enabled by the latest technology, for a flat fee, and at a cost, enabling hospitals to get a standard of care available where it is not otherwise possible.",verified_pb,False,0.0,False,False,Commercial B,0.0,False
1362058,Ulna Nord,"Operator of children kindergarten headquartered in Hamburg, Germany. The company focuses on the development and education of toddlers.",verified_pb,False,0.0,False,False,Commercial B,0.0,False
1498547,MarketFriends,"Operator of online platform for traders. The company is an online financial social community for traders. It provides live chat rooms, technical chart forums, the ability to form research teams, message boards and posting trading ideas and successes.",verified_pb,False,0.0,False,False,Commercial B,0.0,False
1545248,Player2,"Developer of artificial intelligence software designed for the gaming industry. The company's platform creates autonomous agents capable of complex in-game actions, enabling developers to offer games with more dynamic and engaging gameplay experiences.",verified_pb,False,0.1,True,True,Commercial B,1.0,False
1529789,The APP Company,"Operator of a mobile design and development company intended to offer digital product development for mobile and unity-based applications. The company platform allows businesses to create mobile apps with no coding experience, enabling businesses with reliable technology to better their systems. enabling businesses with reliable technology to better their systems.",verified_pb,False,0.0,False,False,Commercial B,0.0,False
1376987,The Chemours Chenguang,"Manufacturer of fluoropolymer materials intended for manufacturers in the automotive, aerospace, electronics, energy, and telecommunications sectors. The company's fluoroelastomers feature chemical resistance, thermal stability, and mechanical durability, thereby aiming to deliver reliable, high-quality fluoromaterials that support innovation in critical industries.",verified_pb,False,0.0,False,False,Commercial B,0.0,False
1325887,Hitachi Construction Machinery Finance,"Wholesaler and supplier of construction equipment and machinery in Indonesia. The company's activities include selling construction machinery, building equipment and heavy machinery.",verified_pb,False,0.0,False,False,Commercial B,0.0,False
1478710,Dogecoin Cash,Dogecoin Cash Inc along with its subsidiaries engages in the telemedicine business. The company offers an online telemedicine platform providing customers access to knowledgeable physicians to obtain a medical marijuana recommendation.,verified_pb,False,0.0,False,False,Commercial B,0.0,False
1284504,Brimen,"Provider of an online Co-Founder matching site. The company's website helps to provide injecting science into founding-team formation, enabling clients to get a better Co-Founder compatibility testing application.",verified_pb,False,0.0,False,False,Commercial B,1.0,False
1371272,TvÃ¤ttcenter i LidkÃ¶ping,"Provider of automatic car washing services based in LidkÃ¶ping, Sweden. The company operates car washing laundry for cars, boats, and trailers.",verified_pb,False,0.0,False,False,Commercial B,0.0,False
1407890,Kohrener Landmolkerei,"Producer of milk products in Penig, Germany. The company specializes in processing milk and products such as pasture and hay milk, yoghurt and mixed milk drinks along with contract manufacturing.",verified_pb,False,0.0,False,False,Commercial B,0.0,False
1321035,Rismark International,"Provider of real estate investment funds. The company's global funds management business provides expertise in the execution of sophisticated real estate research and investment strategies. The company manages real estate investment funds and invests in residential real estate employing real estate investment, research, securitization, and active portfolio management strategies, enabling clients to get real estate investment fund and services.",verified_pb,False,0.0,False,False,Commercial B,0.0,False
1548792,Breksey,"Developer of a practice assistance platform designed for therapists looking to start, manage and grow their private practices. The company's platform provides everything from practice setup assistance and billing services to client management tools and marketing support tailored for a wide range of mental health professionals, including licensed therapists, counselors, psychologists and social workers, enabling clients to build thriving practices with sustainable growth.",verified_pb,False,0.0,False,False,Commercial B,0.0,False
1505572,Han Chi Logistics,"Provider of international freight movement and storage serivces. The company's services include air cargo, ocean freight, road, warehousing, project management, customs clearance and insurance.",verified_pb,False,0.0,False,False,Commercial B,0.0,False
1341868,BL EntreprenÃ¸r,"Provider of construction services in Tiller, Norway. The company's construction services include mass transport, road, water and drainage, land digging, explosion, gardener work, surface work and other related services, enabling clients to receive construction and land/ground cutting services.",verified_pb,False,0.0,False,False,Commercial B,0.0,False
1424596,Nelson Family Orthodontics,"Operator of a dental clinic serving in San Marcos, California. The company offers traditional braces, dental implants, clear braces and other related treatments to its clients.",verified_pb,False,0.0,False,False,Commercial B,0.0,False
1375452,Monday 2 Sunday,"Producer of a healthier snack brand intended to make daily indulgence both nutritious and delightful. The company offers a wide assortment of sugar reduced candies, protein bars, lentil chips, and energy drinks, enabling health conscious consumers to enjoy flavourful treats throughout the week with mindful enjoyment.",verified_pb,False,0.0,False,False,Commercial B,0.0,False
1457931,5GenCare,"Provider of IOT solutions intended to cater businesses from start-ups to big enterprises and multinational electronics brands. The company offers product development, cloud and server hosting, data analytics and application development services thereby enabling to deliver innovative IoT solutions for stakeholders.",verified_pb,False,0.0,False,False,Commercial B,0.0,False
1526460,BioCoach,"Operator of an artificial intelligence-powered meal planning platform intended to simplify healthy eating and grocery management. The company's platform offers personalized nutrition plans, ingredient optimization, and adaptive meal recommendations tailored to cooking skills and preferences, enabling individuals and families to save money, reduce waste, and achieve their health goals.",verified_pb,False,0.1,True,True,Commercial B,1.0,False
1446910,Cognio,"Provider of tools to fix RF interference. The company offers Spectrum Expert 3.1, which analyzes, diagnoses, and locates devices within RF environments that use WiFi and RFID frequency bands. Its products allow its customers to troubleshoot, monitor, and tune their WLANs for mission-critical wireless networks.",verified_pb,False,0.0,False,False,Commercial B,0.0,False
1301446,GebrÃ¼der Stitch,"Operator of an affiliate marketing platform based in Vienna, Austria. The company offers affiliate website platform for blockchain securities trading.",verified_pb,False,0.0,False,False,Commercial B,0.0,False
1445570,BabyTree,"Babytree Group is a parenting website in China. It is focused on creating an online destination for expecting parents and young parents to communicate with each other and find a pregnancy and parenting advice. On the platform, the group offers comprehensive products and services that serve the four essential needs of China's young families which are learning, sharing, recording and shopping. Its continuing operations mainly consist of two platforms which are Babytree Parenting and WeTime.",verified_pb,False,0.0,False,False,Commercial B,0.0,False
1523136,Tulip Cremation,"Operator of a direct-to-consumer digital cremation brand intended to provide booking for cremation services. The company's platform helps to book cremation services with modern, simple, and without any added fees online arrangements. A recent addition to the business is a curated, modern line of Urns, enabling users to book funeral arrangements through a seamless digital experience.",verified_pb,False,0.0,False,False,Commercial B,0.0,False
17684,Maxieye,"Developer of autonomous driving systems intended to serve the transportation sector in China. The company's computer vision systems help detect obstacles and oncoming traffic, enabling advanced capabilities of driver-assistance systems.",verified_pb,False,0.1,True,True,Commercial B,1.0,False
1380651,GOG,"Developer of a digital game distribution platform designed to offer the greatest selection of games. The company's platform offers a curated selection of best classic and new DRM (digital rights management)-free games that can be downloaded on any device, enabling gamers to enjoy unlimited games at affordable rates.",verified_pb,False,0.0,False,False,Commercial B,0.0,False
1488882,Finhaus Financial Solutions,"Provider of financial services headquartered in Bellville, South Africa. The company offers a range of services including risk planning, investment planning, retirement planning, wills and estate planning, business financial planning, and more.",verified_pb,False,0.0,False,False,Commercial B,0.0,False
20435,Vayu Robotics,"Developer of robotics technology designed for autonomous systems. The company builds a scalable mobile robotics platform using bio-inspired sensing, scalable machine learning, and purposeful robotic design, enabling businesses and industries to get autonomous systems that can be low-cost, environmentally sustainable, and inherently scalable.",verified_pb,True,0.1,True,,Commercial B,1.0,False
1320092,Gratifii,"Developer of incentive, rewards, and loyalty program software intended to support business engagement and retention. The company offers configurable loyalty program infrastructure, digital rewards catalogues, campaign management tools, branded experience delivery, analytics and reporting dashboards, and integration with enterprise systems, enabling clients to implement targeted engagement strategies and manage reward fulfillment.",verified_pb,False,0.0,False,False,Commercial B,0.0,False
1282923,Barqo,"Operator of a boat-sharing platform intended for renting and renting out boats or fleets. The company's platform allows peer-to-peer boat sharing that makes sailing accessible and sustainable and provides the option for users to talk directly to the boat owner and book boats right away, enabling people who love sailing and boat owners to connect with each other.",verified_pb,False,0.0,False,False,Commercial B,0.0,False
1537070,Capa (Financial Software),"Developer of a non-custodial crypto-banking application designed to improve the digital stablecoin buying and selling experience. The company's application offers a variety of features including storing, earning interest, and spending crypto stables, enabling users to take control of their finances with the right tools.",verified_pb,False,0.0,False,False,Commercial B,0.0,False
1431003,Seraphim Space,"Provider of venture funding services. The company's venture funding services provide investment in companies that are transforming industries and the technologies that are underpinning the space value chain, enabling their clients to get funding for thir need.",verified_pb,False,0.0,False,False,Commercial B,0.0,False
1513018,Trillium Health Partners,"Operator of a hospital intended to provide healthcare services. The company encompasses three main sites - Credit Valley Hospital, Mississauga Hospital, and Queensway Health Centre, offering the full range of acute care hospital services, as well as a variety of community-based, specialized programs, enabling patients to get quality care services.",verified_pb,False,0.0,False,False,Commercial B,0.0,False
1394948,Fusion CRS,"Provider of carpet cleaning services intended for residential and commercial clients. The company offers carpet and upholstery cleaning, tile and grout cleaning, air duct cleaning and repair, water extraction and drying, furniture cleaning and water damage restoration.",verified_pb,False,0.0,False,False,Commercial B,0.0,False
1369833,CG Life,"Operator of an integrated digital marketing and communications agency intended to serve the life sciences and healthcare sector. The company offers market intelligence, brand strategy, content marketing, digital marketing, and paid advertisement services, enabling clients with their communication challenges and helping them create compelling stories.",verified_pb,False,0.0,False,False,Commercial B,0.0,False
1487770,NTW (Semiconductors),"Manufacturer of circuit boards and chips intended to serve clients in various sectors. The company offers rigid PCB circuit boards, flexible circuits, board design and implementation, and local agency services.",verified_pb,False,0.0,False,False,Commercial B,0.0,False
1343126,Olo-One,"Operator of a business intelligence company. The company's services provide integrated management software and vertical business applications, enabling clients in the implementation of generalized decisional information systems for the company or more specifically related to a Business Department.",verified_pb,False,0.0,False,False,Commercial B,0.0,False
1537744,Distacart,"Developer of an e-commerce platform intended to facilitate the purchase of various products. The company's platform offers a wide range of items, including health supplements, personal care products, and groceries, enabling consumers to access goods conveniently while catering to individuals seeking reliable and diverse shopping options.",verified_pb,False,0.0,False,False,Commercial B,0.0,False
1362922,Brokermint,"Developer of back-office software catering to the real estate sector. The company provides the streamlined, easy-to-use real estate brokerage management system developed for small agency startups to established brokerages, thereby helping clients to seamlessly manage all aspects of their back-office tasks from one centralized dashboard.",verified_pb,False,0.0,False,False,Commercial B,0.0,False
1511569,SellowTech,"Developer of a sales management AI tool designed for the global 2000 companies. The company's platform offers services for sales monitoring, sales outreach, opportunity management, data management, strategy development and implementation, and more.",verified_pb,False,0.0,False,True,Commercial B,1.0,False
1360654,Van Grunsven Vertaal Services,"Provider of legal and financial translation services based in Zeist, Netherlands. The company provides legal translations for lawyers and legal specialists and also mediates between legal translators and lawyers.",verified_pb,False,0.0,False,False,Commercial B,0.0,False
1322974,Parans Solar Lighting,"Developer of natural lighting products designed to provide sunlight for the indoor environment. The company is engaged in the development and sale of an environmental system that makes natural light available to indoor environments, thereby enabling customers to use natural resources for electricity needs.",verified_pb,False,0.0,False,False,Commercial B,0.0,False
1453319,Yard Gear,"Retailer of outdoor power and sports equipment based in Hanwell, Canada. The company offers a selection of lawn and garden equipment, handheld equipment, snow blowers, trailers, motorbikes and tractors along with after sales, maintenance and equipment financing services.",verified_pb,False,0.0,False,False,Commercial B,0.0,False
1325704,United Games Marketing,"Developer of a mobile-based gaming application based in Murray, Utah. The company's application provides gaming products and software from a variety of genres such as action, adventure, strategy and fun.",verified_pb,False,0.0,False,False,Commercial B,0.0,False
1512518,BioWise Technologies,"Operator of a biotech company intended to specialize in identifying novel fungal strains and developing advanced fermentation technology. The company offers fungal strains with high protein contents, developing advanced fermentation technology for the production of mushrooms that will be used as pet feed ingredients with the advantages of no allergy, higher health and nutritional values, and lower cost, enabling customers to access non-allergenic and highly nutritious protein sources.",verified_pb,False,0.0,False,False,Commercial B,0.0,False
1408885,Foundry Brands,"Operator of a brand platform intended to set a new standard for e-commerce performance and brand excellence. The company acquires, builds, and grows enduring brands across categories such as home and kitchen, pets, outdoor, fitness and beauty, enabling clients to curate a selection of brands that households depend on to make life enhanced.",verified_pb,False,0.0,False,False,Commercial B,0.0,False
1291881,DoorMint Services,"Provider of an online platform intended to provide hyper-local consumer services. The company's platform provides services such as plumbers appliance repairs, carpenters, electricians, pest controlling, laundry, air conditioning and cleaning, enabling homeowners to get on-demand professional consumer service anytime and anywhere.",verified_pb,False,0.0,False,False,Commercial B,0.0,False
1330094,flitcon,"Provider of business intelligence and IT services. The company offers consulting, software development and training services. It supports the entire lifecycle of its clients' SAS software products.",verified_pb,False,0.0,False,False,Commercial B,0.0,False
1496259,Arctic Empire,"Provider of mobile development and creative web services intended to offer digital services.The company develops mobile applications, mobile games, mobile websites, social websites and online games, enabling clients to get digital products.",verified_pb,False,0.0,False,False,Commercial B,0.0,False
1542431,Big Leap Health,"Provider of a healthcare platform intended to connect individuals with clinics offering advanced mental health treatments. The company offers a streamlined directory of certified clinics providing insurance-covered therapies like Spravato and TMS, with virtual tours and patient reviews, enabling patients to find suitable care and complete online symptom assessments for personalized support.",verified_pb,False,0.0,False,False,Commercial B,0.0,False
18363,Deeper Insights,"Developer of artificial intelligence (AI) and machine learning software intended to establish new performance standards for scanning unstructured internet data. The company's platform uses an information output machine learning (ML) engine to deliver structured business intelligence including competitor intelligence, media monitoring, consumer insights, sales prospecting, content recommendations, brand tracking, event prediction, and consumer sentiment analysis insights, enabling data science consultancy and professional services divisions with deeper insights to make better decisions.",verified_pb,True,0.1,True,,Commercial B,1.0,False
1368283,Xorix,"Provider of contract manufacturing services for pharmaceutical companies. The company offers R&D (research and development), consultancy services in the area of pharmaceutical marketing research, pharmaceutical factory design, construction and commissioning, development of certification strategy, evaluation of new pharmaceutical products development and clinical development design of pharmaceutical products.",verified_pb,False,0.0,False,False,Commercial B,0.0,False
1320717,Causeway Capital Partners,"Provider of private equity funding financing services. The company's private equity funding financing services include providing financing to those investors who have invested in a hedge fund or private equity, enabling small and medium sizes enterprises (SME) to get the financing needed as per their requirement.",verified_pb,False,0.0,False,False,Commercial B,0.0,False
1496479,Blippr,"Provider of a micro-reviews service. The company's micro-reviews service help users to review and receive recommendations on web applications, books, games, movies and music in 160 characters and less.",verified_pb,False,0.0,False,False,Commercial B,0.0,False
1350290,Risk Management America,"Provider of risk consulting services intended to create safer work forces while protecting property and its contents. The company consults with clients to promote wellness, work force safety, fleet safety, marine services as well as the sustainability of property and equipment.",verified_pb,False,0.0,False,False,Commercial B,0.0,False
1404874,Coforge Business Process Solutions,"Provider of business process transformation services intended for the financial services industry. The company provides back-office and omnichannel customer contact center services and specializes in supporting collections for mortgage loans, auto loans, installment loans, credit and debit card payments, thereby enabling clients to provide an enhanced customer experience.",verified_pb,False,0.0,False,False,Commercial B,0.0,False
1493943,FAMACS,"Operator of a media and SEO agency specializing in international communication and search engine optimization based out of Naples, Italy. The company offers off-page SEO, outreach, link building, media buying, and digital PR, with a specific focus on sensitive industries with board members bring extensive professional journalism backgrounds, enabling them to establish strong connections within the media industry.",verified_pb,False,0.0,False,False,Commercial B,0.0,False
1402774,Au Gold,"Au Gold Corp is a gold exploration company. The company is focused on developing the Ponderosa Gold Property, located in southwest of Merritt, British Columbia.",verified_pb,False,0.0,False,False,Commercial B,0.0,False
1502298,HOMER Energy,"Developer of a microgrid modeling software intended to analyze diverse distributed energy systems. The company's platform offers to analyze and optimize distributed power systems and systems that incorporate high penetrations of renewable energy sources, thereby providing professionals, researchers and enthusiasts in the energy industry with training, services, and community tools.",verified_pb,False,0.0,False,True,Commercial B,1.0,False
1354850,Modibodi,"Manufacturer and supplier of undergarments, lingerie and innerwear intended for women. The company offers modern, protective, leak-proof apparel, underwear and swimwear with body-specific shapes, enabling women access to comfortable items of clothing.",verified_pb,False,0.0,False,False,Commercial B,0.0,False
1369925,PNA Molding,"Manufacturer of electromechanical subassemblies for the automobile, consumer electronics and household appliance industries. The company offers plastic injection molding, mechatronics, filters and over-molding services, supporting clients right from product concept and tooling design to automated assembly services.",verified_pb,False,0.0,False,False,Commercial B,0.0,False
1329114,Comptoir de l'Homme,"Operator of an online men's cosmetic products based in Paris, France. The company's products include perfumes, face care, shaving and beard items, deodorant and shower gel as well as sunscreen creams.",verified_pb,False,0.0,False,False,Commercial B,0.0,False
1311457,Cymbel,"Provider of cybersecurity services intended to help government agencies and businesses leverage the latest tools and technology to improve their cybersecurity defenses. The company offers security monitoring, integrated security workflows, advanced automation and security management, thereby helping clients manage the most complex security and compliance challenges.",verified_pb,False,0.0,False,False,Commercial B,0.0,False
1440787,E-Cycling,"Provider of recycling services for e-waste intended to reduce the risk, cost and complexity associated with managing IT assets throughout the lifecycle and extend the life of technology. The company is engaged in the sustainable reuse and recycling of electronic products and provides quality control certifications, environmental management and occupational health and safety certifications, thereby ensuring the reduction of landfills by recycling, minimization of waste, reducing energy consumption and harmful emissions",verified_pb,False,0.0,False,False,Commercial B,0.0,False
1389799,India Oven Authentic Cuisine & Bar,"Operator of a restaurant intended to provide Indian cuisine in Citrus Heights, California. The company specializes in offering a unique fine dining experience where fresh dishes are prepared using traditional methods, enabling customers to experience the taste of Indian food served.",verified_pb,False,0.0,False,False,Commercial B,0.0,False
1371298,GoGoBus (Automotive),"Operator of shared transportation services intended to organize group travel to predetermined destinations. The company's platform aggregates travelers headed to the same event or location and coordinates bus trips through online booking, electronic confirmations, designated pick-up points, scheduled routes, and fare-based reservations, enabling event attendees and leisure travelers to access organized transport to destinations not easily reachable by standard public transit.",verified_pb,False,0.0,False,False,Commercial B,0.0,False
1544944,Howard Intervention Center,"Provider of Applied Behavior Analysis (ABA) therapy intended for children diagnosed with autism and their families. The company offers therapy to children affected with autism, from the time they are diagnosed through age 21, and their families, enabling the children to improve their social, communication and learning skills.",verified_pb,False,0.0,False,False,Commercial B,0.0,False
1373330,Dfw Refrigerant Services,"Operator of a refrigerant service company intended to provide refrigerated products and supplies. The company offers reclamation, onsite recovery, cylinder exchanges, customized sustainability like buyback and recycling programs to meet the needs of the HVAC/R industry and refrigerant solutions, thereby enabling its clients to avail the solutions for a hassle-free repair, replacement and demolition of their equipments.",verified_pb,False,0.0,False,False,Commercial B,0.0,False
1296287,Ravelcare,"Ravelcare Ltd is engaged in the trading of a variety of Personal Care Products such as Haircare, Skincare, Body care and other related products through its own website and other E-Commerce platforms such as Amazon, Flipkart, which are manufactured through third party manufacturers under the brand name of ""Ravel"". The company's product offerings include Haircare, Skincare, Bodycare and Scalp Care products. The majority of its revenue is generated from Haircare products.",verified_pb,False,0.0,False,False,Commercial B,0.0,False
1482072,Courant Capital Management,"Provider of asset management services. The company specializes in providing relative value trading, risk management and executive administration to its clients.",verified_pb,False,0.0,False,False,Commercial B,0.0,False
1492851,EZ CERT,"Developer of certificate tracking software intended for franchisors and franchisees. The company's program monitors insurance certificates and ensures FDD compliance, enabling clients to protect their brands through efficient and automated tracking.",verified_pb,False,0.0,False,False,Commercial B,0.0,False
1485141,Contractor Sales & Service,"Provider of aerial equipment and services intended to meet the needs for aerial equipment in various industries. The company offers sales, rentals and servicing of telescopic and articulating boom lifts, scissor lifts, single-man lifts, rough terrain lifts and forklifts, enabling clients like convention centers, construction companies, maintenance crews, industrial sites, power plants and varying levels of municipalities to get improved lift equipment to get their job done.",verified_pb,False,0.0,False,False,Commercial B,0.0,False
1444609,Mathany Family Vineyards,"Operator of a vineyard in Lake of the Ozarks, Missouri. The company offers a wide range of wines made from grapes including red and white wines.",verified_pb,False,0.0,False,False,Commercial B,0.0,False
1440712,Alpha Specialties,"Operator of a truck and trailer dealership in Pearl, Mississippi. The company offers new and used equipment trailers, dump trailers, utility trailers, cargo trailers, car hauler trailers, gooseneck trailers, truck beds and related products along with repair and installation services, enabling clients to avail of the required products.",verified_pb,False,0.0,False,False,Commercial B,0.0,False
1500204,TheCrowd,Provider of a crowdsourcing platform. The company provides a platform which seeks to drive consumer transactions using the knowledge of the masses.,verified_pb,False,0.0,False,False,Commercial B,0.0,False
1475718,Eventifier,"Developer of a social media engagement platform designed to offer audience-generated content. The company's platform archives media content like event photos, videos, slides, tweets and conversations from conferences and events across the globe, enabling consumers to access user-generated content on websites.",verified_pb,False,0.0,False,False,Commercial B,0.0,False
17591,Papercup,"Operator of a speech processing platform intended to translate and generate synthetic voice-overs for videos. The company's platform helps to localize video content to reach a global audience, improve customer engagement, and distribute and manage newly translated content, enabling creators to produce a broadcast-quality translation and voiceover for videos at scale.",verified_pb,True,0.1,False,,Commercial B,1.0,False
1454387,Par Five Energy Services,"Provider of oilfield cementing and remediation services throughout the Delaware Basin, Northwest Shelf and Central Basin Platform. The company offers construction, maintainance, trenching, shoring, line detecting and line finding.",verified_pb,False,0.0,False,False,Commercial B,0.0,False
1297345,Transcontainer,"PJSC TransContainer is a Russian intermodal container operator operating with the largest fleet of containers and fitting platforms in Russia. The company's principal activities include arrangement of container shipping and other logistics services including terminal services, freight forwarding and intermodal delivery using rolling stock and containers. The company earns most of its revenue from integrated freight forwarding and logistics services.",verified_pb,False,0.0,False,False,Commercial B,0.0,False
1489056,Eco Flooring USA,"Provider of residential flooring and remodeling services offers hardwood, laminate, vinyl plank, and staircase and bathroom upgrades in Georgia. The company uses environmentally conscious methods such as sustainable materials and dustless sanding.",verified_pb,False,0.0,False,False,Commercial B,0.0,False
1491880,Medi-Karriere,"Provider of information and job-seeking services catering to healthcare sector. The company offers training opportunities and salary overviews for medical assistants, employees in the administration of clinics and other facilities, nurses and therapists.",verified_pb,False,0.0,False,False,Commercial B,0.0,False
1333469,Van der Pop,"Operator of a retail chain intended to supply cannabis products. The brand creates offers cloudburst, eclipse which are well-balanced THC and CMD contents and accessories like rolling papers, lighter and joints, thereby enabling its customers to avail the products for self-love and happy lifestyle.",verified_pb,False,0.0,False,False,Commercial B,0.0,False
1479320,Referral Key,"Provider of a referral networking platform intended to help users manage their trusted referral relationships. The company's referral networking platform allows users to create a profile and to give and receive referrals from other professionals, enabling businesses to increase sales, expand their professional network and differentiate themselves from their competition.",verified_pb,False,0.0,False,False,Commercial B,0.0,False
1417943,MPM Specialist Vehicles,"Distributor of trucks, trailers and related transportation vehicles intended to serve transportation, construction, fire and rescue industry. The company offers new and used fuel trucks, terminal chassis trailers, liftmaster, cassettes, seacom trailers, fuel tank, gooseneck and hazardous spill reservoirs as well as offers fire and rescue equipment.",verified_pb,False,0.0,False,False,Commercial B,0.0,False
1444765,MapR,"Provider of a cloud-based converged data platform designed to offer real-time database capabilities. The company's platform offers enterprise-grade data protection and business continuity by digitally transforming data in marketing, security, information technology and business operations, enabling enterprises to harness the power of big data by combining analytics in real-time to operational applications to improve business outcomes.",verified_pb,False,0.0,False,False,Commercial B,0.0,False
1529915,Ay Pero QuÃ© Cute,"Operator of the apparel brand intended to offer affordable clothing and accessories. The company is trying to showcase diverse Latinx culture by offering clothing at a price point anyone can afford, enabling people to wear quality clothes and accessories of diverse cultures.",verified_pb,False,0.0,False,False,Commercial B,0.0,False
1529774,Camp Arrow Wood,"Operator of sports camp intended to provide intentional programming to athletes and non-athletes. The company offers structured programming sports-centric camp over the summer and also have the opportunities to explore traditional camps, enabling campers to explore their passion in every aspect of the sports world.",verified_pb,False,0.0,False,False,Commercial B,0.0,False
1417084,AxionContinu,"Operator of a non-profit organization intended to provide home care and services to elderly people. The company offers well-maintained living, rehabilitation, recovery, independent and living care services.",verified_pb,False,0.0,False,False,Commercial B,0.0,False
1621915,"Bioplatinum Technologies, Llc",SBIR/STTR awardee (first award 2024). Project: Precision medicine for pancreatic cancer. Biomarker-guided drug delivery of platinum to tumors,emerging_github,False,0.0,False,,Unlisted,0.0,False
1619467,"Norron Systems, Inc.",SBIR/STTR awardee (first award 2008). Project: High-Density Ultra-Small Transparent Electrode Arrays for Brain-Slice Research,emerging_github,False,0.0,False,,Unlisted,0.0,False
1617540,Macrochem Corporation,SBIR/STTR awardee (first award 2001). Project: Topical Adenosine and Microvascular Changes in Diabetes,emerging_github,False,0.0,False,,Unlisted,0.0,False
1618381,"Mk Optics, Inc.",SBIR/STTR awardee (first award 2003). Project: Fiber-optic stress sensor array for diabetic foot ulcers,emerging_github,False,0.0,False,,Unlisted,0.0,False
1620724,"Lumitex, Inc.",SBIR/STTR awardee (first award 2016). Project: Non-Invasive Intraoral LED Phototherapy Device for the Prevention and Treatment of Oral Mucositis,emerging_github,False,0.0,False,,Unlisted,0.0,False
1623080,"Applied Lifesciences & Systems, Llc",SBIR/STTR awardee (first award 2016). Project: SBIR Phase I:  Innovative High Throughput Automated System for Individualized Poultry Vaccination and Recognition and Removal of Unhealthy Chicks,emerging_github,False,0.0,False,,Unlisted,0.0,False
1613286,Material Impact Fund,"Early-stage, first-in investor focused exclusively on materials science, spinning university tech into startups and acting as hands-on initial operators to build companies from the lab bench up (≈30 portfolio)",emerging_github,False,0.1,False,,Unlisted,0.0,False
12977,Pathways,"Developing an AI-powered platform ingests and transforms unstructured, operational data into automated, real-time reporting on emissions, delivering rapid deployments of LCAs and EPDs.",emerging_github,False,1.0,True,,Unlisted,1.0,False
1620594,Catassays,SBIR/STTR awardee (first award 2015). Project: NOVEL ULTRASENSITIVE CANCER BIOMARKER ASSAY PLATFORM UTILIZING PALLADIUM CATALYZED HIGH-GAIN CHEMICAL AMPLIFICATION,emerging_github,False,0.0,False,,Unlisted,0.0,False
1624032,"Sage Electrochromics,Inc.",SBIR/STTR awardee (first award 2005). Project: SBIR Phase II:    Nanostructured Materials and Process for Improved Electrochromic Device Performance,emerging_github,False,0.0,False,,Unlisted,0.0,False
1619725,"Stellar Micro Devices, Inc.",SBIR/STTR awardee (first award 2009). Project: Flat Panel X-ray Sources for Digital Breast Tomosynthesis System,emerging_github,False,0.0,False,,Unlisted,0.0,False
1564101,AI-Planning,"International conference and community organization advancing the field of automated planning and scheduling through technical meetings, competitions, and knowledge dissemination.",emerging_github,False,0.6,True,,Unlisted,0.0,False
1617678,Kk Biomed Corporation,SBIR/STTR awardee (first award 2001). Project: A NEW CLASS OF DRUG CARRIERS FOR TREATMENT OF MS,emerging_github,False,0.0,False,,Unlisted,0.0,False
1619858,"L A Bruell, Inc.",SBIR/STTR awardee (first award 2010). Project: Separate Fact from Fiction in Cases of Child Abuse: A Tool for Pediatricians,emerging_github,False,0.0,False,,Unlisted,0.0,False
1627155,Bettermeant Inc,"SBIR/STTR awardee, Department of Defense (first award 2020). Project: Artificial intelligence to personalize healthcare accessibility and expedite detection of mental and physical health needs.",emerging_github,False,0.0,True,True,Unlisted,1.0,False
1620925,"Janus Research Group, Inc.",SBIR/STTR awardee (first award 2017). Project: Advanced technology for the improvement of Modular Emergency Radiological Response Transportation Training,emerging_github,False,0.0,False,,Unlisted,0.0,False
1572628,positron-solutions,"Hugging Face organization — 0 models, 20 followers Twitter: https://twitter.com/positron_ai",emerging_github,False,0.7,True,,Unlisted,0.0,True
1624103,Elecsci Corporation,SBIR/STTR awardee (first award 2006). Project: SBIR Phase I:  Embedded Electron Charge for Macro Scale Devices,emerging_github,False,0.0,False,,Unlisted,0.0,False
1627295,"Sperient, Inc.","SBIR/STTR awardee, Department of Defense (first award 2005). Project: Ultra Low Power Electronics for Autonomous Micro-Sensor Applications",emerging_github,False,0.0,True,,Unlisted,0.0,False
1621714,"Lo Biosciences, Inc.",SBIR/STTR awardee (first award 2022). Project: RFA-PA-21-259- Highly sensitive point-of-care LAMP assay for diagnosis of HCV infection enabled by PBMC-enriched plasma,emerging_github,False,0.0,False,,Unlisted,0.0,False
1559064,Google Code Jam Archive,"Hi HN, As many of you already know, Google has discontinued their coding competitions and is shutting down the competitions website. Before it&#x27;s gone forever, I&#x27;ve scraped everything I could from their website and set up my own archive. (Disclaimer: I&#x27;m not affiliated with Google besides participating in these contests years ago) While the initial version was ready back in March, today I&#x27;m rolling out big and hopefully the final update, so this might be a good time to share i",emerging_github,False,0.0,False,,Unlisted,0.0,False
1621328,Analytical Detection Llc,SBIR/STTR awardee (first award 2019). Project: High Performance Liquid Phase Ion Mobility Spectrometer for Omics Applications,emerging_github,False,0.0,False,,Unlisted,0.0,False
12880,MabLab,Building five-in-one test strips to detect the five deadliest lacing agents in recreational drugs.,emerging_github,False,0.0,False,,Unlisted,0.0,False
1617034,"Portascience, Inc.",SBIR/STTR awardee (first award 2000). Project: DEVELOPMENT OF A NON-INSTRUMENTED PROTHROMBIN TIME TEST,emerging_github,False,0.0,False,,Unlisted,0.0,False
12558,Bartega,"Promoting the integration of art practice in both schools and workplaces as a catalyst for collaboration, communication, and creativity.",emerging_github,False,0.0,False,,Unlisted,0.0,False
1617539,"Dnastar, Inc.",SBIR/STTR awardee (first award 2001). Project: SUPERIOR SOFTWARE FOR LARGE-SCALE DNA FRAGMENT ASSEMBLY,emerging_github,False,0.0,True,,Unlisted,0.0,False
1617014,"Advitech, Inc.",SBIR/STTR awardee (first award 2000). Project: WEARABLE ARTIFICAL LABYRINTH IN MOTION SICKNESS/VERTIGO,emerging_github,False,0.0,False,,Unlisted,0.0,False
1626240,Super-Sharp Space Systems Limited,"EU framework programme participant, SME (first AI project 2026). Project: THEOSCOPE",emerging_github,False,0.0,True,,Unlisted,0.0,True
1619209,"Oceanit, Inc.",SBIR/STTR awardee (first award 2007). Project: Transgenesis-Ready Mice with Tn5 Transposase,emerging_github,False,0.0,False,,Unlisted,0.0,False
12557,Barefoot Edu Foundation,Creating a movement of empowered educators in India who make education meaningful for children.,emerging_github,False,0.0,False,,Unlisted,0.0,False
1620842,"Ispin, Inc.",SBIR/STTR awardee (first award 2017). Project: A novel combinatorial approach for treating HPV-associated malignancies,emerging_github,False,0.0,False,,Unlisted,0.0,False
13013,ProtectED Solutions LLC,"Designing furniture that protects against domestic terrorism and active shooter violence in schools, government buildings, and offices.",emerging_github,False,0.0,False,,Unlisted,0.0,False
1617434,"Williams Lifeskills, Inc.",SBIR/STTR awardee (first award 2000). Project: DEVELOPMENT OF A VIDEO TO TEACH THE LIFESKILLS WORKSHOP,emerging_github,False,0.0,False,,Unlisted,0.0,False
1618438,"Sonocor, Inc.","SBIR/STTR awardee (first award 2003). Project: Novel, (Fully Sampled)2D Ultrasound Imaging Array",emerging_github,False,0.0,False,,Unlisted,0.0,False
1615652,Biome Makers,Analyzes soil microbiome and chemical composition to provide predictive insights for crop health and sustainability. Uses biocomputing to help farmers reduce chemical inputs and improve soil health.,emerging_github,False,0.7,False,,Unlisted,1.0,False
1560557,AI in SolidWorks,"Hey HN! We’re Will and Jorge, and we’ve built LAD (Language-Aided Design), a SolidWorks add-in that uses LLMs to create sketches, features, assemblies, and macros from conversational inputs ( https:&#x2F;&#x2F;www.trylad.com&#x2F; ). We come from software engineering backgrounds where tools like Claude Code and Cursor have come to dominate, but when poking around CAD systems a few months back we realized there&#x27;s no way to go from a text prompt input to a modeling output in any of the major ",emerging_github,False,0.7,True,,Unlisted,1.0,False
1618337,"Aerodyne Research, Inc",SBIR/STTR awardee (first award 2003). Project: Biothreat Detection with Improved Background Rejection,emerging_github,False,0.0,False,,Unlisted,0.0,False
1558622,Stock Photos Using Stable Diffusion,"Hi HN, this is an early version of what we’re imagining as a truly functional stock photo platform using Stable Diffusion. We’re doing our best to hide the customization prompts on the back end so users are able to quickly search for pre-existing generated photos, or create new ones that would ideally work as well. If we keep going with it, in future versions we’d like to add voting, better tags, and more varied prompts, or maybe whatever you recommend!",emerging_github,False,0.7,True,,Unlisted,1.0,False
1618578,"Minnesota Medical Edu-Ware, Inc.",SBIR/STTR awardee (first award 2004). Project: Production & Evaluation of Geriatric Therapeuics CD-ROM,emerging_github,False,0.0,False,,Unlisted,0.0,False
1616398,Reco Medical Ltd,"Creating a new standard of care for Intracranial Pressure (ICP) Management through a portable wireless sensing technology consisting of an implantable miniature sensor, a battery-powered electronic reader and a small and flexible external patch antenna.",emerging_github,False,0.1,False,,Unlisted,0.0,False
8173,MedEngine,"Helping people with Parkinson's track their symptoms and optimize their treatments with Flytta, our wearable and app combination. #medtech #software #hardware",emerging_github,False,0.0,False,,Unlisted,0.0,False
1615327,Incubit,"Incubit is an enterprise solutions company that provides integrated technology consulting, services, products, and outsourcing solutions.",emerging_github,False,0.1,False,,Unlisted,0.0,False
1614579,Automile,"a cloud-based solution for vehicle and asset tracking, offering live location, smart alerts, mileage and fuel reporting, and route optimization for thousands of businesses.",emerging_github,False,0.1,False,,Unlisted,0.0,False
1627281,Data Flux Systems Inc.,"SBIR/STTR awardee, Department of Defense (first award 2010). Project: Autonomous Landing at Unprepared Sites for a Cargo Unmanned Air System",emerging_github,False,0.0,True,True,Unlisted,1.0,False
1627443,"Analytical Designs, Inc.","SBIR/STTR awardee, Department of Defense (first award 1993). Project: Intelligent, Modular, Scalable Controllers And Actuators For Use In Automated Systems",emerging_github,False,0.0,True,,Unlisted,1.0,False
1565422,pbatard,"A Free Software Developer, with more decades of experience than we care to admit — It is through this lens that we see the FSF's foresight being vindicated...",emerging_github,False,0.0,False,,Unlisted,0.0,False
1616823,"Jf Scientific Industries, Inc.",SBIR/STTR awardee (first award 2000). Project: DEVICE TO AID SELF ADMINISTRATION OF EYEDROPS,emerging_github,False,0.0,False,,Unlisted,0.0,False
1621786,Silicon Cures Llc,SBIR/STTR awardee (first award 2023). Project: ICU-CARE: An interactive mobile app to enhance the efficiency of daily informal caregiving in the intensive care unit,emerging_github,False,0.0,False,,Unlisted,0.0,True
5515,Tallysticks,Tallysticks is a blockchain-based transactional network that automates invoicing and invoice financing processes.,emerging_github,False,1.0,False,,Unlisted,0.0,False
1621336,"Elixera, Inc.",SBIR/STTR awardee (first award 2019). Project: A First-in-Class Human Antibody Therapeutic for Treatment of Cushing's Disease,emerging_github,False,0.0,False,,Unlisted,0.0,False
1617976,"Image Smiths, Inc.",SBIR/STTR awardee (first award 2002). Project: Image Quality Control for CRTs in the PACs Environment,emerging_github,False,0.0,False,,Unlisted,0.0,False
1619067,Six Robotics,Develops autonomy software platform for unmanned systems that enables multiple drones and robotic platforms to operate collaboratively through swarm coordination in complex environments.,emerging_github,False,0.0,True,True,Unlisted,1.0,False
1558825,Isitongamepass.gg,"Xbox Game Pass is pretty amazing. However, the official website to list games is horrible. It takes forever to load, it&#x27;s hard to navigate, and weirdly difficult to just look up if a game you care about is available on Game Pass. Enter https:&#x2F;&#x2F;isitongamepass.gg - a super fast site where you can look up the current Game Pass roster. My goals going into it were speed and easily accessible information. Each card has a game title, a poster image, and the set of platforms it&#x27;s ava",emerging_github,False,0.0,False,,Unlisted,0.0,False
1623293,"ATRP Solutions, Inc.",SBIR/STTR awardee (first award 2009). Project: SBIR Phase II:  Amphiphilic Copolymers as Thickening Agents for Personal Care Products,emerging_github,False,0.0,False,,Unlisted,0.0,False
1621649,"Lightseed, Inc.",SBIR/STTR awardee (first award 2022). Project: Improving Outcomes in Cancer Treatment-Related Cardiotoxicity,emerging_github,False,0.0,False,,Unlisted,0.0,False
1568212,skrikx,"Founder, Architect of SROS — an open, inspectable AI operating system for multi-agent workflows. Building sovereign tech, transparent systems, and high-level a",emerging_github,False,0.3,False,,Unlisted,1.0,False
1573425,openkinome,"A @volkamerlab + @choderalab joint project, funded by the Stiftung Charité (Einstein BIH Visiting Fellow Project), Bayer and others",emerging_github,False,0.30000000000000004,False,,Unlisted,0.0,True
1621407,"Armis Biopharma, Inc.",SBIR/STTR awardee (first award 2020). Project: Development of a novel product for skin decontamination after exposure to chemical warfare agents,emerging_github,False,0.0,False,,Unlisted,0.0,False
1558391,Fast way to build digital presence across multiple platforms,"Hello, I am a tech blogger and last year I wanted to have my own website for writing blogs and doing content marketing. Since I love programming, I could have built the site by myself but I wanted to test the no-code solutions, so after spending sometime researching I ended up going with Wordpress. However i found it tedious and for some reasons, hard and slow. Anyways, I tried other platforms like Wix too. Problem then came was I had to share my work on social media platforms to get more reader",emerging_github,False,0.0,False,,Unlisted,0.0,False
1559749,The Hitchhiker's Guide to the Galaxy Online,"I thought to make a funny website with a fine-tuned model that acts like the guide from Douglas Adams&#x27;s novel. This way, you can find the right answer when in a tight spot (like when you need a ride to Alpha Centauri or smth).",emerging_github,False,0.0,False,,Unlisted,1.0,False
16122,Upwind,Upwind is the runtime-powered CNAPP that protects everything you run in the cloud with real-time insights.,emerging_github,False,0.1,False,,Unlisted,0.0,False
1618816,Curagen Corporation,SBIR/STTR awardee (first award 2005). Project: Mapping disease-specific human protein networks,emerging_github,False,0.0,False,,Unlisted,0.0,True
12563,Bench Agent,"Turning scattered lab notes and data into shared memory, knowledge, and insights with an AI lab agent to accelerate research.",emerging_github,False,1.0,False,,Unlisted,1.0,False
1581318,jina-ai,"Hugging Face organization — 92 models, 1,790 followers Twitter: https://twitter.com/JinaAI_",emerging_github,False,0.7,True,,Unlisted,1.0,False
5959,Inuka Pap,iNuka Pap is a mobile platform that partners with savings and credit co-operatives (SACCOs) in Africa to provide members access to instant loans.,emerging_github,False,0.0,False,,Unlisted,0.0,False
1617688,"One Lambda, Inc.",SBIR/STTR awardee (first award 2001). Project: HLA TYPING USING OLIGONUCLEOTIDE ARRAYS,emerging_github,False,0.0,False,,Unlisted,0.0,False
1558900,Browse and Generate AI Memes for Free,An art collective building open-source tools and apps around generative AI to democratize understanding of complex AI systems in a fun and approachable manner.,emerging_github,False,0.7,True,,Unlisted,1.0,False
1617599,"Ca*Tx, Inc.",SBIR/STTR awardee (first award 2001). Project: SCREENING PRETEST FOR HEREDITARY COLON CANCER (HNPCC),emerging_github,False,0.0,False,,Unlisted,0.0,False
1621551,Pillsmart Inc.,"SBIR/STTR awardee (first award 2021). Project: Facilitating supervised self-management of stimulant medications among adolescents: improving adherence, reducing stigma, and supporting caregivers",emerging_github,False,0.0,False,,Unlisted,0.0,False
1612368,UK Innovation & Science Seed Fund,"A fund backed by the government, providing seed funding to science & technology start-ups and SMEs",emerging_github,False,0.1,False,,Unlisted,0.0,False
1620416,"Smart Activity Of Daily Living, Llc",SBIR/STTR awardee (first award 2014). Project: A Wireless Device to Monitor and Track Fluid Consumption in At-Risk Older Adults,emerging_github,False,0.0,False,,Unlisted,0.0,False
1576792,hammadhaqqani,"AI-powered cloud infrastructure engineer who builds intelligent, self-healing cloud systems by integrating Claude, Codex, and LLMs into DevOps workflows across AWS and Azure.",emerging_github,False,0.5,False,,Unlisted,1.0,False
1621741,"Binary Genomics, Inc.",SBIR/STTR awardee (first award 2023). Project: Monitoring Immunotherapy Response via Gene Silencing Landscapes in Cell-Free DNA,emerging_github,False,0.0,False,,Unlisted,0.0,True
1554977,Get Your Own Maps – Pixel Perfect,GLMap is a framework for iOS developers with a simple mechanism for integrating detailed and lightweight offline maps into any application.,emerging_github,False,0.0,False,,Unlisted,0.0,False
1589812,circle,"Mobile-first, inventory led thrifting platform enabling secondhand sales, focused on fashion and clothing",emerging_github,False,0.1,False,,Unlisted,0.0,False
1617508,Bioreliance Corporation,SBIR/STTR awardee (first award 2001). Project: SHORT-TERM MOLECULAR CARCINOGENICITY ASSAYS,emerging_github,False,0.0,False,,Unlisted,0.0,False
1619934,"Baker-Calling, Inc.",SBIR/STTR awardee (first award 2010). Project: Piezoelectric MEMS microphones for hearing aids,emerging_github,False,0.0,False,,Unlisted,0.0,False
1617829,"Biomat Sciences, Inc.",SBIR/STTR awardee (first award 2001). Project: A NOVEL METAL-POLYMER COMPOSITE FOR AMALGAM REPLACEMENT,emerging_github,False,0.0,False,,Unlisted,0.0,False
1618586,"Greer Laboratories, Inc.",SBIR/STTR awardee (first award 2004). Project: Ab Alphavirus Replicon Vaccine against Cytomegalovirus,emerging_github,False,0.0,False,,Unlisted,0.0,False
1616707,"New England Biolabs, Inc.",SBIR/STTR awardee (first award 2000). Project: PROTEIN PURIFICATION USING INTEIN C-TERMINAL CLEAVAGE,emerging_github,False,0.0,False,,Unlisted,0.0,False
1615042,Terradote,manufactures petroleum-free chemicals for plastics and fiber manufacturers to reduce their carbon footprint.,emerging_github,False,0.1,False,,Unlisted,0.0,False
1625846,Eclipse Foundation Europe Gmbh,"EU framework programme participant, SME (first AI project 2024). Project: HYPER-AI",emerging_github,False,0.0,True,,Unlisted,0.0,True
1560796,"Number Gacha, a gacha game distilled to its essence","Number Gacha is a half-parody, half-real gacha game where you roll, unwrap, and battle numbers. Play on Desktop for the best experience!",emerging_github,False,0.0,False,,Unlisted,0.0,False
10361,Emulation Robotics,Our company brings the development of tactile sensors for robotic end effectors and wearable technologies to solve robotic dexterous manipulation tasks.,emerging_github,False,0.0,False,,Unlisted,0.0,False
1574209,hurairamuzammal,"I like building things that solve real problems. Mostly playing with AI, apps, and anything that feels powerful.",emerging_github,False,0.1,False,,Unlisted,0.0,True
1619233,"Enzo Biochem, Inc.",SBIR/STTR awardee (first award 2007). Project: Small molecule compound-based method to induce new bone formation and prevent per,emerging_github,False,0.0,False,,Unlisted,0.0,False
1622935,Florida Atlantic University,SBIR/STTR awardee (first award 2016). Project: I-Corps Sites: Type I - Florida Atlantic University I-Corps Site for Advancing Entrepreneurship and Innovation,emerging_github,False,0.0,False,,Unlisted,0.0,False
13032,Recycoin,Providing end-to-end solutions for the organization and tracking of recyclable material.,emerging_github,False,0.0,False,,Unlisted,0.0,False
22278,Typhoon,"Hugging Face organization — 72 models, 355 followers Twitter: https://twitter.com/opentyphoon",emerging_github,False,0.7,True,,Unlisted,1.0,False
12962,Overjet,Overjet is the dental AI platform that lets dental professionals put patients first and operate efficiently.,emerging_github,False,1.0,False,,Unlisted,1.0,False
1561284,mrexodia,"Reverse engineer, creator of @x64dbg and 100+ other projects. Love binary analysis and Windows internals. Dreaming about doing open source full time...",emerging_github,False,0.2,False,,Unlisted,0.0,False
16901,Aivar,"Aivar is an AI services company that helps large enterprises quickly design, build, and deploy production-grade AI systems on major platforms at scale​",emerging_github,False,0.7,False,,Unlisted,1.0,False
1625586,Cy.R.I.C Cyprus Research And Innovation Center Ltd,"EU framework programme participant, SME (first AI project 2023). Project: dAIry 4.0",emerging_github,False,0.0,True,True,Unlisted,1.0,False
1618463,Crosslink Genetics Corporation,SBIR/STTR awardee (first award 2003). Project: Method for Discovering Novel Transcriptional Regulators,emerging_github,False,0.0,False,,Unlisted,0.0,True
1627268,IST-Rolla,"SBIR/STTR awardee, Department of Defense (first award 2006). Project: Advanced Filtering Techniques Applied to Spaceflight",emerging_github,False,0.0,True,,Unlisted,0.0,True
10330,Vently,"Vently helps event organizers build and manage their communities by streamlining event ticketing, membership management, engagement, and communicationâ€”all in one powerful platform.",emerging_github,False,0.0,False,,Unlisted,0.0,False
1623929,"bdDisplays, LLC",SBIR/STTR awardee (first award 2006). Project: SBIR Phase I:  RGB upconverted laser backlights for LCDs,emerging_github,False,0.0,False,,Unlisted,0.0,False
1623646,"MCB Clean Room Solutions, LLC",SBIR/STTR awardee (first award 2010). Project: SBIR Phase I:  MEMS Micro-Energy Harvester for Integrated Self-Powered Wireless Sensors,emerging_github,False,0.0,False,,Unlisted,0.0,False
1626200,Generative Robotics,"EU framework programme participant, SME (first AI project 2026). Project: euroFMX",emerging_github,False,0.0,True,True,Unlisted,0.0,True
1618959,"Aviv Biomedical, Inc.",SBIR/STTR awardee (first award 2005). Project: Advanced Absorbance Detection for the AUC,emerging_github,False,0.0,False,,Unlisted,0.0,False
1617242,Ontogen Corporation,SBIR/STTR awardee (first award 2000). Project: DISCOVERY OF NOVEL FRUCTOSE BISPHOSPHATASE INHIBITORS,emerging_github,False,0.0,False,,Unlisted,0.0,False
16715,Impulse,Impulse Space is accelerating the future in space through efficient transportation anywhere.,emerging_github,False,0.1,False,,Unlisted,0.0,False
1559006,"Ethereum address reviews, similar to Yelp","Hi HN, Excuse me if the formatting sucks, this is a first time post. I want to introduce to you vrfd.info. A place where you can openly view and influence the reputation of any Ethereum address. Think of it as Yelp but for Eth. Addresses are classified as either verified or flagged on-chain through soulbound NFTs. A type of NFT that has no trade value as it cannot be sold. Once minted, it is stuck to the given address. The metadata of the NFT contains either information to verify the address wit",emerging_github,False,0.0,False,,Unlisted,0.0,False
1616421,FootprintLab,"Empowering climate solutions by making Scope 3 emissions intensities accessible, transparent, and easy-to-use",emerging_github,False,0.1,False,,Unlisted,0.0,False
1618218,Photon Industries,SBIR/STTR awardee (first award 2003). Project: Retinal Oximeter for Clinical Assessments,emerging_github,False,0.0,False,,Unlisted,0.0,False
1627347,"Advanced Mechanics Technology, Ltd.","SBIR/STTR awardee, Department of Defense (first award 1999). Project: Parallel Design Tools for Optimization of Smart Structures",emerging_github,False,0.0,True,,Unlisted,0.0,False
1614429,Imbue,"Imbue builds AI systems that reason, powering smart agents to handle complex tasks and reimagine personal computing as an empowering tool in our everyday lives.",emerging_github,False,0.7,False,,Unlisted,1.0,False
1622957,"Omics Data Automation, Inc.",SBIR/STTR awardee (first award 2017). Project: SBIR Phase II:  Robust Medical Data Aggregation to Enable Advanced Approaches to Precision Medicine,emerging_github,False,0.0,False,,Unlisted,0.0,False
1568049,WE3io,"We combine senior product, design and engineering expertise to craft real outcomes.",emerging_github,False,0.0,False,,Unlisted,0.0,True
1580477,Bigeye,"improves data quality at scale with observability, incident management and automation",emerging_github,False,0.7,False,,Unlisted,0.0,False
1559029,A package manager for AI plugins,"A package manager for discovering, publishing, and integrating AI plugins through APIs",emerging_github,False,0.7,True,,Unlisted,1.0,False
12771,H2BIOSYS,"Transforming planet-heating methane into clean and sustainable materials, animal feed, and hydrogen.",emerging_github,False,0.0,False,,Unlisted,0.0,False
1626408,Daedalean Ag,"EU framework programme participant, SME (first AI project 2017). Project: Corvid",emerging_github,False,0.0,True,True,Unlisted,0.0,True
1618770,"Tapestry Pharmaceuticals, Inc.",SBIR/STTR awardee (first award 2004). Project: Selectable Editing of Gene Defects Affecting Solid Tissu,emerging_github,False,0.0,False,,Unlisted,0.0,False
1576358,rodrigooler,"A blockchain network that uses mathematical proof of inference quality to replace human validators in decentralized AI systems, eliminating the oracle problem through parallel cognitive architectures and zero-knowledge verification.",emerging_github,False,0.7,False,,Unlisted,1.0,False
1612148,Brightcove,Global provider of cloud-based video streaming technology and services for businesses.,emerging_github,False,0.1,False,,Unlisted,0.0,False
12514,Air Right Exchange of America (AREA),Simplifying zoning so Americans with air rights can transfer them to builders who will use them.,emerging_github,False,0.0,False,,Unlisted,0.0,False
1625925,Energipark Reiden Sa,"EU framework programme participant, SME (first AI project 2024). Project: EnerTEF",emerging_github,False,0.0,True,,Unlisted,0.0,True
1620519,Tf Health Corporation,SBIR/STTR awardee (first award 2014). Project: Mobile multifunctional tool for monitoring and management of respiratory diseases,emerging_github,False,0.0,False,,Unlisted,0.0,False
1613898,Taurhythm Therapies Limited,"TauRhythm Therapies is developing technology to support doctors to improve procedures for treatment of heart rhythm disorders, particularly atrial fibrillation, which affects 30 million people globally.",emerging_github,False,0.1,False,,Unlisted,0.0,False
1617584,Deltametrics,SBIR/STTR awardee (first award 2001). Project: Substance Abuse Treatment Planning & Placement Systems,emerging_github,False,0.0,False,,Unlisted,0.0,False
1618256,"Nephros, Inc.",SBIR/STTR awardee (first award 2003). Project: Improved Removal of Protein-Bound Toxins in Dialysis,emerging_github,False,0.0,False,,Unlisted,0.0,False
5397,Zelia,"Zelia is an AI-powered app that uses AI to predict users' wardrobes, curate event-specific outfits, and provide personalized shopping recommendations.",emerging_github,False,1.0,True,,Unlisted,1.0,False
1559868,Watch 3 AIs compete in real-time stock trading,"A live dashboard where you can watch GPT-4, Claude 3, and Gemini analyze market data and make daily stock trades with real money. Each AI explains its reasoning, and you can compare their different approaches to the same data. Link: https:&#x2F;&#x2F;trading.snagra.com?utm_source=hn (no signup required) What you can try right now: - Watch live trades from GPT-4, Claude 3, and Gemini - Read each AI&#x27;s full analysis and reasoning - Compare their different interpretations of the same market dat",emerging_github,False,0.7,False,,Unlisted,1.0,False
1622500,"Surgic, Llc",SBIR/STTR awardee (first award 2023). Project: SBIR Phase I:  Surgical training platform with customizable training scenarios enabled by 3D printing and artificial intelligence,emerging_github,False,0.0,True,,Unlisted,1.0,False
1582492,CBRE,"Hugging Face organization — 0 models, 22 followers Twitter: https://twitter.com/CBRE",emerging_github,False,0.7,True,,Unlisted,0.0,True
1622505,Agtec Innovations Inc,SBIR/STTR awardee (first award 2023). Project: SBIR Phase I:  Caged Urea as an Eco-friendly Nitrogen Fertilizer,emerging_github,False,0.0,False,,Unlisted,0.0,False
1623413,Vehicle Data Science Corporation,SBIR/STTR awardee (first award 2013). Project: SBIR Phase I:  Mapping Driver Behavior: Toward an Active Safety Knowledge Base,emerging_github,False,0.0,False,,Unlisted,0.0,True
1615728,Cargill-MacMillan Family Office,"Built on Cargill Inc., one of the world's largest private companies, the Cargill and MacMillan families manage roughly $45 billion. The office runs massive agricultural and commodities trading operations alongside private equity, energy, and financial services investments.",emerging_github,False,0.1,False,,Unlisted,0.0,False
1560451,"Three Emojis, a daily word puzzle for language learners","I&#x27;m in the process of learning German and wanted to play a German version of the NYT’s Spelling Bee. It was awful, I was very bad at it, it was not fun. So I built my own version of Spelling Bee meant for people like me. Three Emojis is a daily word game designed for language learners. You get seven letters and a list of blanked-out words to find. When you discover shorter words, they automatically fill into longer ones—like a crossword—which turns out to be really useful for languages like",emerging_github,False,0.0,False,,Unlisted,0.0,False
1620701,Angulus Corporation,SBIR/STTR awardee (first award 2016). Project: Utilizing Innovative Technology To Improve Compliance With Patient Elevation Guidelines – The Impact Of Angulus On Adherence To The Evidence-Based VAP-Prevention Bundle,emerging_github,False,0.0,False,,Unlisted,0.0,False
1619378,"Snowdon Pharmaceuticals, Inc.",SBIR/STTR awardee (first award 2008). Project: Targeted Aggregation Inhibitors for the Treatment of Amyloid Diseases,emerging_github,False,0.0,False,,Unlisted,0.0,False
12489,Zybra Finance,"Aggregator for real world assets (RWA) platforms that connects investors willing to lend with private credit institutions, creating liquid derivatives and bringing DeFi liquidity to RWA credit markets.",emerging_github,False,0.0,False,,Unlisted,0.0,False
1620201,"Nova Scientific, Inc.",SBIR/STTR awardee (first award 2012). Project: Next Generation Neutron Diffraction Detector for Neuroscience,emerging_github,False,0.0,False,,Unlisted,0.0,False
1578436,Augus1999,Open access repository for research outputs and datasets from EU-funded research and various scientific communities.,emerging_github,False,0.6,False,,Unlisted,0.0,False
1618351,"Insuractive, Inc.",SBIR/STTR awardee (first award 2003). Project: Web Media: Bringing Drug Exposure Research to Educators,emerging_github,False,0.0,False,,Unlisted,0.0,False
1617755,"Monogram Biosciences, Inc.",SBIR/STTR awardee (first award 2001). Project: A novel assay for measuring HIV-1 replication capacity,emerging_github,False,0.0,False,,Unlisted,0.0,False
1625411,Jot Internet Media Espana Sl,"EU framework programme participant, SME (first AI project 2022). Project: enRichMyData",emerging_github,False,0.0,True,True,Unlisted,1.0,False
1622446,"Roca Water, Inc.",SBIR/STTR awardee (first award 2024). Project: SBIR Phase II:  Addressing Freshwater Salinization and Freshwater Scarcity with a Chloride Selective Removal and Recovery System,emerging_github,False,0.0,False,,Unlisted,0.0,False
1617750,"Chemocentryx, Inc.",SBIR/STTR awardee (first award 2001). Project: A CMV vaccine with modified immuno-modulatory properties,emerging_github,False,0.0,False,,Unlisted,0.0,False
1576107,rasdaman,"Management and analytics of massive multidimensional arrays (""datacubes""). Repositories",emerging_github,False,0.4,False,,Unlisted,1.0,False
1622769,Donald Danforth Plant Science Center,SBIR/STTR awardee (first award 2020). Project: PFI-TT: Accelerated Detection of Successful Crop Production,emerging_github,False,0.0,False,,Unlisted,0.0,True
1623255,Knudra Diagnostics,SBIR/STTR awardee (first award 2012). Project: SBIR Phase II:  A Platform for Anthelmintic Drug Discovery using Genome-modified C. elegans,emerging_github,False,0.0,False,,Unlisted,0.0,False
1623521,Nextval Inc.,SBIR/STTR awardee (first award 2012). Project: SBIR Phase II:  Mass Spectrometry Imaging for High-Throughput Discovery of Enzyme Activity,emerging_github,False,0.0,False,,Unlisted,0.0,False
1625372,Toscana Life Sciences Sviluppo,"EU framework programme participant, SME (first AI project 2023). Project: PepMach",emerging_github,False,0.0,True,,Unlisted,0.0,True
5729,Praktice AI,AI driven speech bots for hospitals to automate 70% of the daily transactions within the hospital and engage patients 10x better.,emerging_github,False,1.0,True,,Unlisted,1.0,False
1622344,"Yeboah, Amy",SBIR/STTR awardee (first award 2025). Project: SBIR Phase I:  World of Hello: Using artificial intelligence (AI) for an interactive language-learning process designed for young children,emerging_github,False,0.0,True,True,Unlisted,1.0,False
1615856,site15,Fullstack engineer providing backend and frontend development services from concept to stable production,emerging_github,False,0.5,False,,Unlisted,0.0,False
1623326,FemtoScale Inc.,SBIR/STTR awardee (first award 2012). Project: SBIR Phase II:  Development of Particulate Mass and Count Monitoring Instruments Using Micro-Electro-Mechanical Resonant Balances,emerging_github,False,0.0,False,,Unlisted,0.0,False
1617369,"Neuroscript, Llc",SBIR/STTR awardee (first award 2000). Project: ANALYSIS SYSTEM FOR FINE MOTOR CONTROL,emerging_github,False,0.0,False,,Unlisted,0.0,False
1623018,"Perceptive Automata, Inc.",SBIR/STTR awardee (first award 2016). Project: SBIR Phase II:  Human agent prediction for autonomous vehicles,emerging_github,False,0.0,True,True,Unlisted,1.0,False
1619167,New Millennium Psychological Services,SBIR/STTR awardee (first award 2006). Project: African American Men's Health Compliance and Maintenance,emerging_github,False,0.0,False,,Unlisted,0.0,False
1619477,"Laamscience, Inc.",SBIR/STTR awardee (first award 2008). Project: Durable Visible Light-activated Antiviral Coatings for Fabrics Used for Personal ,emerging_github,False,0.0,False,,Unlisted,0.0,False
1622796,University of California-Los Angeles,SBIR/STTR awardee (first award 2014). Project: I-Corps:  Chip-scale laser ranging module for precision autonomous navigation and vehicular safety,emerging_github,False,0.0,True,,Unlisted,0.0,False
1622648,SUNY at Binghamton,SBIR/STTR awardee (first award 2018). Project: I-Corps: Repurposing Serotoninergic Compounds for Improved Treatment of Parkinson's Disease,emerging_github,False,0.0,False,,Unlisted,0.0,False
1617616,"Mycos Research, Llc",SBIR/STTR awardee (first award 2001). Project: GROWTH ACTIVATING FACTOR FOR MYCOBACTERIUM TUBERCULOSIS,emerging_github,False,0.0,False,,Unlisted,0.0,False
1611646,Zowie,"Zowie’s AI-powered ecommerce customer service suite offers everything you need to deliver fast, personalized, and effective experiences.",emerging_github,False,0.7,True,,Unlisted,1.0,False
1621236,"Alterna Therapeutics, Inc.",SBIR/STTR awardee (first award 2019). Project: Novel and potent SHIP1 inhibitors for improving hematologic recovery following myelosuppressive therapies,emerging_github,False,0.0,False,,Unlisted,0.0,False
7762,YourDiamonds,Enabling the diamond industry to solve old-world problems through digital technologies and web3.,emerging_github,False,0.0,False,,Unlisted,0.0,False
1618153,"Emt Associates, Inc.",SBIR/STTR awardee (first award 2002). Project: Web-Based Alcohol and Other Drug Prevention Training,emerging_github,False,0.0,False,,Unlisted,0.0,False
1627222,"Mzeal Communications, Inc.","SBIR/STTR awardee, Department of Defense (first award 2005). Project: Durga - Autonomous Satellite Ground Operations",emerging_github,False,0.0,True,,Unlisted,0.0,True
1623686,MOXtronics Inc.,SBIR/STTR awardee (first award 2009). Project: SBIR Phase I:  Development of High-Power Green LED,emerging_github,False,0.0,False,,Unlisted,0.0,False
1619155,Phosphortech,SBIR/STTR awardee (first award 2006). Project: Development of ZnTe Powder Phosphor for Protein Crystallographic X-ray Detectors,emerging_github,False,0.0,False,,Unlisted,0.0,False
1623087,American Institute of Chemical Engineers,SBIR/STTR awardee (first award 2016). Project: Bay Area Biotechnology Topical Conference at the 2016 AIChE Annual Meeting,emerging_github,False,0.0,False,,Unlisted,0.0,False
1627136,Orobotix Inc.,"SBIR/STTR awardee, National Science Foundation (first award 2021). Project: SBIR Phase I: Autonomous and permanently deployed ship hull inspection and cleaning vehicle",emerging_github,False,0.0,True,True,Unlisted,0.0,True
1564013,hplt-project,A space that combines petabytes of natural language data with large-scale model training,emerging_github,False,0.2,False,,Unlisted,1.0,False
1590119,Miikana,clinical-stage biopharmaceutical company developing small molecule therapeutics for cancer,emerging_github,False,0.1,False,,Unlisted,0.0,False
1620888,"Everglades Biopharma, Llc",SBIR/STTR awardee (first award 2017). Project: Developing a novel therapy for diabetic retinopathy,emerging_github,False,0.0,False,,Unlisted,0.0,False
1617849,"Cytovia, Inc.",SBIR/STTR awardee (first award 2001). Project: CASPASE INHIBITORS FOR TREATMENT OF ORAL MUCOSITIS,emerging_github,False,0.0,False,,Unlisted,0.0,False
1621141,"Naturemiri, Llc",SBIR/STTR awardee (first award 2018). Project: New Biotechnology using MicroRNA Inhibitors to Regenerate Alveolar Bone,emerging_github,False,0.0,False,,Unlisted,0.0,False
1620033,"Immuno-Mycologics, Inc.",SBIR/STTR awardee (first award 2011). Project: Point-of-care immunoassay for diagnosis of histoplasmosis in HIV/AIDS,emerging_github,False,0.0,False,,Unlisted,0.0,False
1560204,The Roman Industrial Revolution that could have been,"This is a proof-of-concept comic book that asks: What if knowledge from 2025 reached Rome and kicked off an industrial revolution? The story follows two voices: - Ulysses, a present-day archaeologist who finds a glowing slate in the dig site. - Marcus, an educated household slave in 79 AD who replies on that slate. Why I’m posting: I’d love narrative feedback. – Does the story make sense? – Are Ulysses and Marcus believable? – Which directions would you explore next (politics, tech, moral fallou",emerging_github,False,0.0,False,,Unlisted,0.0,False
1567668,North-Shore-AI,"Open-source ML reliability research ecosystem built on Elixir/BEAM for production-grade, fault-tolerant distributed AI systems.",emerging_github,False,0.30000000000000004,True,True,Unlisted,1.0,False
1617832,"Xoran X-Ray, Llc",SBIR/STTR awardee (first award 2001). Project: DentoCAT: Dentomaxillofacial CT scanner,emerging_github,False,0.0,False,,Unlisted,0.0,False
1620146,"Sarmont, Llc",SBIR/STTR awardee (first award 2011). Project: Controlled Release of Topical Nitric Oxide for Treating Cutaneous Injuries,emerging_github,False,0.0,False,,Unlisted,0.0,False
1617608,"Health Protection Research, Inc.",SBIR/STTR awardee (first award 2001). Project: DEVELOPMENT OF IMMUNO-PCR NEURODIAGNOSTIC KITS,emerging_github,False,0.0,False,,Unlisted,0.0,False
22173,SolidRusT Networks,"Hugging Face organization — 510 models, 40 followers Twitter: https://twitter.com/solidrust420",emerging_github,False,0.7,True,,Unlisted,1.0,False
1616669,"Lifesensors, Inc.",SBIR/STTR awardee (first award 2000). Project: LIVESENSORS FOR MOLECULAR PROFILING IN PROSTATE CANCER,emerging_github,False,0.0,True,,Unlisted,0.0,False
1568810,matomo-org,"Matomo is hiring 🚀 Matomo.org/jobs MISSION: « To create, as a community, the leading open analytics platform that gives every user full control of their data »",emerging_github,False,0.0,False,,Unlisted,0.0,False
1576970,Bodaty,"AICtrlNet is an open-core platform that serves as a governance and coordination layer above the AI stack, enabling AI tools, teams, and systems to work together safely across multiple models and frameworks.",emerging_github,False,0.5,False,,Unlisted,1.0,False
1617100,"Demographic Data/Decision Making, Inc.",SBIR/STTR awardee (first award 2000). Project: A HOUSING UNIT APPROACH TO LOCAL POPULATION ESTIMATION,emerging_github,False,0.0,False,,Unlisted,0.0,False
1616656,Idenix Pharmaceuticals,SBIR/STTR awardee (first award 2000). Project: NOVEL L-NUCLEOSIDE COMBINATION ANTI-HBV THERAPY,emerging_github,False,0.0,False,,Unlisted,0.0,False
1622938,University of Louisville Research Foundation Inc,SBIR/STTR awardee (first award 2015). Project: I-Corps Sites: Type II - University of Louisville I-Corps Site,emerging_github,False,0.0,False,,Unlisted,0.0,False
1627099,"Sticker Control (Us), Inc.","SBIR/STTR awardee, Department of Defense (first award 2021). Project: Process Automation and Asset Management Solution",emerging_github,False,0.0,True,,Unlisted,0.0,False
1560095,I made a free tool that analyzes SEC filings and posts detailed reports,"(* within a few minutes of SEC filing) Currently does it for 1000+ US companies and specifically earnings related filings. By US companies, I mean the ones that are obliged to file SEC filings. This was the result of almost a year long effort and hundreds of prototypes :) It currently auto-publishes for 1000 ish US companies by market cap, relies on 8-K filing as a trigger. e.g. https:&#x2F;&#x2F;www.signalbloom.ai&#x2F;news&#x2F;NVDA will take you to NVDA earnings Would be grateful to get some ",emerging_github,False,0.7,False,,Unlisted,1.0,False
1618156,"Molecular Diagnostics Laboratories, Inc.",SBIR/STTR awardee (first award 2002). Project: Targeted Delivery of Estrogen in Menopause,emerging_github,False,0.0,False,,Unlisted,0.0,False
1612200,Runway Gen-3,"Generative AI company building AI-powered tools for video, image, and multimedia content creation.",emerging_github,False,0.7,True,,Unlisted,1.0,False
1612590,Dianthus Therapeutics,"biotechnology company dedicated to designing and delivering novel, best-in-class monoclonal antibodies with improved selectivity and potency over existing complement therapies for the treatment of severe and rare autoimmune diseases",emerging_github,False,0.1,False,,Unlisted,0.0,False
11737,Further,Further is a platform that enables retail investors to access venture capital funds and be a part of the fast-growing startups that they invest in.,emerging_github,False,0.0,False,,Unlisted,0.0,False
1584659,dreadnode,"Hugging Face organization — 0 models, 14 followers Twitter: https://twitter.com/dreadnode",emerging_github,False,0.7,True,,Unlisted,0.0,True
1625742,Neuroelectrics Barcelona Sl,"EU framework programme participant, SME (first AI project 2023). Project: PREDICTOM",emerging_github,False,0.0,True,True,Unlisted,1.0,True
13006,Prisere LLC,Developing technology to help the reinsurance sector address underwriting the risks of a changing climate.,emerging_github,False,0.0,False,,Unlisted,0.0,False
14618,Claudius Legal Intelligence,"Claudius Legal Intelligence uses artificial intelligence—natural language processing and machine learning—and predictive analytics to process new cases, identify the key legal issues, and produce a data-backed valuation as to what a given case is worth. The result is improved intake processes (knowing which cases to take on), increased intake efficiency (requiring less attorney time), and better decision making (maximizing settlements). Founded by Princeton PhD students, Claudius Legal Intelligence represents a significant advance in creating legal technology that yields actual and measurable results: greater efficiency and increased revenue. It just doesn’t make sense to practice law without it.",emerging_github,False,1.0,True,,Unlisted,1.0,False
1626050,Ascalia D.O.O. Za Informaticke Usluge,"EU framework programme participant, SME (first AI project 2025). Project: NextAIRE",emerging_github,False,0.0,True,,Unlisted,0.0,True
1560321,Wordle-style game for Fermi questions,"Some months ago @andrewrn tried to create a Wordle-style site for order-of-magnitude thinking. This was a wonderful idea, but the actual site was somewhat over-engineered and confusing. ( https:&#x2F;&#x2F;news.ycombinator.com&#x2F;item?id=43632278 ) In the past week, I looked at this idea again and built a very simple site which gives you a new Fermi estimation question every day: How many new cars were sold in the US in 2024?; How many humans have ever lived (including those currently alive)?;",emerging_github,False,0.0,False,,Unlisted,0.0,False
1621641,Apex Orthopaedic Technologies Llc,SBIR/STTR awardee (first award 2022). Project: R-FIX (Rib-FIXation System) for Severe Progressive Spinal Deformity,emerging_github,False,0.0,False,,Unlisted,0.0,False
1617463,Cytyc Corporation,SBIR/STTR awardee (first award 2000). Project: A VCSEL BASED AUTOFOCUS SYSTEM FOR MICROSCOPY,emerging_github,False,0.0,False,,Unlisted,0.0,False
5385,Family+Happy,"We revolutionize parents' quality of life by solving their top problems from one platform. We built a unique certification protocol to maximize service trust, quality and velocity.",emerging_github,False,1.0,False,,Unlisted,0.0,False
1622308,"3Vo Medical, Inc",SBIR/STTR awardee (first award 2025). Project: SBIR Phase I: Feasibility of a Novel Minimally Invasive Labor Augmentation System for Stage I Labor,emerging_github,False,0.0,False,,Unlisted,0.0,False
1618653,Motion Analysis Corporation,SBIR/STTR awardee (first award 2004). Project: Analysis of the Sensory Motion of MicroOrganisms,emerging_github,False,0.0,False,,Unlisted,0.0,False
